[UnityMemory] Configuration Parameters - Can be set up in boot.config
    "memorysetup-bucket-allocator-granularity=16"
    "memorysetup-bucket-allocator-bucket-count=8"
    "memorysetup-bucket-allocator-block-size=4194304"
    "memorysetup-bucket-allocator-block-count=1"
    "memorysetup-main-allocator-block-size=16777216"
    "memorysetup-thread-allocator-block-size=16777216"
    "memorysetup-gfx-main-allocator-block-size=16777216"
    "memorysetup-gfx-thread-allocator-block-size=16777216"
    "memorysetup-cache-allocator-block-size=4194304"
    "memorysetup-typetree-allocator-block-size=2097152"
    "memorysetup-profiler-bucket-allocator-granularity=16"
    "memorysetup-profiler-bucket-allocator-bucket-count=8"
    "memorysetup-profiler-bucket-allocator-block-size=4194304"
    "memorysetup-profiler-bucket-allocator-block-count=1"
    "memorysetup-profiler-allocator-block-size=16777216"
    "memorysetup-profiler-editor-allocator-block-size=1048576"
    "memorysetup-temp-allocator-size-main=4194304"
    "memorysetup-job-temp-allocator-block-size=2097152"
    "memorysetup-job-temp-allocator-block-size-background=1048576"
    "memorysetup-job-temp-allocator-reduction-small-platforms=262144"
    "memorysetup-allocator-temp-initial-block-size-main=262144"
    "memorysetup-allocator-temp-initial-block-size-worker=262144"
    "memorysetup-temp-allocator-size-background-worker=32768"
    "memorysetup-temp-allocator-size-job-worker=262144"
    "memorysetup-temp-allocator-size-preload-manager=262144"
    "memorysetup-temp-allocator-size-nav-mesh-worker=65536"
    "memorysetup-temp-allocator-size-audio-worker=65536"
    "memorysetup-temp-allocator-size-cloud-worker=32768"
    "memorysetup-temp-allocator-size-gfx=262144"
Mono path[0] = '/home/sdtdserver/serverfiles/7DaysToDieServer_Data/Managed'
Mono config path = '/home/sdtdserver/serverfiles/7DaysToDieServer_Data/MonoBleedingEdge/etc'
Shutdown handler: initialize.
Preloaded 'libEOSSDK-Linux-Shipping.so'
Preloaded 'libMagick.so'
Preloaded 'lib_burst_generated.so'
Preloaded 'libgetrss.so'
Preloaded 'libsteam_api.so'
Preloaded 'steamclient.so'
Unable to preload the following plugins:
	libMouseLib.so
[PhysX] Initialized MultithreadedTaskDispatcher with 20 workers.
Loading player data from /home/sdtdserver/serverfiles/7DaysToDieServer_Data/data.unity3d
Initialize engine version: 2022.3.50f1 (c3db7f8bf9b1)
[Subsystems] Discovering subsystems at path /home/sdtdserver/serverfiles/7DaysToDieServer_Data/UnitySubsystems
Forcing GfxDevice: Null
GfxDevice: creating device client; threaded=0; jobified=0
NullGfxDevice:
    Version:  NULL 1.0 [1.0]
    Renderer: Null Device
    Vendor:   Unity Technologies
Begin MonoManager ReloadAssembly
- Loaded All Assemblies, in  0.133 seconds
- Finished resetting the current domain, in  0.001 seconds
ERROR: Shader Hidden/LandClaimBoundary shader is not supported on this GPU (none of subshaders/fallbacks are suitable)
ERROR: Shader Sprites/Default shader is not supported on this GPU (none of subshaders/fallbacks are suitable)
ERROR: Shader Sprites/Mask shader is not supported on this GPU (none of subshaders/fallbacks are suitable)
ERROR: Shader Legacy Shaders/VertexLit shader is not supported on this GPU (none of subshaders/fallbacks are suitable)
WARNING: Shader Unsupported: 'Legacy Shaders/Diffuse' - All subshaders removed
WARNING: Shader Did you use #pragma only_renderers and omit this platform?
WARNING: Shader If subshaders removal was intentional, you may have forgotten turning Fallback off?
ERROR: Shader Legacy Shaders/Diffuse shader is not supported on this GPU (none of subshaders/fallbacks are suitable)
WARNING: Shader Unsupported: 'Legacy Shaders/Diffuse' - All subshaders removed
WARNING: Shader Did you use #pragma only_renderers and omit this platform?
WARNING: Shader If subshaders removal was intentional, you may have forgotten turning Fallback off?
WARNING: Shader Unsupported: '7DTD/Cube_UI_Glow' - All subshaders removed
WARNING: Shader Did you use #pragma only_renderers and omit this platform?
WARNING: Shader If subshaders removal was intentional, you may have forgotten turning Fallback off?
ERROR: Shader 7DTD/Cube_UI_Glow shader is not supported on this GPU (none of subshaders/fallbacks are suitable)
WARNING: Shader Unsupported: '7DTD/Cube_UI_Glow' - All subshaders removed
WARNING: Shader Did you use #pragma only_renderers and omit this platform?
WARNING: Shader If subshaders removal was intentional, you may have forgotten turning Fallback off?
WARNING: Shader Unsupported: '7DTD/Cube_UI_Frame' - All subshaders removed
WARNING: Shader Did you use #pragma only_renderers and omit this platform?
WARNING: Shader If subshaders removal was intentional, you may have forgotten turning Fallback off?
ERROR: Shader 7DTD/Cube_UI_Frame shader is not supported on this GPU (none of subshaders/fallbacks are suitable)
WARNING: Shader Unsupported: '7DTD/Cube_UI_Frame' - All subshaders removed
WARNING: Shader Did you use #pragma only_renderers and omit this platform?
WARNING: Shader If subshaders removal was intentional, you may have forgotten turning Fallback off?
ERROR: Shader Unlit/Transparent Colored shader is not supported on this GPU (none of subshaders/fallbacks are suitable)
ERROR: Shader GUI/Text Shader shader is not supported on this GPU (none of subshaders/fallbacks are suitable)
[PhysX] Initialized MultithreadedTaskDispatcher with 20 workers.
UnloadTime: 1.328267 ms
2025-12-28T01:55:16 0.001 ERR [GameEntrypoint] Blocking initialization in Awake!
2025-12-28T01:55:16 0.045 INF Version: V 1.3 (b9) Compatibility Version: V 1.3, Build: LinuxServer 64 Bit
2025-12-28T01:55:16 0.060 INF System information:
2025-12-28T01:55:16 0.061 INF    OS: Linux 6.14 Ubuntu 24.04 64bit
2025-12-28T01:55:16 0.061 INF    CPU: 12th Gen Intel(R) Core(TM) i7-12700K (cores: 20)
2025-12-28T01:55:16 0.061 INF    RAM: 64056 MB
2025-12-28T01:55:16 0.062 INF    GPU: Null Device (128 MB)
2025-12-28T01:55:16 0.064 INF    Graphics API: NULL 1.0 [1.0] (shader level 3.0)
2025-12-28T01:55:16 0.066 INF Local UTC offset: 1 hours
2025-12-28T01:55:16 0.093 INF Command line arguments: ./7DaysToDieServer.x86_64 -quit -batchmode -nographics -dedicated -configfile=/home/sdtdserver/serverfiles/sdtdserver.xml
2025-12-28T01:55:16 0.103 INF Parsing server configfile: /home/sdtdserver/serverfiles/sdtdserver.xml
2025-12-28T01:55:16 0.134 INF Parsing server configfile successfully completed
2025-12-28T01:55:16 0.135 INF UserDataFolder: /home/sdtdserver/.local/share/7DaysToDie
2025-12-28T01:55:16 0.137 INF [Platform] Init
2025-12-28T01:55:16 0.183 INF [Platform] Using native platform: Steam
2025-12-28T01:55:16 0.184 INF [Platform] Using cross platform: EOS
2025-12-28T01:55:16 0.184 INF [Platform] Using server platform: Steam
2025-12-28T01:55:16 0.184 INF [Platform] Using server platform: XBL
2025-12-28T01:55:16 0.184 INF [Platform] Using server platform: PSN
2025-12-28T01:55:16 0.188 INF Starting PlayerInputManager...
2025-12-28T01:55:16 0.189 INF InControl (version 1.8.9 build 9376, native module = False, XInput = False)
2025-12-28T01:55:16 0.193 INF InControl (version 1.8.9 build 9376)
2025-12-28T01:55:16 0.311 INF UnityInputDeviceManager enabled.
2025-12-28T01:55:16 0.330 INF [Platform] Initializing Steam
2025-12-28T01:55:16 0.338 INF [Platform] Initializing EOS
2025-12-28T01:55:16 0.363 INF [EOS] Initialize: Success
2025-12-28T01:55:16 0.393 INF [Platform] Initializing XBL
2025-12-28T01:55:16 0.393 INF [Platform] Initializing PSN
2025-12-28T01:55:16 0.394 INF [SaveDataUtils] InitStatic Begin
2025-12-28T01:55:16 0.396 INF [SaveDataUtils] SdPlayerPrefs -> Unity
2025-12-28T01:55:16 0.396 INF [SaveDataUtils] InitStatic Complete
2025-12-28T01:55:16 0.397 INF Last played version: V 1.3
2025-12-28T01:55:16 0.399 INF Starting dedicated server level=RWG game name=ChickenNoodleSoup
2025-12-28T01:55:16 0.399 INF Maximum allowed players: 8
2025-12-28T01:55:16 0.400 INF Game mode: GameModeSurvival
2025-12-28T01:55:16 0.400 INF Crossplay: True
2025-12-28T01:55:16 0.647 INF Localization language from prefs: english
2025-12-28T01:55:16 0.657 INF Awake IsFocused: True
2025-12-28T01:55:16 0.657 INF Awake
2025-12-28T01:55:17 0.831 INF Dedicated server only build
ERROR: Shader Occlusion/DepthCopy shader is not supported on this GPU (none of subshaders/fallbacks are suitable)
WARNING: Shader Unsupported: 'Standard' - All subshaders removed
WARNING: Shader Did you use #pragma only_renderers and omit this platform?
WARNING: Shader If subshaders removal was intentional, you may have forgotten turning Fallback off?
ERROR: Shader Standard shader is not supported on this GPU (none of subshaders/fallbacks are suitable)
WARNING: Shader Unsupported: 'Standard' - All subshaders removed
WARNING: Shader Did you use #pragma only_renderers and omit this platform?
WARNING: Shader If subshaders removal was intentional, you may have forgotten turning Fallback off?
2025-12-28T01:55:17 0.862 INF Occlusion: Awake
2025-12-28T01:55:17 0.864 INF Texture quality is set to 3
ERROR: Shader Legacy Shaders/VertexLit shader is not supported on this GPU (none of subshaders/fallbacks are suitable)
WARNING: Shader Unsupported: 'Legacy Shaders/Diffuse' - All subshaders removed
WARNING: Shader Did you use #pragma only_renderers and omit this platform?
WARNING: Shader If subshaders removal was intentional, you may have forgotten turning Fallback off?
ERROR: Shader Legacy Shaders/Diffuse shader is not supported on this GPU (none of subshaders/fallbacks are suitable)
WARNING: Shader Unsupported: 'Legacy Shaders/Diffuse' - All subshaders removed
WARNING: Shader Did you use #pragma only_renderers and omit this platform?
WARNING: Shader If subshaders removal was intentional, you may have forgotten turning Fallback off?
WARNING: Shader Unsupported: 'Game/Entity Tint Mask' - All subshaders removed
WARNING: Shader Did you use #pragma only_renderers and omit this platform?
WARNING: Shader If subshaders removal was intentional, you may have forgotten turning Fallback off?
ERROR: Shader Game/Entity Tint Mask shader is not supported on this GPU (none of subshaders/fallbacks are suitable)
WARNING: Shader Unsupported: 'Game/Entity Tint Mask' - All subshaders removed
WARNING: Shader Did you use #pragma only_renderers and omit this platform?
WARNING: Shader If subshaders removal was intentional, you may have forgotten turning Fallback off?
2025-12-28T01:55:17 0.943 INF [MODS] Start loading from: '/home/sdtdserver/serverfiles/7DaysToDieServer_Data/../Mods'
2025-12-28T01:55:17 0.948 INF [MODS]   Trying to load from folder: '0_TFP_Harmony'
2025-12-28T01:55:17 0.960 INF [MODS]     Loaded Mod: TFP_Harmony (1.1.0.4)
2025-12-28T01:55:17 0.960 INF [MODS]   Trying to load from folder: 'TFP_CommandExtensions'
2025-12-28T01:55:17 0.962 INF [MODS]     Loaded Mod: TFP_CommandExtensions (1.1.0.1)
2025-12-28T01:55:17 0.962 INF [MODS]   Trying to load from folder: 'TFP_MapRendering'
2025-12-28T01:55:17 0.962 INF [MODS]     Loaded Mod: TFP_MapRendering (1.1.0.0)
2025-12-28T01:55:17 0.962 INF [MODS]   Trying to load from folder: 'TFP_WebServer'
2025-12-28T01:55:17 0.965 INF [MODS]     Loaded Mod: TFP_WebServer (1.1.0.4)
2025-12-28T01:55:17 0.965 INF [MODS]   Trying to load from folder: 'Xample_MarkersMod'
2025-12-28T01:55:17 0.966 INF [MODS]     Loaded Mod: TFP_MarkersExample (1.1.0.0)
2025-12-28T01:55:17 0.966 INF [MODS] Initializing mod code
2025-12-28T01:55:17 0.966 INF [MODS]   Initializing mod TFP_Harmony
2025-12-28T01:55:17 0.981 INF [MODS]     Found ModAPI in TfpHarmony.dll, creating instance
2025-12-28T01:55:17 0.982 INF [MODS]       [Harmony] Init done
Fallback handler could not load library /home/sdtdserver/serverfiles/7DaysToDieServer_Data/MonoBleedingEdge/x86_64/data-0x60e9fdce0280.so
2025-12-28T01:55:17 1.290 INF [MODS]     Initialized code in mod 'TFP_Harmony' from DLL 'TfpHarmony.dll'
2025-12-28T01:55:17 1.290 INF [MODS]   Initializing mod TFP_CommandExtensions
2025-12-28T01:55:17 1.290 INF [MODS]     Found ModAPI in CommandExtensions.dll, creating instance
2025-12-28T01:55:17 1.291 INF [MODS]     Initialized code in mod 'TFP_CommandExtensions' from DLL 'CommandExtensions.dll'
2025-12-28T01:55:17 1.291 INF [MODS]   Initializing mod TFP_MapRendering
2025-12-28T01:55:17 1.291 INF [MODS]     Found ModAPI in MapRendering.dll, creating instance
2025-12-28T01:55:17 1.292 INF [MODS]     Initialized code in mod 'TFP_MapRendering' from DLL 'MapRendering.dll'
2025-12-28T01:55:17 1.292 INF [MODS]   Initializing mod TFP_WebServer
2025-12-28T01:55:17 1.293 INF [MODS]     Found ModAPI in WebServer.dll, creating instance
2025-12-28T01:55:17 1.304 INF [MODS]     Initialized code in mod 'TFP_WebServer' from DLL 'WebServer.dll'
2025-12-28T01:55:17 1.305 INF [MODS]   Initializing mod TFP_MarkersExample
2025-12-28T01:55:17 1.305 INF [MODS]     Found ModAPI in MarkersMod.dll, creating instance
2025-12-28T01:55:17 1.305 INF [MODS]     Initialized code in mod 'TFP_MarkersExample' from DLL 'MarkersMod.dll'
2025-12-28T01:55:17 1.305 INF [MODS] Loading done
2025-12-28T01:55:17 1.324 INF Loading permissions file at '/home/sdtdserver/.local/share/7DaysToDie/Saves/serveradmin.xml'
2025-12-28T01:55:17 1.341 INF Loading permissions file done.
WARNING: Shader Unsupported: 'Game Particles/partPyro_template_lit_B' - All subshaders removed
WARNING: Shader Did you use #pragma only_renderers and omit this platform?
WARNING: Shader If subshaders removal was intentional, you may have forgotten turning Fallback off?
ERROR: Shader Game Particles/partPyro_template_lit_B shader is not supported on this GPU (none of subshaders/fallbacks are suitable)
WARNING: Shader Unsupported: 'Game Particles/partPyro_template_lit_B' - All subshaders removed
WARNING: Shader Did you use #pragma only_renderers and omit this platform?
WARNING: Shader If subshaders removal was intentional, you may have forgotten turning Fallback off?
ERROR: Shader Legacy Shaders/Particles/Additive shader is not supported on this GPU (none of subshaders/fallbacks are suitable)
WARNING: Shader Unsupported: 'Game Particles/partPyro_fireShader_A' - All subshaders removed
WARNING: Shader Did you use #pragma only_renderers and omit this platform?
WARNING: Shader If subshaders removal was intentional, you may have forgotten turning Fallback off?
ERROR: Shader Game Particles/partPyro_fireShader_A shader is not supported on this GPU (none of subshaders/fallbacks are suitable)
WARNING: Shader Unsupported: 'Game Particles/partPyro_fireShader_A' - All subshaders removed
WARNING: Shader Did you use #pragma only_renderers and omit this platform?
WARNING: Shader If subshaders removal was intentional, you may have forgotten turning Fallback off?
WARNING: Shader Unsupported: 'Standard' - All subshaders removed
WARNING: Shader Did you use #pragma only_renderers and omit this platform?
WARNING: Shader If subshaders removal was intentional, you may have forgotten turning Fallback off?
ERROR: Shader Standard shader is not supported on this GPU (none of subshaders/fallbacks are suitable)
WARNING: Shader Unsupported: 'Standard' - All subshaders removed
WARNING: Shader Did you use #pragma only_renderers and omit this platform?
WARNING: Shader If subshaders removal was intentional, you may have forgotten turning Fallback off?
WARNING: Shader Unsupported: 'Game Particles/bloodShader_T' - All subshaders removed
WARNING: Shader Did you use #pragma only_renderers and omit this platform?
WARNING: Shader If subshaders removal was intentional, you may have forgotten turning Fallback off?
ERROR: Shader Game Particles/bloodShader_T shader is not supported on this GPU (none of subshaders/fallbacks are suitable)
WARNING: Shader Unsupported: 'Game Particles/bloodShader_T' - All subshaders removed
WARNING: Shader Did you use #pragma only_renderers and omit this platform?
WARNING: Shader If subshaders removal was intentional, you may have forgotten turning Fallback off?
WARNING: Shader Unsupported: 'Game Particles/bloodShader_O' - All subshaders removed
WARNING: Shader Did you use #pragma only_renderers and omit this platform?
WARNING: Shader If subshaders removal was intentional, you may have forgotten turning Fallback off?
ERROR: Shader Game Particles/bloodShader_O shader is not supported on this GPU (none of subshaders/fallbacks are suitable)
WARNING: Shader Unsupported: 'Game Particles/bloodShader_O' - All subshaders removed
WARNING: Shader Did you use #pragma only_renderers and omit this platform?
WARNING: Shader If subshaders removal was intentional, you may have forgotten turning Fallback off?
ERROR: Shader Game Particles/bloodShader_U shader is not supported on this GPU (none of subshaders/fallbacks are suitable)
WARNING: Shader Unsupported: 'Game Particles/bloodShader_spec_T' - All subshaders removed
WARNING: Shader Did you use #pragma only_renderers and omit this platform?
WARNING: Shader If subshaders removal was intentional, you may have forgotten turning Fallback off?
ERROR: Shader Game Particles/bloodShader_spec_T shader is not supported on this GPU (none of subshaders/fallbacks are suitable)
WARNING: Shader Unsupported: 'Game Particles/bloodShader_spec_T' - All subshaders removed
WARNING: Shader Did you use #pragma only_renderers and omit this platform?
WARNING: Shader If subshaders removal was intentional, you may have forgotten turning Fallback off?
WARNING: Shader Unsupported: 'Particles/Standard Surface' - All subshaders removed
WARNING: Shader Did you use #pragma only_renderers and omit this platform?
WARNING: Shader If subshaders removal was intentional, you may have forgotten turning Fallback off?
ERROR: Shader Particles/Standard Surface shader is not supported on this GPU (none of subshaders/fallbacks are suitable)
WARNING: Shader Unsupported: 'Particles/Standard Surface' - All subshaders removed
WARNING: Shader Did you use #pragma only_renderers and omit this platform?
WARNING: Shader If subshaders removal was intentional, you may have forgotten turning Fallback off?
WARNING: Shader Unsupported: 'Autodesk Interactive' - All subshaders removed
WARNING: Shader Did you use #pragma only_renderers and omit this platform?
WARNING: Shader If subshaders removal was intentional, you may have forgotten turning Fallback off?
ERROR: Shader Autodesk Interactive shader is not supported on this GPU (none of subshaders/fallbacks are suitable)
WARNING: Shader Unsupported: 'Autodesk Interactive' - All subshaders removed
WARNING: Shader Did you use #pragma only_renderers and omit this platform?
WARNING: Shader If subshaders removal was intentional, you may have forgotten turning Fallback off?
WARNING: Shader Unsupported: 'Game/Autodesk XFade' - All subshaders removed
WARNING: Shader Did you use #pragma only_renderers and omit this platform?
WARNING: Shader If subshaders removal was intentional, you may have forgotten turning Fallback off?
ERROR: Shader Game/Autodesk XFade shader is not supported on this GPU (none of subshaders/fallbacks are suitable)
WARNING: Shader Unsupported: 'Game/Autodesk XFade' - All subshaders removed
WARNING: Shader Did you use #pragma only_renderers and omit this platform?
WARNING: Shader If subshaders removal was intentional, you may have forgotten turning Fallback off?
WARNING: Shader Unsupported: '7DTD/7DTD_Glass' - All subshaders removed
WARNING: Shader Did you use #pragma only_renderers and omit this platform?
WARNING: Shader If subshaders removal was intentional, you may have forgotten turning Fallback off?
ERROR: Shader 7DTD/7DTD_Glass shader is not supported on this GPU (none of subshaders/fallbacks are suitable)
WARNING: Shader Unsupported: '7DTD/7DTD_Glass' - All subshaders removed
WARNING: Shader Did you use #pragma only_renderers and omit this platform?
WARNING: Shader If subshaders removal was intentional, you may have forgotten turning Fallback off?
WARNING: Shader Unsupported: '7DTD/7DTD_Fire' - All subshaders removed
WARNING: Shader Did you use #pragma only_renderers and omit this platform?
WARNING: Shader If subshaders removal was intentional, you may have forgotten turning Fallback off?
ERROR: Shader 7DTD/7DTD_Fire shader is not supported on this GPU (none of subshaders/fallbacks are suitable)
WARNING: Shader Unsupported: '7DTD/7DTD_Fire' - All subshaders removed
WARNING: Shader Did you use #pragma only_renderers and omit this platform?
WARNING: Shader If subshaders removal was intentional, you may have forgotten turning Fallback off?
WARNING: Shader Unsupported: 'Game Particles/partPyro_template_lit_C' - All subshaders removed
WARNING: Shader Did you use #pragma only_renderers and omit this platform?
WARNING: Shader If subshaders removal was intentional, you may have forgotten turning Fallback off?
ERROR: Shader Game Particles/partPyro_template_lit_C shader is not supported on this GPU (none of subshaders/fallbacks are suitable)
WARNING: Shader Unsupported: 'Game Particles/partPyro_template_lit_C' - All subshaders removed
WARNING: Shader Did you use #pragma only_renderers and omit this platform?
WARNING: Shader If subshaders removal was intentional, you may have forgotten turning Fallback off?
WARNING: Shader Unsupported: 'Particles/Standard Unlit' - All subshaders removed
WARNING: Shader Did you use #pragma only_renderers and omit this platform?
WARNING: Shader If subshaders removal was intentional, you may have forgotten turning Fallback off?
ERROR: Shader Particles/Standard Unlit shader is not supported on this GPU (none of subshaders/fallbacks are suitable)
WARNING: Shader Unsupported: 'Particles/Standard Unlit' - All subshaders removed
WARNING: Shader Did you use #pragma only_renderers and omit this platform?
WARNING: Shader If subshaders removal was intentional, you may have forgotten turning Fallback off?
ERROR: Shader Legacy Shaders/Particles/Alpha Blended Premultiply shader is not supported on this GPU (none of subshaders/fallbacks are suitable)
WARNING: Shader Unsupported: 'Game Particles/barrelLiquidShader' - All subshaders removed
WARNING: Shader Did you use #pragma only_renderers and omit this platform?
WARNING: Shader If subshaders removal was intentional, you may have forgotten turning Fallback off?
ERROR: Shader Game Particles/barrelLiquidShader shader is not supported on this GPU (none of subshaders/fallbacks are suitable)
WARNING: Shader Unsupported: 'Game Particles/barrelLiquidShader' - All subshaders removed
WARNING: Shader Did you use #pragma only_renderers and omit this platform?
WARNING: Shader If subshaders removal was intentional, you may have forgotten turning Fallback off?
WARNING: Shader Unsupported: 'Game Particles/shader_gas_unlit' - All subshaders removed
WARNING: Shader Did you use #pragma only_renderers and omit this platform?
WARNING: Shader If subshaders removal was intentional, you may have forgotten turning Fallback off?
ERROR: Shader Game Particles/shader_gas_unlit shader is not supported on this GPU (none of subshaders/fallbacks are suitable)
WARNING: Shader Unsupported: 'Game Particles/shader_gas_unlit' - All subshaders removed
WARNING: Shader Did you use #pragma only_renderers and omit this platform?
WARNING: Shader If subshaders removal was intentional, you may have forgotten turning Fallback off?
ERROR: Shader Particles/Blood_Particle shader is not supported on this GPU (none of subshaders/fallbacks are suitable)
WARNING: Shader Unsupported: 'Game Particles/vomitShader_T' - All subshaders removed
WARNING: Shader Did you use #pragma only_renderers and omit this platform?
WARNING: Shader If subshaders removal was intentional, you may have forgotten turning Fallback off?
ERROR: Shader Game Particles/vomitShader_T shader is not supported on this GPU (none of subshaders/fallbacks are suitable)
WARNING: Shader Unsupported: 'Game Particles/vomitShader_T' - All subshaders removed
WARNING: Shader Did you use #pragma only_renderers and omit this platform?
WARNING: Shader If subshaders removal was intentional, you may have forgotten turning Fallback off?
ERROR: Shader Legacy/AlphaSelfIllum shader is not supported on this GPU (none of subshaders/fallbacks are suitable)
WARNING: Shader Unsupported: 'Game Particles/Standard Surface' - All subshaders removed
WARNING: Shader Did you use #pragma only_renderers and omit this platform?
WARNING: Shader If subshaders removal was intentional, you may have forgotten turning Fallback off?
ERROR: Shader Game Particles/Standard Surface shader is not supported on this GPU (none of subshaders/fallbacks are suitable)
WARNING: Shader Unsupported: 'Game Particles/Standard Surface' - All subshaders removed
WARNING: Shader Did you use #pragma only_renderers and omit this platform?
WARNING: Shader If subshaders removal was intentional, you may have forgotten turning Fallback off?
WARNING: Shader Unsupported: 'Game Particles/gasGenericShader_A' - All subshaders removed
WARNING: Shader Did you use #pragma only_renderers and omit this platform?
WARNING: Shader If subshaders removal was intentional, you may have forgotten turning Fallback off?
ERROR: Shader Game Particles/gasGenericShader_A shader is not supported on this GPU (none of subshaders/fallbacks are suitable)
WARNING: Shader Unsupported: 'Game Particles/gasGenericShader_A' - All subshaders removed
WARNING: Shader Did you use #pragma only_renderers and omit this platform?
WARNING: Shader If subshaders removal was intentional, you may have forgotten turning Fallback off?
WARNING: Shader Unsupported: 'Game Particles/Unlit' - All subshaders removed
WARNING: Shader Did you use #pragma only_renderers and omit this platform?
WARNING: Shader If subshaders removal was intentional, you may have forgotten turning Fallback off?
ERROR: Shader Game Particles/Unlit shader is not supported on this GPU (none of subshaders/fallbacks are suitable)
WARNING: Shader Unsupported: 'Game Particles/Unlit' - All subshaders removed
WARNING: Shader Did you use #pragma only_renderers and omit this platform?
WARNING: Shader If subshaders removal was intentional, you may have forgotten turning Fallback off?
ERROR: Shader Game/Transparent shader is not supported on this GPU (none of subshaders/fallbacks are suitable)
Couldn't create a Convex Mesh from source mesh "hull_forklift_tire" within the maximum polygons limit (256). The partial hull will be used. Consider simplifying your mesh.
WARNING: Shader Unsupported: 'Legacy Shaders/Specular' - All subshaders removed
WARNING: Shader Did you use #pragma only_renderers and omit this platform?
WARNING: Shader If subshaders removal was intentional, you may have forgotten turning Fallback off?
ERROR: Shader Legacy Shaders/Specular shader is not supported on this GPU (none of subshaders/fallbacks are suitable)
WARNING: Shader Unsupported: 'Legacy Shaders/Specular' - All subshaders removed
WARNING: Shader Did you use #pragma only_renderers and omit this platform?
WARNING: Shader If subshaders removal was intentional, you may have forgotten turning Fallback off?
WARNING: Shader Unsupported: 'Legacy Shaders/Bumped Specular' - All subshaders removed
WARNING: Shader Did you use #pragma only_renderers and omit this platform?
WARNING: Shader If subshaders removal was intentional, you may have forgotten turning Fallback off?
ERROR: Shader Legacy Shaders/Bumped Specular shader is not supported on this GPU (none of subshaders/fallbacks are suitable)
WARNING: Shader Unsupported: 'Legacy Shaders/Bumped Specular' - All subshaders removed
WARNING: Shader Did you use #pragma only_renderers and omit this platform?
WARNING: Shader If subshaders removal was intentional, you may have forgotten turning Fallback off?
WARNING: Shader Unsupported: 'Game Particles/surfaceShader_particleEnhanced' - All subshaders removed
WARNING: Shader Did you use #pragma only_renderers and omit this platform?
WARNING: Shader If subshaders removal was intentional, you may have forgotten turning Fallback off?
ERROR: Shader Game Particles/surfaceShader_particleEnhanced shader is not supported on this GPU (none of subshaders/fallbacks are suitable)
WARNING: Shader Unsupported: 'Game Particles/surfaceShader_particleEnhanced' - All subshaders removed
WARNING: Shader Did you use #pragma only_renderers and omit this platform?
WARNING: Shader If subshaders removal was intentional, you may have forgotten turning Fallback off?
WARNING: Shader Unsupported: 'Standard (Specular setup)' - All subshaders removed
WARNING: Shader Did you use #pragma only_renderers and omit this platform?
WARNING: Shader If subshaders removal was intentional, you may have forgotten turning Fallback off?
ERROR: Shader Standard (Specular setup) shader is not supported on this GPU (none of subshaders/fallbacks are suitable)
WARNING: Shader Unsupported: 'Standard (Specular setup)' - All subshaders removed
WARNING: Shader Did you use #pragma only_renderers and omit this platform?
WARNING: Shader If subshaders removal was intentional, you may have forgotten turning Fallback off?
WARNING: Shader Unsupported: 'Game Particles/Lit' - All subshaders removed
WARNING: Shader Did you use #pragma only_renderers and omit this platform?
WARNING: Shader If subshaders removal was intentional, you may have forgotten turning Fallback off?
ERROR: Shader Game Particles/Lit shader is not supported on this GPU (none of subshaders/fallbacks are suitable)
WARNING: Shader Unsupported: 'Game Particles/Lit' - All subshaders removed
WARNING: Shader Did you use #pragma only_renderers and omit this platform?
WARNING: Shader If subshaders removal was intentional, you may have forgotten turning Fallback off?
WARNING: Shader Unsupported: 'Game Particles/Lit' - All subshaders removed
WARNING: Shader Did you use #pragma only_renderers and omit this platform?
WARNING: Shader If subshaders removal was intentional, you may have forgotten turning Fallback off?
ERROR: Shader Game Particles/Lit shader is not supported on this GPU (none of subshaders/fallbacks are suitable)
WARNING: Shader Unsupported: 'Game Particles/Lit' - All subshaders removed
WARNING: Shader Did you use #pragma only_renderers and omit this platform?
WARNING: Shader If subshaders removal was intentional, you may have forgotten turning Fallback off?
ERROR: Shader Legacy Shaders/Particles/Alpha Blended shader is not supported on this GPU (none of subshaders/fallbacks are suitable)
WARNING: Shader Unsupported: 'Game Particles/Unlit' - All subshaders removed
WARNING: Shader Did you use #pragma only_renderers and omit this platform?
WARNING: Shader If subshaders removal was intentional, you may have forgotten turning Fallback off?
ERROR: Shader Game Particles/Unlit shader is not supported on this GPU (none of subshaders/fallbacks are suitable)
WARNING: Shader Unsupported: 'Game Particles/Unlit' - All subshaders removed
WARNING: Shader Did you use #pragma only_renderers and omit this platform?
WARNING: Shader If subshaders removal was intentional, you may have forgotten turning Fallback off?
ERROR: Shader Legacy Shaders/Particles/Additive (Soft) shader is not supported on this GPU (none of subshaders/fallbacks are suitable)
WARNING: Shader Unsupported: 'Game/BasicUV_TA' - All subshaders removed
WARNING: Shader Did you use #pragma only_renderers and omit this platform?
WARNING: Shader If subshaders removal was intentional, you may have forgotten turning Fallback off?
ERROR: Shader Game/BasicUV_TA shader is not supported on this GPU (none of subshaders/fallbacks are suitable)
WARNING: Shader Unsupported: 'Game/BasicUV_TA' - All subshaders removed
WARNING: Shader Did you use #pragma only_renderers and omit this platform?
WARNING: Shader If subshaders removal was intentional, you may have forgotten turning Fallback off?
ERROR: Shader Shader Forge/PaintParticle shader is not supported on this GPU (none of subshaders/fallbacks are suitable)
ERROR: Shader Shader Forge/7DTD_Fire_New shader is not supported on this GPU (none of subshaders/fallbacks are suitable)
WARNING: Shader Unsupported: 'Legacy Shaders/Bumped Diffuse' - All subshaders removed
WARNING: Shader Did you use #pragma only_renderers and omit this platform?
WARNING: Shader If subshaders removal was intentional, you may have forgotten turning Fallback off?
ERROR: Shader Legacy Shaders/Bumped Diffuse shader is not supported on this GPU (none of subshaders/fallbacks are suitable)
WARNING: Shader Unsupported: 'Legacy Shaders/Bumped Diffuse' - All subshaders removed
WARNING: Shader Did you use #pragma only_renderers and omit this platform?
WARNING: Shader If subshaders removal was intentional, you may have forgotten turning Fallback off?
ERROR: Shader Legacy Shaders/Transparent/Cutout/VertexLit shader is not supported on this GPU (none of subshaders/fallbacks are suitable)
WARNING: Shader Unsupported: 'Legacy Shaders/Transparent/Cutout/Diffuse' - All subshaders removed
WARNING: Shader Did you use #pragma only_renderers and omit this platform?
WARNING: Shader If subshaders removal was intentional, you may have forgotten turning Fallback off?
ERROR: Shader Legacy Shaders/Transparent/Cutout/Diffuse shader is not supported on this GPU (none of subshaders/fallbacks are suitable)
WARNING: Shader Unsupported: 'Legacy Shaders/Transparent/Cutout/Diffuse' - All subshaders removed
WARNING: Shader Did you use #pragma only_renderers and omit this platform?
WARNING: Shader If subshaders removal was intentional, you may have forgotten turning Fallback off?
WARNING: Shader Unsupported: 'Legacy Shaders/Transparent/Cutout/Bumped Diffuse' - All subshaders removed
WARNING: Shader Did you use #pragma only_renderers and omit this platform?
WARNING: Shader If subshaders removal was intentional, you may have forgotten turning Fallback off?
ERROR: Shader Legacy Shaders/Transparent/Cutout/Bumped Diffuse shader is not supported on this GPU (none of subshaders/fallbacks are suitable)
WARNING: Shader Unsupported: 'Legacy Shaders/Transparent/Cutout/Bumped Diffuse' - All subshaders removed
WARNING: Shader Did you use #pragma only_renderers and omit this platform?
WARNING: Shader If subshaders removal was intentional, you may have forgotten turning Fallback off?
WARNING: Shader Unsupported: 'Legacy Shaders/Transparent/Cutout/Bumped Specular' - All subshaders removed
WARNING: Shader Did you use #pragma only_renderers and omit this platform?
WARNING: Shader If subshaders removal was intentional, you may have forgotten turning Fallback off?
ERROR: Shader Legacy Shaders/Transparent/Cutout/Bumped Specular shader is not supported on this GPU (none of subshaders/fallbacks are suitable)
WARNING: Shader Unsupported: 'Legacy Shaders/Transparent/Cutout/Bumped Specular' - All subshaders removed
WARNING: Shader Did you use #pragma only_renderers and omit this platform?
WARNING: Shader If subshaders removal was intentional, you may have forgotten turning Fallback off?
WARNING: Shader Unsupported: 'Game Particles/shader_gas_lit' - All subshaders removed
WARNING: Shader Did you use #pragma only_renderers and omit this platform?
WARNING: Shader If subshaders removal was intentional, you may have forgotten turning Fallback off?
ERROR: Shader Game Particles/shader_gas_lit shader is not supported on this GPU (none of subshaders/fallbacks are suitable)
WARNING: Shader Unsupported: 'Game Particles/shader_gas_lit' - All subshaders removed
WARNING: Shader Did you use #pragma only_renderers and omit this platform?
WARNING: Shader If subshaders removal was intentional, you may have forgotten turning Fallback off?
Couldn't create a Convex Mesh from source mesh "Head" within the maximum polygons limit (256). The partial hull will be used. Consider simplifying your mesh.
WARNING: Shader Unsupported: 'Game/Autodesk' - All subshaders removed
WARNING: Shader Did you use #pragma only_renderers and omit this platform?
WARNING: Shader If subshaders removal was intentional, you may have forgotten turning Fallback off?
ERROR: Shader Game/Autodesk shader is not supported on this GPU (none of subshaders/fallbacks are suitable)
WARNING: Shader Unsupported: 'Game/Autodesk' - All subshaders removed
WARNING: Shader Did you use #pragma only_renderers and omit this platform?
WARNING: Shader If subshaders removal was intentional, you may have forgotten turning Fallback off?
WARNING: Shader Unsupported: 'Game Particles/Liquid' - All subshaders removed
WARNING: Shader Did you use #pragma only_renderers and omit this platform?
WARNING: Shader If subshaders removal was intentional, you may have forgotten turning Fallback off?
ERROR: Shader Game Particles/Liquid shader is not supported on this GPU (none of subshaders/fallbacks are suitable)
WARNING: Shader Unsupported: 'Game Particles/Liquid' - All subshaders removed
WARNING: Shader Did you use #pragma only_renderers and omit this platform?
WARNING: Shader If subshaders removal was intentional, you may have forgotten turning Fallback off?
ERROR: Shader Game/Character shader is not supported on this GPU (none of subshaders/fallbacks are suitable)
ERROR: Shader Game/ZombieDismembermentBloodcap shader is not supported on this GPU (none of subshaders/fallbacks are suitable)
WARNING: Shader Unsupported: 'Game/ZombieGibRadiation' - All subshaders removed
WARNING: Shader Did you use #pragma only_renderers and omit this platform?
WARNING: Shader If subshaders removal was intentional, you may have forgotten turning Fallback off?
ERROR: Shader Game/ZombieGibRadiation shader is not supported on this GPU (none of subshaders/fallbacks are suitable)
WARNING: Shader Unsupported: 'Game/ZombieGibRadiation' - All subshaders removed
WARNING: Shader Did you use #pragma only_renderers and omit this platform?
WARNING: Shader If subshaders removal was intentional, you may have forgotten turning Fallback off?
WARNING: Shader Unsupported: 'Legacy Shaders/Reflective/VertexLit' - All subshaders removed
WARNING: Shader Did you use #pragma only_renderers and omit this platform?
WARNING: Shader If subshaders removal was intentional, you may have forgotten turning Fallback off?
ERROR: Shader Legacy Shaders/Reflective/VertexLit shader is not supported on this GPU (none of subshaders/fallbacks are suitable)
WARNING: Shader Unsupported: 'Legacy Shaders/Reflective/VertexLit' - All subshaders removed
WARNING: Shader Did you use #pragma only_renderers and omit this platform?
WARNING: Shader If subshaders removal was intentional, you may have forgotten turning Fallback off?
WARNING: Shader Unsupported: 'Legacy Shaders/Reflective/Bumped Diffuse' - All subshaders removed
WARNING: Shader Did you use #pragma only_renderers and omit this platform?
WARNING: Shader If subshaders removal was intentional, you may have forgotten turning Fallback off?
ERROR: Shader Legacy Shaders/Reflective/Bumped Diffuse shader is not supported on this GPU (none of subshaders/fallbacks are suitable)
WARNING: Shader Unsupported: 'Legacy Shaders/Reflective/Bumped Diffuse' - All subshaders removed
WARNING: Shader Did you use #pragma only_renderers and omit this platform?
WARNING: Shader If subshaders removal was intentional, you may have forgotten turning Fallback off?
WARNING: Shader Unsupported: 'Legacy Shaders/Reflective/Bumped Specular' - All subshaders removed
WARNING: Shader Did you use #pragma only_renderers and omit this platform?
WARNING: Shader If subshaders removal was intentional, you may have forgotten turning Fallback off?
ERROR: Shader Legacy Shaders/Reflective/Bumped Specular shader is not supported on this GPU (none of subshaders/fallbacks are suitable)
WARNING: Shader Unsupported: 'Legacy Shaders/Reflective/Bumped Specular' - All subshaders removed
WARNING: Shader Did you use #pragma only_renderers and omit this platform?
WARNING: Shader If subshaders removal was intentional, you may have forgotten turning Fallback off?
WARNING: Shader Unsupported: 'Game Particles/sparkShader' - All subshaders removed
WARNING: Shader Did you use #pragma only_renderers and omit this platform?
WARNING: Shader If subshaders removal was intentional, you may have forgotten turning Fallback off?
ERROR: Shader Game Particles/sparkShader shader is not supported on this GPU (none of subshaders/fallbacks are suitable)
WARNING: Shader Unsupported: 'Game Particles/sparkShader' - All subshaders removed
WARNING: Shader Did you use #pragma only_renderers and omit this platform?
WARNING: Shader If subshaders removal was intentional, you may have forgotten turning Fallback off?
ERROR: Shader Sprites/Default shader is not supported on this GPU (none of subshaders/fallbacks are suitable)
WARNING: Shader Unsupported: 'stainedGlass' - All subshaders removed
WARNING: Shader Did you use #pragma only_renderers and omit this platform?
WARNING: Shader If subshaders removal was intentional, you may have forgotten turning Fallback off?
ERROR: Shader stainedGlass shader is not supported on this GPU (none of subshaders/fallbacks are suitable)
WARNING: Shader Unsupported: 'stainedGlass' - All subshaders removed
WARNING: Shader Did you use #pragma only_renderers and omit this platform?
WARNING: Shader If subshaders removal was intentional, you may have forgotten turning Fallback off?
ERROR: Shader Hidden/Game/ChunkTransparent shader is not supported on this GPU (none of subshaders/fallbacks are suitable)
2025-12-28T01:55:18 2.316 INF Loaded (local): events in 0.01
2025-12-28T01:55:18 2.327 INF Loaded (local): rwgmixer in 0.01
2025-12-28T01:55:18 2.336 INF Loaded (local): archetypes in 0.01
2025-12-28T01:55:18 2.337 INF Loaded (local): loadingscreen in 0.00
2025-12-28T01:55:18 2.345 INF Added 1335 subtitle data entries and 3 speaker colors
2025-12-28T01:55:18 2.345 INF Loaded (local): subtitles in 0.00
2025-12-28T01:55:18 2.346 INF Loaded (local): videos in 0.00
2025-12-28T01:55:18 2.347 INF WorldStaticData.Init() needed 0.000s
2025-12-28T01:55:18 2.373 INF Started Telnet on 8081
2025-12-28T01:55:18 2.379 INF [PartyQuests] Initialized
2025-12-28T01:55:18 2.380 INF Awake done in 1722 ms
ERROR: Shader Unlit/Text shader is not supported on this GPU (none of subshaders/fallbacks are suitable)
2025-12-28T01:55:23 6.960 INF NET: Starting server protocols
2025-12-28T01:55:23 6.962 INF [NET] Disabling protocol: SteamNetworking
2025-12-28T01:55:23 6.996 INF NET: LiteNetLib server started
2025-12-28T01:55:23 6.998 INF [PlatformApplication] restart required = False
2025-12-28T01:55:23 6.998 INF StartGame
2025-12-28T01:55:23 6.999 INF NetPackageManager Init
2025-12-28T01:55:23 7.229 INF Persistent GamePrefs saved
GamePref.AdminFileName = serveradmin.xml
GamePref.AirDropFrequency = 72
GamePref.AirDropMarker = True
GamePref.AllowSpawnNearBackpack = True
GamePref.AutopilotMode = 0
GamePref.BedrollDeadZoneSize = 15
GamePref.BedrollExpiryTime = 45
GamePref.BlockDamageAI = 100
GamePref.BlockDamageAIBM = 100
GamePref.BlockDamagePlayer = 100
GamePref.BloodMoonEnemyCount = 8
GamePref.BloodMoonFrequency = 7
GamePref.BloodMoonRange = 0
GamePref.BloodMoonWarning = 8
GamePref.BuildCreate = False
GamePref.ConnectToServerIP = 127.0.0.1
GamePref.ConnectToServerPort = 26900
GamePref.CreateLevelDim = 4096
GamePref.CreateLevelName = My Level
GamePref.CreativeMenuEnabled = False
GamePref.DayCount = 3
GamePref.DayLightLength = 18
GamePref.DayNightLength = 60
GamePref.DeathPenalty = 1
GamePref.DebugMenuEnabled = False
GamePref.DebugMenuShowTasks = False
GamePref.DebugPanelsEnabled = -
GamePref.DebugStopEnemiesMoving = False
GamePref.DropOnDeath = 1
GamePref.DropOnQuit = 0
GamePref.DynamicMeshDistance = 1000
GamePref.DynamicMeshEnabled = True
GamePref.DynamicMeshLandClaimBuffer = 3
GamePref.DynamicMeshLandClaimOnly = True
GamePref.DynamicMeshMaxItemCache = 3
GamePref.DynamicMeshMaxRegionCache = 1
GamePref.DynamicMeshUseImposters = False
GamePref.DynamicSpawner = 
GamePref.EACEnabled = True
GamePref.EnableMapRendering = False
GamePref.EnemyDifficulty = 0
GamePref.EnemySpawnMode = True
GamePref.EulaLatestVersion = 0
GamePref.EulaVersionAccepted = -1
GamePref.FavoriteServersList = 
GamePref.FragLimit = 20
GamePref.GameDifficulty = 2
GamePref.GameGuidClient = 
GamePref.GameMode = GameModeSurvival
GamePref.GameName = ChickenNoodleSoup
GamePref.GameNameClient = My Game
GamePref.GameVersion = V 1.3
GamePref.GameWorld = New Jepoda Valley
GamePref.HideCommandExecutionLog = 0
GamePref.IgnoreEOSSanctions = False
GamePref.JoiningOptions = True
GamePref.LandClaimCount = 3
GamePref.LandClaimDeadZone = 30
GamePref.LandClaimDecayMode = 0
GamePref.LandClaimExpiryTime = 7
GamePref.LandClaimOfflineDelay = 0
GamePref.LandClaimOfflineDurabilityModifier = 4
GamePref.LandClaimOnlineDurabilityModifier = 4
GamePref.LandClaimSize = 41
GamePref.Language = English
GamePref.LanguageBrowser = 
GamePref.LastGameResetRevision = 0
GamePref.LastLoadedPrefab = 
GamePref.LastLoadingTipRead = -1
GamePref.LootAbundance = 100
GamePref.LootRespawnDays = 7
GamePref.LootTimer = 
GamePref.MatchLength = 10
GamePref.MaxChunkAge = -1
GamePref.MaxQueuedMeshLayers = 1000
GamePref.MaxSpawnedAnimals = 50
GamePref.MaxSpawnedZombies = 64
GamePref.MaxUncoveredMapChunksPerPlayer = 131072
GamePref.NoGraphicsMode = True
GamePref.OptionsAllowController = True
GamePref.OptionsAmbientVolumeLevel = 1
GamePref.OptionsAudioOcclusion = False
GamePref.OptionsBackgroundGlobalOpacity = 0.95
GamePref.OptionsChatCommunication = True
GamePref.OptionsControllerAimAssists = True
GamePref.OptionsControllerCursorHoverSensitivity = 0.5
GamePref.OptionsControllerCursorSnap = True
GamePref.OptionsControllerIconStyle = 0
GamePref.OptionsControllerJoystickLayout = 0
GamePref.OptionsControllerLookAcceleration = 4
GamePref.OptionsControllerLookAxisDeadzone = 0.1
GamePref.OptionsControllerLookInvert = False
GamePref.OptionsControllerMoveAxisDeadzone = 0.1
GamePref.OptionsControllerSensitivityX = 0.35
GamePref.OptionsControllerSensitivityY = 0.25
GamePref.OptionsControllerTriggerEffects = False
GamePref.OptionsControllerVehicleSensitivity = 1
GamePref.OptionsControllerVibration = True
GamePref.OptionsControllerVibrationStrength = 2
GamePref.OptionsControllerWeaponAiming = False
GamePref.OptionsControllerZoomSensitivity = 0.5
GamePref.OptionsControlsResetRevision = 0
GamePref.OptionsControlsSprintLock = True
GamePref.OptionsCrossplay = True
GamePref.OptionsDisableChunkLODs = False
GamePref.OptionsDisableXmlEvents = False
GamePref.OptionsDynamicMusicDailyTime = 0.45
GamePref.OptionsDynamicMusicEnabled = True
GamePref.OptionsFilterProfanity = False
GamePref.OptionsForegroundGlobalOpacity = 1
GamePref.OptionsGfxAA = 1
GamePref.OptionsGfxAASharpness = 0
GamePref.OptionsGfxBloom = True
GamePref.OptionsGfxBrightness = 0.5
GamePref.OptionsGfxDOF = False
GamePref.OptionsGfxDynamicMinFPS = 30
GamePref.OptionsGfxDynamicMode = 0
GamePref.OptionsGfxDynamicScale = 1
GamePref.OptionsGfxFOV = 65
GamePref.OptionsGfxGrassDistance = 1
GamePref.OptionsGfxLODDistance = 0.5
GamePref.OptionsGfxMotionBlur = 1
GamePref.OptionsGfxMotionBlurEnabled = True
GamePref.OptionsGfxObjQuality = 3
GamePref.OptionsGfxOcclusion = True
GamePref.OptionsGfxQualityPreset = 2
GamePref.OptionsGfxReflectQuality = 1
GamePref.OptionsGfxReflectShadows = False
GamePref.OptionsGfxResetRevision = 0
GamePref.OptionsGfxResolution = 0
GamePref.OptionsGfxShadowDistance = 1
GamePref.OptionsGfxShadowQuality = 1
GamePref.OptionsGfxSSAO = True
GamePref.OptionsGfxSSReflections = 1
GamePref.OptionsGfxStreamMipmaps = True
GamePref.OptionsGfxSunShafts = True
GamePref.OptionsGfxTerrainQuality = 3
GamePref.OptionsGfxTexFilter = 1
GamePref.OptionsGfxTexQuality = 1
GamePref.OptionsGfxTreeDistance = 4
GamePref.OptionsGfxViewDistance = 6
GamePref.OptionsGfxVsync = 1
GamePref.OptionsGfxWaterPtlLimiter = 0.5
GamePref.OptionsGfxWaterQuality = 1
GamePref.OptionsHudOpacity = 1
GamePref.OptionsHudSize = 1
GamePref.OptionsInterfaceSensitivity = 0.5
GamePref.OptionsIntroMovieEnabled = True
GamePref.OptionsInvertMouse = False
GamePref.OptionsJournalPopup = True
GamePref.OptionsLiteNetLibMtuOverride = False
GamePref.OptionsLookSensitivity = 0.5
GamePref.OptionsMenuMusicVolumeLevel = 0.7
GamePref.OptionsMicVolumeLevel = 0.75
GamePref.OptionsMumblePositionalAudioSupport = False
GamePref.OptionsMusicVolumeLevel = 0.6
GamePref.OptionsOverallAudioVolumeLevel = 1
GamePref.OptionsPlayChanceFrequency = 3
GamePref.OptionsPlayChanceProbability = 0.983
GamePref.OptionsPlayerModel = playerMale
GamePref.OptionsPlayerModelTexture = Player/Male/Player_male
GamePref.OptionsPOICulling = 1
GamePref.OptionsQuestsAutoAccept = True
GamePref.OptionsQuestsAutoShare = True
GamePref.OptionsScreenBoundsValue = 1
GamePref.OptionsSelectionBoxAlphaMultiplier = 0.4
GamePref.OptionsShowCompass = True
GamePref.OptionsShowConsoleButton = False
GamePref.OptionsShowCrosshair = True
GamePref.OptionsStabSpawnBlocksOnGround = True
GamePref.OptionsSubtitlesEnabled = False
GamePref.OptionsTempCelsius = False
GamePref.OptionsUiCompassUseEnglishCardinalDirections = False
GamePref.OptionsUiFpsScaling = 1
GamePref.OptionsVehicleLookSensitivity = 0.5
GamePref.OptionsVoiceChatEnabled = True
GamePref.OptionsVoiceInputDevice = 
GamePref.OptionsVoiceOutputDevice = 
GamePref.OptionsVoiceVolumeLevel = 0.75
GamePref.OptionsWeaponAiming = False
GamePref.OptionsZoomAccel = 0.5
GamePref.OptionsZoomSensitivity = 0.3
GamePref.PartySharedKillRange = 100
GamePref.PersistentPlayerProfiles = False
GamePref.PlayerAutologin = False
GamePref.PlayerKillingMode = 3
GamePref.PlayerName = Player
GamePref.PlayerSafeZoneHours = 5
GamePref.PlayerSafeZoneLevel = 5
GamePref.PlayerToken = 
GamePref.PlaytestBiome = 3
GamePref.QuestProgressionDailyLimit = 4
GamePref.RebuildMap = False
GamePref.Region = NorthAmericaEast
GamePref.SaveDataLimit = -1
GamePref.SaveDataLimitType = Unlimited
GamePref.SelectionContextMode = 0
GamePref.SelectionOperationMode = 0
GamePref.ServerAdminSlots = 0
GamePref.ServerAdminSlotsPermission = 0
GamePref.ServerAllowCrossplay = True
GamePref.ServerDescription = A CostaDelMars 7 Days to Die server
GamePref.ServerDisabledNetworkProtocols = SteamNetworking
GamePref.ServerEACPeerToPeer = True
GamePref.ServerEnabled = False
GamePref.ServerIP = 
GamePref.ServerIsPublic = True
GamePref.ServerLoginConfirmationText = 
GamePref.ServerMaxAllowedViewDistance = 12
GamePref.ServerMaxPlayerCount = 8
GamePref.ServerMaxWorldTransferSpeedKiBs = 512
GamePref.ServerName = CostaDelMars_Small
GamePref.ServerPort = 26910
GamePref.ServerReservedSlots = 0
GamePref.ServerReservedSlotsPermission = 100
GamePref.ServerVisibility = 2
GamePref.ServerWebsiteURL = 
GamePref.ShowFriendPlayerOnMap = True
GamePref.SkipSpawnButton = False
GamePref.TelnetEnabled = True
GamePref.TelnetFailedLoginLimit = 10
GamePref.TelnetFailedLoginsBlocktime = 10
GamePref.TelnetPort = 8081
GamePref.TerminalWindowEnabled = True
GamePref.TwitchBloodMoonAllowed = False
GamePref.TwitchServerPermission = 90
GamePref.UNUSED_ControlPanelEnabled = False
GamePref.UNUSED_ControlPanelPort = 8080
GamePref.UNUSED_LastLoadedPrefabSize = 
GamePref.UNUSED_NewGameSetDefaults = 
GamePref.UNUSED_OptionsBloom = 
GamePref.UNUSED_OptionsDOF = 
GamePref.UNUSED_OptionsFieldOfViewNew = 
GamePref.UNUSED_OptionsGamma = 
GamePref.UNUSED_OptionsGfxGameplayResolutionHeight = 
GamePref.UNUSED_OptionsGfxGameplayResolutionWidth = 
GamePref.UNUSED_OptionsGfxUMATexQuality = 
GamePref.UNUSED_OptionsMotionBlur = 
GamePref.UNUSED_OptionsObjectBlur = 
GamePref.UNUSED_OptionsReflectionBounces = 
GamePref.UNUSED_OptionsReflectionCullList = 
GamePref.UNUSED_OptionsReflectionFarClip = 
GamePref.UNUSED_OptionsReflectionRefreshMode = 
GamePref.UNUSED_OptionsReflectionShadowDistance = 
GamePref.UNUSED_OptionsReflectionTimeSlicingMode = 
GamePref.UNUSED_OptionsSSAO = 
GamePref.UNUSED_OptionsStreamingMipmapsBudget = 
GamePref.UNUSED_OptionsSunShafts = 
GamePref.UNUSED_PlayerId = 
GamePref.UNUSED_SaveGameFolder = 
GamePref.UNUSED_UserDataFolder = 
GamePref.WebDashboardEnabled = False
GamePref.WebDashboardPort = 8080
GamePref.WebDashboardUrl = 
GamePref.WorldGenSeed = alphabet
GamePref.WorldGenSize = 8192
GamePref.XPMultiplier = 100
GamePref.ZombieBMMove = 3
GamePref.ZombieFeralMove = 3
GamePref.ZombieFeralSense = 0
GamePref.ZombieMove = 0
GamePref.ZombieMoveNight = 3
GamePref.ZombiePlayers = True
GameStat.AirDropFrequency = 0
GameStat.AirDropMarker = True
GameStat.AllowedViewDistance = 12
GameStat.AnimalCount = 0
GameStat.AutoParty = False
GameStat.BedrollExpiryTime = 45
GameStat.BlockDamagePlayer = 100
GameStat.BloodMoonDay = 0
GameStat.BloodMoonEnemyCount = 8
GameStat.BloodMoonWarning = 8
GameStat.ChunkStabilityEnabled = True
GameStat.CurrentRoundIx = 0
GameStat.DayLightLength = 18
GameStat.DayLimitActive = False
GameStat.DayLimitThisRound = 0
GameStat.DeathPenalty = XPOnly
GameStat.DropOnDeath = 1
GameStat.DropOnQuit = 0
GameStat.EnemyCount = 0
GameStat.EnemyDifficulty = Normal
GameStat.EnemySpawnMode = True
GameStat.FragLimitActive = False
GameStat.FragLimitThisRound = 0
GameStat.GameDifficulty = 2
GameStat.GameDifficultyBonus = 1
GameStat.GameModeId = 0
GameStat.GameState = 0
GameStat.GlobalMessageToShow = 
GameStat.IsCreativeMenuEnabled = False
GameStat.IsFlyingEnabled = False
GameStat.IsPlayerCollisionEnabled = True
GameStat.IsPlayerDamageEnabled = True
GameStat.IsResetMapOnRestart = False
GameStat.IsSaveSupplyCrates = True
GameStat.IsSpawnEnemies = True
GameStat.IsSpawnNearOtherPlayer = False
GameStat.IsTeleportEnabled = False
GameStat.IsVersionCheckDone = False
GameStat.LandClaimCount = 3
GameStat.LandClaimDeadZone = 30
GameStat.LandClaimDecayMode = 0
GameStat.LandClaimExpiryTime = 3
GameStat.LandClaimOfflineDelay = 0
GameStat.LandClaimOfflineDurabilityModifier = 32
GameStat.LandClaimOnlineDurabilityModifier = 32
GameStat.LandClaimSize = 41
GameStat.LoadScene = 
GameStat.LootTimer = 
GameStat.OptionsPOICulling = 0
GameStat.PartySharedKillRange = 100
GameStat.PlayerKillingMode = KillStrangersOnly
GameStat.QuestProgressionDailyLimit = 4
GameStat.ScoreDiedMultiplier = -5
GameStat.ScorePlayerKillMultiplier = 1
GameStat.ScoreZombieKillMultiplier = 1
GameStat.ShowAllPlayersOnMap = False
GameStat.ShowFriendPlayerOnMap = True
GameStat.ShowSpawnWindow = False
GameStat.ShowWindow = 
GameStat.TimeLimitActive = False
GameStat.TimeLimitThisRound = 0
GameStat.TimeOfDayIncPerSec = 20
GameStat.TwitchBloodMoonAllowed = True
GameStat.UNUSED_ShowZombieCounter = 
GameStat.XPMultiplier = 100
GameStat.ZombieHordeMeter = False
2025-12-28T01:55:23 7.330 INF StartAsServer
2025-12-28T01:55:24 7.760 INF Loaded (local): events in 0.10
2025-12-28T01:55:24 8.460 INF Loaded (local): materials in 0.30
2025-12-28T01:55:25 8.810 INF Loaded (local): physicsbodies in 0.10
2025-12-28T01:55:25 9.160 INF Loaded (local): painting in 0.10
2025-12-28T01:55:25 9.511 INF Loaded (local): shapes in 0.10
ERROR: Shader Legacy Shaders/Transparent/Cutout/VertexLit shader is not supported on this GPU (none of subshaders/fallbacks are suitable)
WARNING: Shader Unsupported: 'Game/SpeedTree' - All subshaders removed
WARNING: Shader Did you use #pragma only_renderers and omit this platform?
WARNING: Shader If subshaders removal was intentional, you may have forgotten turning Fallback off?
ERROR: Shader Game/SpeedTree shader is not supported on this GPU (none of subshaders/fallbacks are suitable)
WARNING: Shader Unsupported: 'Game/SpeedTree' - All subshaders removed
WARNING: Shader Did you use #pragma only_renderers and omit this platform?
WARNING: Shader If subshaders removal was intentional, you may have forgotten turning Fallback off?
WARNING: Shader Unsupported: 'Nature/SpeedTree Billboard' - All subshaders removed
WARNING: Shader Did you use #pragma only_renderers and omit this platform?
WARNING: Shader If subshaders removal was intentional, you may have forgotten turning Fallback off?
ERROR: Shader Nature/SpeedTree Billboard shader is not supported on this GPU (none of subshaders/fallbacks are suitable)
WARNING: Shader Unsupported: 'Nature/SpeedTree Billboard' - All subshaders removed
WARNING: Shader Did you use #pragma only_renderers and omit this platform?
WARNING: Shader If subshaders removal was intentional, you may have forgotten turning Fallback off?
ERROR: Shader Game/BlockMissing shader is not supported on this GPU (none of subshaders/fallbacks are suitable)
WARNING: Shader Unsupported: 'Game/Entity Tint Mask' - All subshaders removed
WARNING: Shader Did you use #pragma only_renderers and omit this platform?
WARNING: Shader If subshaders removal was intentional, you may have forgotten turning Fallback off?
ERROR: Shader Game/Entity Tint Mask shader is not supported on this GPU (none of subshaders/fallbacks are suitable)
WARNING: Shader Unsupported: 'Game/Entity Tint Mask' - All subshaders removed
WARNING: Shader Did you use #pragma only_renderers and omit this platform?
WARNING: Shader If subshaders removal was intentional, you may have forgotten turning Fallback off?
ERROR: Shader Game/Transparent shader is not supported on this GPU (none of subshaders/fallbacks are suitable)
WARNING: Shader Unsupported: '7DTD/7DTD_Liquid' - All subshaders removed
WARNING: Shader Did you use #pragma only_renderers and omit this platform?
WARNING: Shader If subshaders removal was intentional, you may have forgotten turning Fallback off?
ERROR: Shader 7DTD/7DTD_Liquid shader is not supported on this GPU (none of subshaders/fallbacks are suitable)
WARNING: Shader Unsupported: '7DTD/7DTD_Liquid' - All subshaders removed
WARNING: Shader Did you use #pragma only_renderers and omit this platform?
WARNING: Shader If subshaders removal was intentional, you may have forgotten turning Fallback off?
WARNING: Shader Unsupported: 'Custom/SignTextShader' - All subshaders removed
WARNING: Shader Did you use #pragma only_renderers and omit this platform?
WARNING: Shader If subshaders removal was intentional, you may have forgotten turning Fallback off?
ERROR: Shader Custom/SignTextShader shader is not supported on this GPU (none of subshaders/fallbacks are suitable)
WARNING: Shader Unsupported: 'Custom/SignTextShader' - All subshaders removed
WARNING: Shader Did you use #pragma only_renderers and omit this platform?
WARNING: Shader If subshaders removal was intentional, you may have forgotten turning Fallback off?
WARNING: Shader Unsupported: 'Game/Autodesk XFade' - All subshaders removed
WARNING: Shader Did you use #pragma only_renderers and omit this platform?
WARNING: Shader If subshaders removal was intentional, you may have forgotten turning Fallback off?
ERROR: Shader Game/Autodesk XFade shader is not supported on this GPU (none of subshaders/fallbacks are suitable)
WARNING: Shader Unsupported: 'Game/Autodesk XFade' - All subshaders removed
WARNING: Shader Did you use #pragma only_renderers and omit this platform?
WARNING: Shader If subshaders removal was intentional, you may have forgotten turning Fallback off?
ERROR: Shader Legacy Shaders/Particles/Alpha Blended Premultiply shader is not supported on this GPU (none of subshaders/fallbacks are suitable)
WARNING: Shader Unsupported: '7DTD/7DTD_Fire' - All subshaders removed
WARNING: Shader Did you use #pragma only_renderers and omit this platform?
WARNING: Shader If subshaders removal was intentional, you may have forgotten turning Fallback off?
ERROR: Shader 7DTD/7DTD_Fire shader is not supported on this GPU (none of subshaders/fallbacks are suitable)
WARNING: Shader Unsupported: '7DTD/7DTD_Fire' - All subshaders removed
WARNING: Shader Did you use #pragma only_renderers and omit this platform?
WARNING: Shader If subshaders removal was intentional, you may have forgotten turning Fallback off?
There is no texture data available to upload.
ERROR: Shader Game/SemiTransGlow shader is not supported on this GPU (none of subshaders/fallbacks are suitable)
WARNING: Shader Unsupported: 'Particles/Standard Unlit' - All subshaders removed
WARNING: Shader Did you use #pragma only_renderers and omit this platform?
WARNING: Shader If subshaders removal was intentional, you may have forgotten turning Fallback off?
ERROR: Shader Particles/Standard Unlit shader is not supported on this GPU (none of subshaders/fallbacks are suitable)
WARNING: Shader Unsupported: 'Particles/Standard Unlit' - All subshaders removed
WARNING: Shader Did you use #pragma only_renderers and omit this platform?
WARNING: Shader If subshaders removal was intentional, you may have forgotten turning Fallback off?
WARNING: Shader Unsupported: 'Game Particles/Unlit' - All subshaders removed
WARNING: Shader Did you use #pragma only_renderers and omit this platform?
WARNING: Shader If subshaders removal was intentional, you may have forgotten turning Fallback off?
ERROR: Shader Game Particles/Unlit shader is not supported on this GPU (none of subshaders/fallbacks are suitable)
WARNING: Shader Unsupported: 'Game Particles/Unlit' - All subshaders removed
WARNING: Shader Did you use #pragma only_renderers and omit this platform?
WARNING: Shader If subshaders removal was intentional, you may have forgotten turning Fallback off?
There is no texture data available to upload.
There is no texture data available to upload.
There is no texture data available to upload.
There is no texture data available to upload.
There is no texture data available to upload.
There is no texture data available to upload.
There is no texture data available to upload.
There is no texture data available to upload.
There is no texture data available to upload.
There is no texture data available to upload.
There is no texture data available to upload.
There is no texture data available to upload.
There is no texture data available to upload.
There is no texture data available to upload.
WARNING: Shader Unsupported: 'Game/TorchFire' - All subshaders removed
WARNING: Shader Did you use #pragma only_renderers and omit this platform?
WARNING: Shader If subshaders removal was intentional, you may have forgotten turning Fallback off?
ERROR: Shader Game/TorchFire shader is not supported on this GPU (none of subshaders/fallbacks are suitable)
WARNING: Shader Unsupported: 'Game/TorchFire' - All subshaders removed
WARNING: Shader Did you use #pragma only_renderers and omit this platform?
WARNING: Shader If subshaders removal was intentional, you may have forgotten turning Fallback off?
WARNING: Shader Unsupported: 'Game Particles/partPyro_fireShader_A' - All subshaders removed
WARNING: Shader Did you use #pragma only_renderers and omit this platform?
WARNING: Shader If subshaders removal was intentional, you may have forgotten turning Fallback off?
ERROR: Shader Game Particles/partPyro_fireShader_A shader is not supported on this GPU (none of subshaders/fallbacks are suitable)
WARNING: Shader Unsupported: 'Game Particles/partPyro_fireShader_A' - All subshaders removed
WARNING: Shader Did you use #pragma only_renderers and omit this platform?
WARNING: Shader If subshaders removal was intentional, you may have forgotten turning Fallback off?
WARNING: Shader Unsupported: 'Game Particles/partPyro_template_lit_B' - All subshaders removed
WARNING: Shader Did you use #pragma only_renderers and omit this platform?
WARNING: Shader If subshaders removal was intentional, you may have forgotten turning Fallback off?
ERROR: Shader Game Particles/partPyro_template_lit_B shader is not supported on this GPU (none of subshaders/fallbacks are suitable)
WARNING: Shader Unsupported: 'Game Particles/partPyro_template_lit_B' - All subshaders removed
WARNING: Shader Did you use #pragma only_renderers and omit this platform?
WARNING: Shader If subshaders removal was intentional, you may have forgotten turning Fallback off?
ERROR: Shader Legacy Shaders/Particles/Additive shader is not supported on this GPU (none of subshaders/fallbacks are suitable)
WARNING: Shader Unsupported: 'Particles/Standard Surface' - All subshaders removed
WARNING: Shader Did you use #pragma only_renderers and omit this platform?
WARNING: Shader If subshaders removal was intentional, you may have forgotten turning Fallback off?
ERROR: Shader Particles/Standard Surface shader is not supported on this GPU (none of subshaders/fallbacks are suitable)
WARNING: Shader Unsupported: 'Particles/Standard Surface' - All subshaders removed
WARNING: Shader Did you use #pragma only_renderers and omit this platform?
WARNING: Shader If subshaders removal was intentional, you may have forgotten turning Fallback off?
WARNING: Shader Unsupported: 'Autodesk Interactive' - All subshaders removed
WARNING: Shader Did you use #pragma only_renderers and omit this platform?
WARNING: Shader If subshaders removal was intentional, you may have forgotten turning Fallback off?
ERROR: Shader Autodesk Interactive shader is not supported on this GPU (none of subshaders/fallbacks are suitable)
WARNING: Shader Unsupported: 'Autodesk Interactive' - All subshaders removed
WARNING: Shader Did you use #pragma only_renderers and omit this platform?
WARNING: Shader If subshaders removal was intentional, you may have forgotten turning Fallback off?
WARNING: Shader Unsupported: '7DTD/7DTD_Cobweb' - All subshaders removed
WARNING: Shader Did you use #pragma only_renderers and omit this platform?
WARNING: Shader If subshaders removal was intentional, you may have forgotten turning Fallback off?
ERROR: Shader 7DTD/7DTD_Cobweb shader is not supported on this GPU (none of subshaders/fallbacks are suitable)
WARNING: Shader Unsupported: '7DTD/7DTD_Cobweb' - All subshaders removed
WARNING: Shader Did you use #pragma only_renderers and omit this platform?
WARNING: Shader If subshaders removal was intentional, you may have forgotten turning Fallback off?
There is no texture data available to upload.
WARNING: Shader Unsupported: 'Game/EntityTintMaskSSS' - All subshaders removed
WARNING: Shader Did you use #pragma only_renderers and omit this platform?
WARNING: Shader If subshaders removal was intentional, you may have forgotten turning Fallback off?
ERROR: Shader Game/EntityTintMaskSSS shader is not supported on this GPU (none of subshaders/fallbacks are suitable)
WARNING: Shader Unsupported: 'Game/EntityTintMaskSSS' - All subshaders removed
WARNING: Shader Did you use #pragma only_renderers and omit this platform?
WARNING: Shader If subshaders removal was intentional, you may have forgotten turning Fallback off?
ERROR: Shader Legacy Shaders/Particles/Alpha Blended shader is not supported on this GPU (none of subshaders/fallbacks are suitable)
WARNING: Shader Unsupported: 'Game/CharacterPlayerOutfit' - All subshaders removed
WARNING: Shader Did you use #pragma only_renderers and omit this platform?
WARNING: Shader If subshaders removal was intentional, you may have forgotten turning Fallback off?
ERROR: Shader Game/CharacterPlayerOutfit shader is not supported on this GPU (none of subshaders/fallbacks are suitable)
WARNING: Shader Unsupported: 'Game/CharacterPlayerOutfit' - All subshaders removed
WARNING: Shader Did you use #pragma only_renderers and omit this platform?
WARNING: Shader If subshaders removal was intentional, you may have forgotten turning Fallback off?
WARNING: Shader Unsupported: 'Game Particles/Lit' - All subshaders removed
WARNING: Shader Did you use #pragma only_renderers and omit this platform?
WARNING: Shader If subshaders removal was intentional, you may have forgotten turning Fallback off?
ERROR: Shader Game Particles/Lit shader is not supported on this GPU (none of subshaders/fallbacks are suitable)
WARNING: Shader Unsupported: 'Game Particles/Lit' - All subshaders removed
WARNING: Shader Did you use #pragma only_renderers and omit this platform?
WARNING: Shader If subshaders removal was intentional, you may have forgotten turning Fallback off?
WARNING: Shader Unsupported: 'Game Particles/Standard Surface' - All subshaders removed
WARNING: Shader Did you use #pragma only_renderers and omit this platform?
WARNING: Shader If subshaders removal was intentional, you may have forgotten turning Fallback off?
ERROR: Shader Game Particles/Standard Surface shader is not supported on this GPU (none of subshaders/fallbacks are suitable)
WARNING: Shader Unsupported: 'Game Particles/Standard Surface' - All subshaders removed
WARNING: Shader Did you use #pragma only_renderers and omit this platform?
WARNING: Shader If subshaders removal was intentional, you may have forgotten turning Fallback off?
There is no texture data available to upload.
WARNING: Shader Unsupported: 'Game/Autodesk' - All subshaders removed
WARNING: Shader Did you use #pragma only_renderers and omit this platform?
WARNING: Shader If subshaders removal was intentional, you may have forgotten turning Fallback off?
ERROR: Shader Game/Autodesk shader is not supported on this GPU (none of subshaders/fallbacks are suitable)
WARNING: Shader Unsupported: 'Game/Autodesk' - All subshaders removed
WARNING: Shader Did you use #pragma only_renderers and omit this platform?
WARNING: Shader If subshaders removal was intentional, you may have forgotten turning Fallback off?
WARNING: Shader Unsupported: '7DTD/7DTD_Sign_Illuminated' - All subshaders removed
WARNING: Shader Did you use #pragma only_renderers and omit this platform?
WARNING: Shader If subshaders removal was intentional, you may have forgotten turning Fallback off?
ERROR: Shader 7DTD/7DTD_Sign_Illuminated shader is not supported on this GPU (none of subshaders/fallbacks are suitable)
WARNING: Shader Unsupported: '7DTD/7DTD_Sign_Illuminated' - All subshaders removed
WARNING: Shader Did you use #pragma only_renderers and omit this platform?
WARNING: Shader If subshaders removal was intentional, you may have forgotten turning Fallback off?
There is no texture data available to upload.
WARNING: Shader Unsupported: 'Custom/SignTextShader' - All subshaders removed
WARNING: Shader Did you use #pragma only_renderers and omit this platform?
WARNING: Shader If subshaders removal was intentional, you may have forgotten turning Fallback off?
ERROR: Shader Custom/SignTextShader shader is not supported on this GPU (none of subshaders/fallbacks are suitable)
WARNING: Shader Unsupported: 'Custom/SignTextShader' - All subshaders removed
WARNING: Shader Did you use #pragma only_renderers and omit this platform?
WARNING: Shader If subshaders removal was intentional, you may have forgotten turning Fallback off?
WARNING: Shader Unsupported: 'Standard' - All subshaders removed
WARNING: Shader Did you use #pragma only_renderers and omit this platform?
WARNING: Shader If subshaders removal was intentional, you may have forgotten turning Fallback off?
ERROR: Shader Standard shader is not supported on this GPU (none of subshaders/fallbacks are suitable)
WARNING: Shader Unsupported: 'Standard' - All subshaders removed
WARNING: Shader Did you use #pragma only_renderers and omit this platform?
WARNING: Shader If subshaders removal was intentional, you may have forgotten turning Fallback off?
WARNING: Shader Unsupported: 'Nature/SpeedTree8' - All subshaders removed
WARNING: Shader Did you use #pragma only_renderers and omit this platform?
WARNING: Shader If subshaders removal was intentional, you may have forgotten turning Fallback off?
ERROR: Shader Nature/SpeedTree8 shader is not supported on this GPU (none of subshaders/fallbacks are suitable)
WARNING: Shader Unsupported: 'Nature/SpeedTree8' - All subshaders removed
WARNING: Shader Did you use #pragma only_renderers and omit this platform?
WARNING: Shader If subshaders removal was intentional, you may have forgotten turning Fallback off?
WARNING: Shader Unsupported: 'Game/SpeedTree8' - All subshaders removed
WARNING: Shader Did you use #pragma only_renderers and omit this platform?
WARNING: Shader If subshaders removal was intentional, you may have forgotten turning Fallback off?
ERROR: Shader Game/SpeedTree8 shader is not supported on this GPU (none of subshaders/fallbacks are suitable)
WARNING: Shader Unsupported: 'Game/SpeedTree8' - All subshaders removed
WARNING: Shader Did you use #pragma only_renderers and omit this platform?
WARNING: Shader If subshaders removal was intentional, you may have forgotten turning Fallback off?
WARNING: Shader Unsupported: 'Nature/SpeedTree' - All subshaders removed
WARNING: Shader Did you use #pragma only_renderers and omit this platform?
WARNING: Shader If subshaders removal was intentional, you may have forgotten turning Fallback off?
ERROR: Shader Nature/SpeedTree shader is not supported on this GPU (none of subshaders/fallbacks are suitable)
WARNING: Shader Unsupported: 'Nature/SpeedTree' - All subshaders removed
WARNING: Shader Did you use #pragma only_renderers and omit this platform?
WARNING: Shader If subshaders removal was intentional, you may have forgotten turning Fallback off?
WARNING: Shader Unsupported: 'Game/Autodesk XFade' - All subshaders removed
WARNING: Shader Did you use #pragma only_renderers and omit this platform?
WARNING: Shader If subshaders removal was intentional, you may have forgotten turning Fallback off?
ERROR: Shader Game/Autodesk XFade shader is not supported on this GPU (none of subshaders/fallbacks are suitable)
WARNING: Shader Unsupported: 'Game/Autodesk XFade' - All subshaders removed
WARNING: Shader Did you use #pragma only_renderers and omit this platform?
WARNING: Shader If subshaders removal was intentional, you may have forgotten turning Fallback off?
WARNING: Shader Unsupported: 'Standard (Specular setup)' - All subshaders removed
WARNING: Shader Did you use #pragma only_renderers and omit this platform?
WARNING: Shader If subshaders removal was intentional, you may have forgotten turning Fallback off?
ERROR: Shader Standard (Specular setup) shader is not supported on this GPU (none of subshaders/fallbacks are suitable)
WARNING: Shader Unsupported: 'Standard (Specular setup)' - All subshaders removed
WARNING: Shader Did you use #pragma only_renderers and omit this platform?
WARNING: Shader If subshaders removal was intentional, you may have forgotten turning Fallback off?
There is no texture data available to upload.
WARNING: Shader Unsupported: '7DTD/7DTD_RallyPoint' - All subshaders removed
WARNING: Shader Did you use #pragma only_renderers and omit this platform?
WARNING: Shader If subshaders removal was intentional, you may have forgotten turning Fallback off?
ERROR: Shader 7DTD/7DTD_RallyPoint shader is not supported on this GPU (none of subshaders/fallbacks are suitable)
WARNING: Shader Unsupported: '7DTD/7DTD_RallyPoint' - All subshaders removed
WARNING: Shader Did you use #pragma only_renderers and omit this platform?
WARNING: Shader If subshaders removal was intentional, you may have forgotten turning Fallback off?
No mesh data available for mesh GeneratorLightGlass on particle system OffState. Make sure Read/Write Enabled is set in the importer to work on the particle system renderer
No mesh data available for mesh GeneratorLightGlass on particle system RebootState. Make sure Read/Write Enabled is set in the importer to work on the particle system renderer
No mesh data available for mesh GeneratorLightGlass on particle system OnState. Make sure Read/Write Enabled is set in the importer to work on the particle system renderer
No mesh data available for mesh GeneratorLightGlass on particle system EnteringOnState. Make sure Read/Write Enabled is set in the importer to work on the particle system renderer
There is no texture data available to upload.
No mesh data available for mesh GeneratorLightGlass on particle system OnState. Make sure Read/Write Enabled is set in the importer to work on the particle system renderer
No mesh data available for mesh GeneratorLightGlass on particle system EnteringOnState. Make sure Read/Write Enabled is set in the importer to work on the particle system renderer
No mesh data available for mesh GeneratorLightGlass on particle system OffState. Make sure Read/Write Enabled is set in the importer to work on the particle system renderer
No mesh data available for mesh GeneratorLightGlass on particle system RebootState. Make sure Read/Write Enabled is set in the importer to work on the particle system renderer
ERROR: Shader Game/Character shader is not supported on this GPU (none of subshaders/fallbacks are suitable)
WARNING: Shader Unsupported: 'Game/Cloth' - All subshaders removed
WARNING: Shader Did you use #pragma only_renderers and omit this platform?
WARNING: Shader If subshaders removal was intentional, you may have forgotten turning Fallback off?
ERROR: Shader Game/Cloth shader is not supported on this GPU (none of subshaders/fallbacks are suitable)
WARNING: Shader Unsupported: 'Game/Cloth' - All subshaders removed
WARNING: Shader Did you use #pragma only_renderers and omit this platform?
WARNING: Shader If subshaders removal was intentional, you may have forgotten turning Fallback off?
WARNING: Shader Unsupported: 'Game Particles/shader_gas_unlit' - All subshaders removed
WARNING: Shader Did you use #pragma only_renderers and omit this platform?
WARNING: Shader If subshaders removal was intentional, you may have forgotten turning Fallback off?
ERROR: Shader Game Particles/shader_gas_unlit shader is not supported on this GPU (none of subshaders/fallbacks are suitable)
WARNING: Shader Unsupported: 'Game Particles/shader_gas_unlit' - All subshaders removed
WARNING: Shader Did you use #pragma only_renderers and omit this platform?
WARNING: Shader If subshaders removal was intentional, you may have forgotten turning Fallback off?
Unloading 5 Unused Serialized files (Serialized files now loaded: 11)
2025-12-28T01:55:35 19.209 INF Block IDs with mapping
2025-12-28T01:55:35 19.221 INF Block IDs total 23973, terr 29, last 24195
2025-12-28T01:55:35 19.238 INF Loaded (local): blocks in 9.38
Unloading 73940 unused Assets to reduce memory usage. Loaded Objects now: 84519.
Total: 330.030801 ms (FindLiveObjects: 6.098718 ms CreateObjectMapping: 7.492246 ms MarkObjects: 283.614635 ms  DeleteObjects: 32.823974 ms)

2025-12-28T01:55:36 19.849 INF Loaded (local): progression in 0.13
WARNING: Shader Unsupported: '7DTD_Unity5/WaterInBucket' - All subshaders removed
WARNING: Shader Did you use #pragma only_renderers and omit this platform?
WARNING: Shader If subshaders removal was intentional, you may have forgotten turning Fallback off?
ERROR: Shader 7DTD_Unity5/WaterInBucket shader is not supported on this GPU (none of subshaders/fallbacks are suitable)
WARNING: Shader Unsupported: '7DTD_Unity5/WaterInBucket' - All subshaders removed
WARNING: Shader Did you use #pragma only_renderers and omit this platform?
WARNING: Shader If subshaders removal was intentional, you may have forgotten turning Fallback off?
2025-12-28T01:55:36 20.266 INF Loaded (local): buffs in 0.17
2025-12-28T01:55:36 20.605 INF Loaded (local): misc in 0.10
WARNING: Shader Unsupported: 'Game/TorchFire' - All subshaders removed
WARNING: Shader Did you use #pragma only_renderers and omit this platform?
WARNING: Shader If subshaders removal was intentional, you may have forgotten turning Fallback off?
ERROR: Shader Game/TorchFire shader is not supported on this GPU (none of subshaders/fallbacks are suitable)
WARNING: Shader Unsupported: 'Game/TorchFire' - All subshaders removed
WARNING: Shader Did you use #pragma only_renderers and omit this platform?
WARNING: Shader If subshaders removal was intentional, you may have forgotten turning Fallback off?
WARNING: Shader Unsupported: 'Game/TorchFire' - All subshaders removed
WARNING: Shader Did you use #pragma only_renderers and omit this platform?
WARNING: Shader If subshaders removal was intentional, you may have forgotten turning Fallback off?
ERROR: Shader Game/TorchFire shader is not supported on this GPU (none of subshaders/fallbacks are suitable)
WARNING: Shader Unsupported: 'Game/TorchFire' - All subshaders removed
WARNING: Shader Did you use #pragma only_renderers and omit this platform?
WARNING: Shader If subshaders removal was intentional, you may have forgotten turning Fallback off?
WARNING: Shader Unsupported: '7DTD/TorchGlow' - All subshaders removed
WARNING: Shader Did you use #pragma only_renderers and omit this platform?
WARNING: Shader If subshaders removal was intentional, you may have forgotten turning Fallback off?
ERROR: Shader 7DTD/TorchGlow shader is not supported on this GPU (none of subshaders/fallbacks are suitable)
WARNING: Shader Unsupported: '7DTD/TorchGlow' - All subshaders removed
WARNING: Shader Did you use #pragma only_renderers and omit this platform?
WARNING: Shader If subshaders removal was intentional, you may have forgotten turning Fallback off?
There is no texture data available to upload.
2025-12-28T01:55:37 21.398 INF Loaded (local): items in 0.49
ERROR: Shader Shader Forge/7DTD_Particle_Additive shader is not supported on this GPU (none of subshaders/fallbacks are suitable)
WARNING: Shader Unsupported: 'Game/Glass Reflex' - All subshaders removed
WARNING: Shader Did you use #pragma only_renderers and omit this platform?
WARNING: Shader If subshaders removal was intentional, you may have forgotten turning Fallback off?
ERROR: Shader Game/Glass Reflex shader is not supported on this GPU (none of subshaders/fallbacks are suitable)
WARNING: Shader Unsupported: 'Game/Glass Reflex' - All subshaders removed
WARNING: Shader Did you use #pragma only_renderers and omit this platform?
WARNING: Shader If subshaders removal was intentional, you may have forgotten turning Fallback off?
2025-12-28T01:55:38 21.767 INF Item IDs with mapping
2025-12-28T01:55:38 21.768 INF ItemIDs from Mapping
2025-12-28T01:55:38 21.772 INF ItemClass assignLeftOverItems 66882 of 81920
2025-12-28T01:55:38 21.829 INF Loaded (local): item_modifiers in 0.06
2025-12-28T01:55:38 22.179 INF Loaded (local): entityclasses in 0.10
2025-12-28T01:55:38 22.530 INF Loaded (local): qualityinfo in 0.10
2025-12-28T01:55:39 22.879 INF Loaded (local): sounds in 0.10
2025-12-28T01:55:39 23.229 INF Loaded (local): recipes in 0.10
2025-12-28T01:55:39 23.579 INF Loaded (local): blockplaceholders in 0.10
2025-12-28T01:55:40 23.929 INF Loaded (local): loot in 0.10
2025-12-28T01:55:40 24.279 INF Loaded (local): entitygroups in 0.10
2025-12-28T01:55:40 24.629 INF Loaded (local): utilityai in 0.10
2025-12-28T01:55:41 24.979 INF Loaded (local): vehicles in 0.10
2025-12-28T01:55:41 25.330 INF Loaded (local): rwgmixer in 0.10
2025-12-28T01:55:41 25.680 INF Loaded (local): weathersurvival in 0.10
2025-12-28T01:55:42 26.030 INF Loaded (local): archetypes in 0.10
2025-12-28T01:55:42 26.380 INF Loaded (local): challenges in 0.10
2025-12-28T01:55:43 26.729 INF Loaded (local): quests in 0.10
2025-12-28T01:55:43 27.080 INF Loaded (local): traders in 0.10
2025-12-28T01:55:43 27.430 INF Loaded (local): npc in 0.10
2025-12-28T01:55:44 27.780 INF Loaded (local): dialogs in 0.10
2025-12-28T01:55:44 28.130 INF Loaded (local): ui_display in 0.10
2025-12-28T01:55:44 28.480 INF Loaded (local): nav_objects in 0.10
2025-12-28T01:55:45 28.830 INF Loaded (local): gamestages in 0.10
2025-12-28T01:55:45 29.349 INF Loaded (local): gameevents in 0.27
2025-12-28T01:55:45 29.690 INF Loaded (local): twitch in 0.10
2025-12-28T01:55:46 30.055 INF Loaded (local): twitch_events in 0.11
2025-12-28T01:55:46 30.390 INF Loaded (local): dmscontent in 0.10
2025-12-28T01:55:47 30.740 INF Loaded (local): XUi_Common/styles in 0.10
2025-12-28T01:55:47 31.090 INF Loaded (local): XUi_Common/controls in 0.10
2025-12-28T01:55:47 31.439 INF Loaded (local): XUi/styles in 0.10
2025-12-28T01:55:48 31.790 INF Loaded (local): XUi/controls in 0.10
2025-12-28T01:55:48 32.140 INF Loaded (local): XUi/windows in 0.10
2025-12-28T01:55:48 32.490 INF Loaded (local): XUi/xui in 0.10
2025-12-28T01:55:49 32.839 INF Loaded (local): biomes in 0.10
2025-12-28T01:55:49 33.190 INF Loaded (local): worldglobal in 0.10
2025-12-28T01:55:49 33.540 INF Loaded (local): spawning in 0.10
2025-12-28T01:55:50 33.890 INF Loaded (local): loadingscreen in 0.10
2025-12-28T01:55:50 34.192 INF Added 1335 subtitle data entries and 3 speaker colors
2025-12-28T01:55:50 34.240 INF Loaded (local): subtitles in 0.10
2025-12-28T01:55:50 34.590 INF Loaded (local): videos in 0.10
2025-12-28T01:55:51 34.741 INF Loading players.xml
2025-12-28T01:55:51 34.765 INF createWorld: New Jepoda Valley, ChickenNoodleSoup, GameModeSurvival
2025-12-28T01:55:51 34.766 INF Occlusion: Disabled
2025-12-28T01:55:51 34.795 INF Started thread ChunkRegeneration
2025-12-28T01:55:51 34.795 INF Started thread ChunkCalc
2025-12-28T01:55:51 34.795 INF Started thread ChunkMeshBake
2025-12-28T01:55:51 34.892 INF World.Load: New Jepoda Valley
2025-12-28T01:55:51 34.912 INF BloodMoon SetDay: day 42, last day 35, freq 7, range 0
2025-12-28T01:55:51 34.944 INF Started thread WaterSimulationApplyChanges
2025-12-28T01:55:55 39.534 INF Started thread GenerateChunks
Unloading 1 Unused Serialized files (Serialized files now loaded: 11)
Unloading 2302 unused Assets to reduce memory usage. Loaded Objects now: 82719.
Total: 404.330089 ms (FindLiveObjects: 4.354975 ms CreateObjectMapping: 4.628482 ms MarkObjects: 394.520796 ms  DeleteObjects: 0.825353 ms)

2025-12-28T01:55:57 41.334 INF Calculating world hashes took 852 ms (world size 266 MiB)
2025-12-28T01:55:57 41.336 INF Initial ENABLE_FILE_BACKED_ARRAYS == False
2025-12-28T01:55:57 41.436 INF Loading dtm raw file took 1853ms
Unloading 0 Unused Serialized files (Serialized files now loaded: 11)
Unloading 0 unused Assets to reduce memory usage. Loaded Objects now: 82719.
Total: 423.541523 ms (FindLiveObjects: 4.687211 ms CreateObjectMapping: 5.519597 ms MarkObjects: 413.230845 ms  DeleteObjects: 0.103257 ms)

2025-12-28T01:55:58 42.369 INF Biomes image size w= 1024, h = 1024
Unloading 0 Unused Serialized files (Serialized files now loaded: 11)
Unloading 0 unused Assets to reduce memory usage. Loaded Objects now: 82719.
Total: 444.040387 ms (FindLiveObjects: 4.198113 ms CreateObjectMapping: 4.850147 ms MarkObjects: 434.698858 ms  DeleteObjects: 0.292352 ms)

Texture with ID 2780 and with size 8192x8192 was too large for graphics device maximum supported texture size (4096x4096). Falling back to a dummy texture. Generate mip maps to provide lower size fallback.
Unloading 0 Unused Serialized files (Serialized files now loaded: 11)
Unloading 0 unused Assets to reduce memory usage. Loaded Objects now: 82719.
Total: 479.985324 ms (FindLiveObjects: 5.423004 ms CreateObjectMapping: 5.667602 ms MarkObjects: 468.734639 ms  DeleteObjects: 0.159048 ms)

2025-12-28T01:56:01 45.347 INF Loading and creating biomes took 3911ms
Unloading 0 Unused Serialized files (Serialized files now loaded: 11)
Unloading 0 unused Assets to reduce memory usage. Loaded Objects now: 82719.
Total: 412.739883 ms (FindLiveObjects: 2.938350 ms CreateObjectMapping: 3.220620 ms MarkObjects: 406.480700 ms  DeleteObjects: 0.099595 ms)

Texture with ID 2781 and with size 8192x8192 was too large for graphics device maximum supported texture size (4096x4096). Falling back to a dummy texture. Generate mip maps to provide lower size fallback.
Unloading 0 Unused Serialized files (Serialized files now loaded: 11)
Unloading 0 unused Assets to reduce memory usage. Loaded Objects now: 82720.
Total: 313.309848 ms (FindLiveObjects: 1.953125 ms CreateObjectMapping: 2.092318 ms MarkObjects: 309.137510 ms  DeleteObjects: 0.125871 ms)

Texture with ID 2782 and with size 8192x8192 was too large for graphics device maximum supported texture size (4096x4096). Falling back to a dummy texture. Generate mip maps to provide lower size fallback.
Unloading 0 Unused Serialized files (Serialized files now loaded: 11)
Unloading 0 unused Assets to reduce memory usage. Loaded Objects now: 82721.
Total: 314.696268 ms (FindLiveObjects: 1.891538 ms CreateObjectMapping: 1.993842 ms MarkObjects: 310.713240 ms  DeleteObjects: 0.096994 ms)

2025-12-28T01:56:04 48.225 INF Loading and creating shader control textures took 2877ms
Unloading 0 Unused Serialized files (Serialized files now loaded: 11)
Unloading 0 unused Assets to reduce memory usage. Loaded Objects now: 82723.
Total: 306.502862 ms (FindLiveObjects: 2.025108 ms CreateObjectMapping: 2.091002 ms MarkObjects: 302.277081 ms  DeleteObjects: 0.109049 ms)

2025-12-28T01:56:05 49.457 INF Loading and parsing of generator took 1232ms
2025-12-28T01:56:05 49.520 INF Computed 1117 chunk groups containing a total of 28713 chunks. Largest group contains 434 chunks.
2025-12-28T01:56:05 49.587 INF Started thread SaveChunks /home/sdtdserver/.local/share/7DaysToDie/Saves/New Jepoda Valley/ChickenNoodleSoup/Region
Unloading 0 Unused Serialized files (Serialized files now loaded: 11)
Unloading 0 unused Assets to reduce memory usage. Loaded Objects now: 82723.
Total: 310.204775 ms (FindLiveObjects: 3.020607 ms CreateObjectMapping: 2.665092 ms MarkObjects: 304.418209 ms  DeleteObjects: 0.100284 ms)

2025-12-28T01:56:07 51.490 INF [DECO] read 173404
2025-12-28T01:56:07 51.625 INF Dynamic Music Initialized on Server
2025-12-28T01:56:07 51.625 INF Dynamic Music Initialized on Dedi
2025-12-28T01:56:07 51.631 INF AstarManager Init
2025-12-28T01:56:08 51.901 INF WeatherManager: Init 8 weather packages
WARNING: Shader Unsupported: '7DTD_Unity5/Wire' - All subshaders removed
WARNING: Shader Did you use #pragma only_renderers and omit this platform?
WARNING: Shader If subshaders removal was intentional, you may have forgotten turning Fallback off?
ERROR: Shader 7DTD_Unity5/Wire shader is not supported on this GPU (none of subshaders/fallbacks are suitable)
WARNING: Shader Unsupported: '7DTD_Unity5/Wire' - All subshaders removed
WARNING: Shader Did you use #pragma only_renderers and omit this platform?
WARNING: Shader If subshaders removal was intentional, you may have forgotten turning Fallback off?
There is no texture data available to upload.
There is no texture data available to upload.
2025-12-28T01:56:08 52.257 INF createWorld() done
2025-12-28T01:56:08 52.301 INF WeatherManager: ApplySavedPackages
2025-12-28T01:56:08 52.351 INF Loaded player
2025-12-28T01:56:08 52.409 INF 792 VehicleManager read #0, id 13225, vehicleTruck4x4, (-1009.2, 35.1, -259.1), chunk -64, -17
2025-12-28T01:56:08 52.409 INF VehicleManager /home/sdtdserver/.local/share/7DaysToDie/Saves/New Jepoda Valley/ChickenNoodleSoup/vehicles.dat, loaded 1
2025-12-28T01:56:08 52.410 INF DroneManager /home/sdtdserver/.local/share/7DaysToDie/Saves/New Jepoda Valley/ChickenNoodleSoup/drones.dat, loaded 1
2025-12-28T01:56:08 52.411 INF TurretTracker /home/sdtdserver/.local/share/7DaysToDie/Saves/New Jepoda Valley/ChickenNoodleSoup/turrets.dat, loaded 4
2025-12-28T01:56:08 52.504 INF [EOS] Registering server
2025-12-28T01:56:08 52.521 INF [PlayerInteractions] JoinedMultplayerServer
2025-12-28T01:56:08 52.524 INF [EAC] Starting EAC server
Unloading 1 Unused Serialized files (Serialized files now loaded: 11)
Unloading 69 unused Assets to reduce memory usage. Loaded Objects now: 84017.
Total: 356.038248 ms (FindLiveObjects: 2.374814 ms CreateObjectMapping: 2.310854 ms MarkObjects: 351.225960 ms  DeleteObjects: 0.126144 ms)

[S_API] SteamAPI_Init(): Loaded local 'steamclient.so' OK.
CAppInfoCacheReadFromDiskThread took 0 milliseconds to initialize
dlmopen steamservice.so failed: steamservice.so: cannot open shared object file: No such file or directory
Setting breakpad minidump AppID = 251570
SteamInternal_SetMinidumpSteamID:  Caching Steam ID:  76561197960265728 [API loaded no]
[S_API FAIL] Tried to access Steam interface SteamNetworkingUtils004 before SteamAPI_Init succeeded.
2025-12-28T01:56:09 53.369 INF Loading dymesh settings
2025-12-28T01:56:09 53.369 INF Dynamic Mesh Settings
2025-12-28T01:56:09 53.370 INF Use Imposter Values: False
2025-12-28T01:56:09 53.370 INF Only Player Areas: True
2025-12-28T01:56:09 53.370 INF Player Area Buffer: 3
2025-12-28T01:56:09 53.370 INF Max View Distance: 1000
2025-12-28T01:56:09 53.370 INF Regen all on new world: False
2025-12-28T01:56:09 53.371 INF Dymesh: Prepping dynamic mesh. Resend Default: True
2025-12-28T01:56:09 53.371 INF Dymesh: Mesh location: /home/sdtdserver/.local/share/7DaysToDie/Saves/New Jepoda Valley/ChickenNoodleSoup/DynamicMeshes/
2025-12-28T01:56:09 53.373 INF [Web] Webserver not started, WebDashboardEnabled set to false
2025-12-28T01:56:09 53.373 INF StartGame done
2025-12-28T01:56:09 53.375 INF [Steamworks.NET] Registering auth callbacks
2025-12-28T01:56:09 53.377 INF [Steamworks.NET] GameServer.Init successful
2025-12-28T01:56:09 53.379 INF [Steamworks.NET] Making server public
2025-12-28T01:56:09 53.670 INF [EOS] Server registered, session: 158b00e710e44f69ac1ec6a427645806, 53 attributes
2025-12-28T01:56:09 53.673 INF [EOS] Session address: 13*.5*.14*.16*
2025-12-28T01:56:10 53.819 INF [Steamworks.NET] GameServer.LogOn successful, SteamID=90279296814302223, public IP=13*.5*.14*.16*
2025-12-28T01:56:10 54.419 INF Dymesh: Warming dynamic mesh
2025-12-28T01:56:10 54.419 INF Dymesh: Creating dynamic mesh manager
2025-12-28T01:56:10 54.421 INF Dymesh: Awake
2025-12-28T01:56:10 54.421 INF Dymesh: Mesh location: /home/sdtdserver/.local/share/7DaysToDie/Saves/New Jepoda Valley/ChickenNoodleSoup/DynamicMeshes/
2025-12-28T01:56:10 54.422 INF Dymesh: Loading Items: /home/sdtdserver/.local/share/7DaysToDie/Saves/New Jepoda Valley/ChickenNoodleSoup/DynamicMeshes/
2025-12-28T01:56:10 54.430 INF Dymesh: Loaded Items: 13
2025-12-28T01:56:10 54.430 INF Dymesh: Loading all items took: 0.008062 seconds.
2025-12-28T01:56:10 54.433 INF Clearing queues.
2025-12-28T01:56:10 54.433 INF Cleared queues.
2025-12-28T01:56:10 54.434 INF Dynamic thread starting
2025-12-28T01:56:10 54.436 INF Dymesh door replacement: imposterBlock
2025-12-28T01:56:23 66.841 INF [DECO] written 173404, in 22ms
2025-12-28T01:56:23 66.844 INF [DECO] write thread 1ms
2025-12-28T13:55:40 43223.775 WRN [EOS] [LogHttp - Warning] 0x60ea00982040: request has been successfully processed. URL: https://api.epicgames.dev/datarouter/api/v1/public/data/clients?AppID=85fffb61212b491999cd7fc03eb09bf6&AppVersion=1.16.4-36651368&AppEnvironment=8a44365d5ccb43328b4df2f8ca199e43&UploadType=eteventstream&SessionID=99F6F7704F1546D7A257A663E8801EC4, HTTP code: 500, content length: 142, actual payload size: 142, elapsed: 4.02s
2025-12-28T13:55:40 43223.780 WRN [EOS] [LogHttp - Warning] 0x60ea00982040 Response Header Server: awselb/2.0
2025-12-28T13:55:40 43223.780 WRN [EOS] [LogHttp - Warning] 0x60ea00982040 Response Header Date: Sun, 28 Dec 2025 12:55:39 GMT
2025-12-28T13:55:40 43223.780 WRN [EOS] [LogHttp - Warning] 0x60ea00982040 Response Header Content-Type: text/html
2025-12-28T13:55:40 43223.780 WRN [EOS] [LogHttp - Warning] 0x60ea00982040 Response Header Content-Length: 142
2025-12-28T13:55:40 43223.780 WRN [EOS] [LogHttp - Warning] 0x60ea00982040 Response Header Connection: close
2025-12-28T13:55:40 43223.780 WRN [EOS] [LogEOS - Warning] Error response received from backend. Response is not JSON. ServiceName=[Metrics], OperationName=[SendBackendEvent], Url=[<Redacted>], HttpStatus=[500], CorrId=[]
2025-12-28T13:55:45 43229.338 WRN [EOS] [LogHttp - Warning] 0x60ea00982040: request has been successfully processed. URL: https://api.epicgames.dev/anticheat/v6/service/status/, HTTP code: 500, content length: 142, actual payload size: 142, elapsed: 4.11s
2025-12-28T13:55:45 43229.338 WRN [EOS] [LogHttp - Warning] 0x60ea00982040 Response Header Server: awselb/2.0
2025-12-28T13:55:45 43229.338 WRN [EOS] [LogHttp - Warning] 0x60ea00982040 Response Header Date: Sun, 28 Dec 2025 12:55:45 GMT
2025-12-28T13:55:45 43229.338 WRN [EOS] [LogHttp - Warning] 0x60ea00982040 Response Header Content-Type: text/html
2025-12-28T13:55:45 43229.338 WRN [EOS] [LogHttp - Warning] 0x60ea00982040 Response Header Content-Length: 142
2025-12-28T13:55:45 43229.338 WRN [EOS] [LogHttp - Warning] 0x60ea00982040 Response Header Connection: close
2025-12-28T13:55:45 43229.338 WRN [EOS] [LogEOS - Warning] Error response received from backend. Response is not JSON. ServiceName=[AntiCheat], OperationName=[GameStatus], Url=[<Redacted>], HttpStatus=[500], CorrId=[]
2025-12-28T13:55:46 43230.637 WRN [EOS] [LogHttp - Warning] 0x60ea00d8d550: request has been successfully processed. URL: https://api.epicgames.dev/matchmaking/v1/c9ccbd00333f4dd6995beb7c75000942/sessions/158b00e710e44f69ac1ec6a427645806/lastupdated, HTTP code: 500, content length: 142, actual payload size: 142, elapsed: 4.06s
2025-12-28T13:55:46 43230.637 WRN [EOS] [LogHttp - Warning] 0x60ea00d8d550 Response Header Server: awselb/2.0
2025-12-28T13:55:46 43230.637 WRN [EOS] [LogHttp - Warning] 0x60ea00d8d550 Response Header Date: Sun, 28 Dec 2025 12:55:46 GMT
2025-12-28T13:55:46 43230.637 WRN [EOS] [LogHttp - Warning] 0x60ea00d8d550 Response Header Content-Type: text/html
2025-12-28T13:55:46 43230.637 WRN [EOS] [LogHttp - Warning] 0x60ea00d8d550 Response Header Content-Length: 142
2025-12-28T13:55:46 43230.637 WRN [EOS] [LogHttp - Warning] 0x60ea00d8d550 Response Header Connection: close
2025-12-28T13:55:46 43230.637 WRN [EOS] [LogEOS - Warning] Error response received from backend. Response is not JSON. ServiceName=[Sessions], OperationName=[HeartbeatSession], Url=[<Redacted>], HttpStatus=[500], CorrId=[]
2025-12-28T13:55:51 43234.942 WRN [EOS] [LogHttp - Warning] 0x60ea00982040: request has been successfully processed. URL: https://api.epicgames.dev/matchmaking/v1/c9ccbd00333f4dd6995beb7c75000942/sessions/158b00e710e44f69ac1ec6a427645806/lastupdated, HTTP code: 500, content length: 142, actual payload size: 142, elapsed: 4.05s
2025-12-28T13:55:51 43234.942 WRN [EOS] [LogHttp - Warning] 0x60ea00982040 Response Header Server: awselb/2.0
2025-12-28T13:55:51 43234.942 WRN [EOS] [LogHttp - Warning] 0x60ea00982040 Response Header Date: Sun, 28 Dec 2025 12:55:51 GMT
2025-12-28T13:55:51 43234.942 WRN [EOS] [LogHttp - Warning] 0x60ea00982040 Response Header Content-Type: text/html
2025-12-28T13:55:51 43234.942 WRN [EOS] [LogHttp - Warning] 0x60ea00982040 Response Header Content-Length: 142
2025-12-28T13:55:51 43234.942 WRN [EOS] [LogHttp - Warning] 0x60ea00982040 Response Header Connection: close
2025-12-28T13:55:51 43234.942 WRN [EOS] [LogEOS - Warning] Error response received from backend. Response is not JSON. ServiceName=[Sessions], OperationName=[HeartbeatSession], Url=[<Redacted>], HttpStatus=[500], CorrId=[]
2025-12-28T13:55:55 43239.390 WRN [EOS] [LogHttp - Warning] 0x60ea00982040: request has been successfully processed. URL: https://api.epicgames.dev/matchmaking/v1/c9ccbd00333f4dd6995beb7c75000942/sessions/158b00e710e44f69ac1ec6a427645806/lastupdated, HTTP code: 500, content length: 142, actual payload size: 142, elapsed: 4.06s
2025-12-28T13:55:55 43239.390 WRN [EOS] [LogHttp - Warning] 0x60ea00982040 Response Header Server: awselb/2.0
2025-12-28T13:55:55 43239.390 WRN [EOS] [LogHttp - Warning] 0x60ea00982040 Response Header Date: Sun, 28 Dec 2025 12:55:55 GMT
2025-12-28T13:55:55 43239.390 WRN [EOS] [LogHttp - Warning] 0x60ea00982040 Response Header Content-Type: text/html
2025-12-28T13:55:55 43239.390 WRN [EOS] [LogHttp - Warning] 0x60ea00982040 Response Header Content-Length: 142
2025-12-28T13:55:55 43239.390 WRN [EOS] [LogHttp - Warning] 0x60ea00982040 Response Header Connection: close
2025-12-28T13:55:55 43239.390 WRN [EOS] [LogEOS - Warning] Error response received from backend. Response is not JSON. ServiceName=[Sessions], OperationName=[HeartbeatSession], Url=[<Redacted>], HttpStatus=[500], CorrId=[]
2025-12-28T13:56:00 43243.730 WRN [EOS] [LogHttp - Warning] 0x60ea00982040: request has been successfully processed. URL: https://api.epicgames.dev/matchmaking/v1/c9ccbd00333f4dd6995beb7c75000942/sessions/158b00e710e44f69ac1ec6a427645806, HTTP code: 500, content length: 142, actual payload size: 142, elapsed: 4.06s
2025-12-28T13:56:00 43243.730 WRN [EOS] [LogHttp - Warning] 0x60ea00982040 Response Header Server: awselb/2.0
2025-12-28T13:56:00 43243.730 WRN [EOS] [LogHttp - Warning] 0x60ea00982040 Response Header Date: Sun, 28 Dec 2025 12:55:59 GMT
2025-12-28T13:56:00 43243.730 WRN [EOS] [LogHttp - Warning] 0x60ea00982040 Response Header Content-Type: text/html
2025-12-28T13:56:00 43243.730 WRN [EOS] [LogHttp - Warning] 0x60ea00982040 Response Header Content-Length: 142
2025-12-28T13:56:00 43243.730 WRN [EOS] [LogHttp - Warning] 0x60ea00982040 Response Header Connection: close
2025-12-28T13:56:00 43243.730 WRN [EOS] [LogEOS - Warning] Error response received from backend. Response is not JSON. ServiceName=[Sessions], OperationName=[UpsertSession], Url=[<Redacted>], HttpStatus=[500], CorrId=[]
2025-12-28T13:56:00 43244.044 ERR [EOS] Failed updating session on backend: UnrecognizedResponse. From: UnityEngine.StackTraceUtility:ExtractStackTrace ()
Platform.EOS.SessionsHost:sessionUpdatedCallback (Epic.OnlineServices.Sessions.UpdateSessionCallbackInfo&)
Platform.EOS.SessionsHost:commitSessionCallbackWrapper (Epic.OnlineServices.Sessions.UpdateSessionCallbackInfo&)
Epic.OnlineServices.Sessions.SessionsInterface:OnUpdateSessionCallbackInternalImplementation (Epic.OnlineServices.Sessions.UpdateSessionCallbackInfoInternal&)
Epic.OnlineServices.Platform.PlatformInterface:Tick ()
Platform.EOS.Api:Update ()
Platform.AbsPlatform:Update ()
Platform.PlatformManager:Update ()
GameManager:gmUpdate ()
GameManager:Update ()

2025-12-28T13:56:00 43244.045 WRN [EOS] Attribute count: 53
2025-12-28T13:56:04 43248.154 WRN [EOS] [LogHttp - Warning] 0x60ea00982040: request has been successfully processed. URL: https://api.epicgames.dev/matchmaking/v1/c9ccbd00333f4dd6995beb7c75000942/sessions/158b00e710e44f69ac1ec6a427645806/lastupdated, HTTP code: 500, content length: 142, actual payload size: 142, elapsed: 4.06s
2025-12-28T13:56:04 43248.155 WRN [EOS] [LogHttp - Warning] 0x60ea00982040 Response Header Server: awselb/2.0
2025-12-28T13:56:04 43248.155 WRN [EOS] [LogHttp - Warning] 0x60ea00982040 Response Header Date: Sun, 28 Dec 2025 12:56:04 GMT
2025-12-28T13:56:04 43248.155 WRN [EOS] [LogHttp - Warning] 0x60ea00982040 Response Header Content-Type: text/html
2025-12-28T13:56:04 43248.155 WRN [EOS] [LogHttp - Warning] 0x60ea00982040 Response Header Content-Length: 142
2025-12-28T13:56:04 43248.155 WRN [EOS] [LogHttp - Warning] 0x60ea00982040 Response Header Connection: close
2025-12-28T13:56:04 43248.156 WRN [EOS] [LogEOS - Warning] Error response received from backend. Response is not JSON. ServiceName=[Sessions], OperationName=[HeartbeatSession], Url=[<Redacted>], HttpStatus=[500], CorrId=[]
2025-12-28T13:56:15 43259.199 WRN [EOS] [LogHttp - Warning] 0x60ea00982040: request has been successfully processed. URL: https://api.epicgames.dev/anticheat/v6/service/status/, HTTP code: 500, content length: 142, actual payload size: 142, elapsed: 4.02s
2025-12-28T13:56:15 43259.199 WRN [EOS] [LogHttp - Warning] 0x60ea00982040 Response Header Server: awselb/2.0
2025-12-28T13:56:15 43259.200 WRN [EOS] [LogHttp - Warning] 0x60ea00982040 Response Header Date: Sun, 28 Dec 2025 12:56:15 GMT
2025-12-28T13:56:15 43259.200 WRN [EOS] [LogHttp - Warning] 0x60ea00982040 Response Header Content-Type: text/html
2025-12-28T13:56:15 43259.200 WRN [EOS] [LogHttp - Warning] 0x60ea00982040 Response Header Content-Length: 142
2025-12-28T13:56:15 43259.200 WRN [EOS] [LogHttp - Warning] 0x60ea00982040 Response Header Connection: close
2025-12-28T13:56:15 43259.200 WRN [EOS] [LogEOS - Warning] Error response received from backend. Response is not JSON. ServiceName=[AntiCheat], OperationName=[GameStatus], Url=[<Redacted>], HttpStatus=[500], CorrId=[]
2025-12-28T13:56:20 43264.660 WRN [EOS] [LogHttp - Warning] 0x60ea00982040: request has been successfully processed. URL: https://api.epicgames.dev/telemetry/data/datarouter/api/v1/public/data?SessionID=%7B9C61FDA2-7A1E-44AD-8D84-675C11572E78%7D&AppID=EOSSDK.PhaseRelease.ReleaseBuild&AppVersion=1.16.4-36651368%20-%20%2B%2BEOSSDK%2BRelease-1.16.4-CL-36651368&UserID=&AppEnvironment=Production&UploadType=sdkevents, HTTP code: 500, content length: 142, actual payload size: 142, elapsed: 4.06s
2025-12-28T13:56:42 43285.921 WRN [EOS] [LogEOS - Warning] Error response received from backend. Response is not JSON. ServiceName=[SDKConfig], OperationName=[GetProductConfigRoute], Url=[<Redacted>], HttpStatus=[500], CorrId=[]
2025-12-28T13:56:42 43286.013 WRN [EOS] [LogEOS - Warning] SDK Config Product Update Request Failed, Result Code: EOS_UnrecognizedResponse, Retrying after 59.016384 seconds
2025-12-28T13:56:45 43289.311 WRN [EOS] [LogEOS - Warning] Error response received from backend. Response is not JSON. ServiceName=[AntiCheat], OperationName=[GameStatus], Url=[<Redacted>], HttpStatus=[500], CorrId=[]
2025-12-28T13:57:45 43349.263 WRN [EOS] [LogEOS - Warning] Error response received from backend. Response is not JSON. ServiceName=[SDKConfig], OperationName=[GetProductConfigRoute], Url=[<Redacted>], HttpStatus=[500], CorrId=[]
2025-12-28T13:57:45 43349.413 WRN [EOS] [LogEOS - Warning] SDK Config Product Update Request Failed, Result Code: EOS_UnrecognizedResponse, Retrying after 39.017818 seconds
2025-12-28T13:58:28 43392.581 WRN [EOS] [LogEOS - Warning] Error response received from backend. Response is not JSON. ServiceName=[SDKConfig], OperationName=[GetProductConfigRoute], Url=[<Redacted>], HttpStatus=[500], CorrId=[]
2025-12-28T13:58:29 43392.728 WRN [EOS] [LogEOS - Warning] SDK Config Product Update Request Failed, Result Code: EOS_UnrecognizedResponse, Retrying after 40.551418 seconds
2025-12-28T13:59:15 43439.433 WRN [EOS] [LogEOS - Warning] Error response received from backend. Response is not JSON. ServiceName=[AntiCheat], OperationName=[GameStatus], Url=[<Redacted>], HttpStatus=[500], CorrId=[]
2025-12-28T13:59:39 43463.590 WRN [EOS] [LogEOS - Warning] Error response received from backend. Response is not JSON. ServiceName=[Metrics], OperationName=[SendBackendEvent], Url=[<Redacted>], HttpStatus=[500], CorrId=[]
2025-12-28T14:00:03 43487.231 WRN [EOS] [LogEOS - Warning] Error response received from backend. Response is not JSON. ServiceName=[Sessions], OperationName=[UpsertSession], Url=[<Redacted>], HttpStatus=[500], CorrId=[]
2025-12-28T14:00:03 43487.441 ERR [EOS] Failed updating session on backend: UnrecognizedResponse. From: UnityEngine.StackTraceUtility:ExtractStackTrace ()
Platform.EOS.SessionsHost:sessionUpdatedCallback (Epic.OnlineServices.Sessions.UpdateSessionCallbackInfo&)
Platform.EOS.SessionsHost:commitSessionCallbackWrapper (Epic.OnlineServices.Sessions.UpdateSessionCallbackInfo&)
Epic.OnlineServices.Sessions.SessionsInterface:OnUpdateSessionCallbackInternalImplementation (Epic.OnlineServices.Sessions.UpdateSessionCallbackInfoInternal&)
Epic.OnlineServices.Platform.PlatformInterface:Tick ()
Platform.EOS.Api:Update ()
Platform.AbsPlatform:Update ()
Platform.PlatformManager:Update ()
GameManager:gmUpdate ()
GameManager:Update ()

2025-12-28T14:00:03 43487.443 WRN [EOS] Attribute count: 53
2025-12-28T14:00:34 43518.494 WRN [EOS] [LogEOS - Warning] Error response received from backend. Response is not JSON. ServiceName=[Sessions], OperationName=[HeartbeatSession], Url=[<Redacted>], HttpStatus=[500], CorrId=[]
2025-12-28T14:01:21 43565.345 WRN [EOS] [LogEOS - Warning] Error response received from backend. Response is not JSON. ServiceName=[Sessions], OperationName=[HeartbeatSession], Url=[<Redacted>], HttpStatus=[500], CorrId=[]
2025-12-28T14:01:25 43569.706 WRN [EOS] [LogEOS - Warning] Error response received from backend. Response is not JSON. ServiceName=[Sessions], OperationName=[HeartbeatSession], Url=[<Redacted>], HttpStatus=[500], CorrId=[]
2024-12-29T14:05:41 130230.482 INF [EOS] [LogHttp - Warning] Skipped 77 warnings within the last 600 seconds!
2024-12-29T14:05:41 130230.487 WRN [EOS] [LogHttp - Warning] 0x60e9fe645890: invalid HTTP response code received. URL: https://api.epicgames.dev/anticheat/v6/service/status/, HTTP code: 0, content length: 0, actual payload size: 0
2024-12-29T14:05:41 130230.488 WRN [EOS] [LogHttp - Warning] 0x60e9fe645890: request failed, libcurl error: 60 (SSL peer certificate or SSH remote key was not OK)
2024-12-29T14:05:41 130230.488 WRN [EOS] [LogHttp - Warning] 0x60e9fe645890: libcurl info message cache 0 (  Trying 3.224.192.131:443...)
2024-12-29T14:05:41 130230.488 WRN [EOS] [LogHttp - Warning] 0x60e9fe645890: libcurl info message cache 1 (Connected to api.epicgames.dev (3.224.192.131) port 443)
2024-12-29T14:05:41 130230.488 WRN [EOS] [LogHttp - Warning] 0x60e9fe645890: libcurl info message cache 2 (ALPN: curl offers http/1.1)
2024-12-29T14:05:41 130230.488 WRN [EOS] [LogHttp - Warning] 0x60e9fe645890: libcurl info message cache 3 (SSL reusing session ID)
2024-12-29T14:05:41 130230.488 WRN [EOS] [LogHttp - Warning] 0x60e9fe645890: libcurl info message cache 4 (TLSv1.3 (OUT), TLS handshake, Client hello (1):)
2024-12-29T14:05:41 130230.488 WRN [EOS] [LogHttp - Warning] 0x60e9fe645890: libcurl info message cache 5 (TLSv1.3 (IN), TLS handshake, Server hello (2):)
2024-12-29T14:05:41 130230.488 WRN [EOS] [LogHttp - Warning] 0x60e9fe645890: libcurl info message cache 6 (TLSv1.3 (IN), TLS handshake, Encrypted Extensions (8):)
2024-12-29T14:05:41 130230.488 WRN [EOS] [LogHttp - Warning] 0x60e9fe645890: libcurl info message cache 7 (TLSv1.3 (IN), TLS handshake, Certificate (11):)
2024-12-29T14:05:41 130230.488 WRN [EOS] [LogHttp - Warning] 0x60e9fe645890: libcurl info message cache 8 (TLSv1.3 (OUT), TLS alert, bad certificate (554):)
2024-12-29T14:05:41 130230.488 WRN [EOS] [LogHttp - Warning] 0x60e9fe645890: libcurl info message cache 9 (SSL certificate problem: certificate is not yet valid)
2024-12-29T14:05:41 130230.488 WRN [EOS] [LogHttp - Warning] 0x60e9fe645890: libcurl info message cache 10 (Closing connection)
2024-12-29T14:05:41 130230.488 WRN [EOS] [LogHttp - Warning] Retry exhausted on https://api.epicgames.dev/anticheat/v6/service/status/
2024-12-29T14:05:41 130230.488 WRN [EOS] [LogEOS - Warning] Failed to connect to the backend. ServiceName=[AntiCheat], OperationName=[GameStatus], Url=[<Redacted>]
2024-12-29T14:06:06 130255.982 WRN [EOS] [LogHttp - Warning] 0x60e9fe645890: invalid HTTP response code received. URL: https://api.epicgames.dev/matchmaking/v1/c9ccbd00333f4dd6995beb7c75000942/sessions/158b00e710e44f69ac1ec6a427645806/lastupdated, HTTP code: 0, content length: 0, actual payload size: 0
2024-12-29T14:06:06 130255.984 WRN [EOS] [LogHttp - Warning] 0x60e9fe645890: request failed, libcurl error: 60 (SSL peer certificate or SSH remote key was not OK)
2024-12-29T14:06:06 130255.984 WRN [EOS] [LogHttp - Warning] 0x60e9fe645890: libcurl info message cache 0 (Hostname api.epicgames.dev was found in DNS cache)
2024-12-29T14:06:06 130255.984 WRN [EOS] [LogHttp - Warning] 0x60e9fe645890: libcurl info message cache 1 (  Trying 3.224.192.131:443...)
2024-12-29T14:06:06 130255.984 WRN [EOS] [LogHttp - Warning] 0x60e9fe645890: libcurl info message cache 2 (Connected to api.epicgames.dev (3.224.192.131) port 443)
2024-12-29T14:06:06 130255.984 WRN [EOS] [LogHttp - Warning] 0x60e9fe645890: libcurl info message cache 3 (ALPN: curl offers http/1.1)
2024-12-29T14:06:06 130255.984 WRN [EOS] [LogHttp - Warning] 0x60e9fe645890: libcurl info message cache 4 (SSL reusing session ID)
2024-12-29T14:06:06 130255.984 WRN [EOS] [LogHttp - Warning] 0x60e9fe645890: libcurl info message cache 5 (TLSv1.3 (OUT), TLS handshake, Client hello (1):)
2024-12-29T14:06:06 130255.985 WRN [EOS] [LogHttp - Warning] 0x60e9fe645890: libcurl info message cache 6 (TLSv1.3 (IN), TLS handshake, Server hello (2):)
2024-12-29T14:06:06 130255.985 WRN [EOS] [LogHttp - Warning] 0x60e9fe645890: libcurl info message cache 7 (TLSv1.3 (IN), TLS handshake, Encrypted Extensions (8):)
2024-12-29T14:06:06 130255.993 WRN [EOS] [LogHttp - Warning] 0x60e9fe645890: libcurl info message cache 8 (TLSv1.3 (IN), TLS handshake, Certificate (11):)
2024-12-29T14:06:06 130255.994 WRN [EOS] [LogHttp - Warning] 0x60e9fe645890: libcurl info message cache 9 (TLSv1.3 (OUT), TLS alert, bad certificate (554):)
2024-12-29T14:06:06 130255.994 WRN [EOS] [LogHttp - Warning] 0x60e9fe645890: libcurl info message cache 10 (SSL certificate problem: certificate is not yet valid)
2024-12-29T14:06:06 130255.994 WRN [EOS] [LogHttp - Warning] 0x60e9fe645890: libcurl info message cache 11 (Closing connection)
2024-12-29T14:06:06 130255.994 WRN [EOS] [LogHttp - Warning] Retry exhausted on https://api.epicgames.dev/matchmaking/v1/c9ccbd00333f4dd6995beb7c75000942/sessions/158b00e710e44f69ac1ec6a427645806/lastupdated
2024-12-29T14:06:06 130255.994 WRN [EOS] [LogEOS - Warning] Failed to connect to the backend. ServiceName=[Sessions], OperationName=[HeartbeatSession], Url=[<Redacted>]
2024-12-29T14:06:07 130257.177 WRN [EOS] [LogHttp - Warning] 0x60e9fe645890: invalid HTTP response code received. URL: https://api.epicgames.dev/datarouter/api/v1/public/data/clients?AppID=85fffb61212b491999cd7fc03eb09bf6&AppVersion=1.16.4-36651368&AppEnvironment=8a44365d5ccb43328b4df2f8ca199e43&UploadType=eteventstream&SessionID=99F6F7704F1546D7A257A663E8801EC4, HTTP code: 0, content length: 0, actual payload size: 0
2024-12-29T14:06:07 130257.177 WRN [EOS] [LogHttp - Warning] 0x60e9fe645890: request failed, libcurl error: 60 (SSL peer certificate or SSH remote key was not OK)
2024-12-29T14:06:07 130257.177 WRN [EOS] [LogHttp - Warning] 0x60e9fe645890: libcurl info message cache 0 (Hostname api.epicgames.dev was found in DNS cache)
2024-12-29T14:06:07 130257.177 WRN [EOS] [LogHttp - Warning] 0x60e9fe645890: libcurl info message cache 1 (  Trying 3.224.192.131:443...)
2024-12-29T14:06:07 130257.177 WRN [EOS] [LogHttp - Warning] 0x60e9fe645890: libcurl info message cache 2 (Connected to api.epicgames.dev (3.224.192.131) port 443)
2024-12-29T14:06:07 130257.177 WRN [EOS] [LogHttp - Warning] 0x60e9fe645890: libcurl info message cache 3 (ALPN: curl offers http/1.1)
2024-12-29T14:06:07 130257.177 WRN [EOS] [LogHttp - Warning] 0x60e9fe645890: libcurl info message cache 4 (SSL reusing session ID)
2024-12-29T14:06:07 130257.177 WRN [EOS] [LogHttp - Warning] 0x60e9fe645890: libcurl info message cache 5 (TLSv1.3 (OUT), TLS handshake, Client hello (1):)
2024-12-29T14:06:07 130257.177 WRN [EOS] [LogHttp - Warning] 0x60e9fe645890: libcurl info message cache 6 (TLSv1.3 (IN), TLS handshake, Server hello (2):)
2024-12-29T14:06:07 130257.177 WRN [EOS] [LogHttp - Warning] 0x60e9fe645890: libcurl info message cache 7 (TLSv1.3 (IN), TLS handshake, Encrypted Extensions (8):)
2024-12-29T14:06:07 130257.177 WRN [EOS] [LogHttp - Warning] 0x60e9fe645890: libcurl info message cache 8 (TLSv1.3 (IN), TLS handshake, Certificate (11):)
2024-12-29T14:06:07 130257.177 WRN [EOS] [LogHttp - Warning] 0x60e9fe645890: libcurl info message cache 9 (TLSv1.3 (OUT), TLS alert, bad certificate (554):)
2024-12-29T14:06:07 130257.177 WRN [EOS] [LogHttp - Warning] 0x60e9fe645890: libcurl info message cache 10 (SSL certificate problem: certificate is not yet valid)
2024-12-29T14:06:07 130257.177 WRN [EOS] [LogHttp - Warning] 0x60e9fe645890: libcurl info message cache 11 (Closing connection)
2024-12-29T14:06:07 130257.177 WRN [EOS] [LogHttp - Warning] Retry exhausted on https://api.epicgames.dev/datarouter/api/v1/public/data/clients?AppID=85fffb61212b491999cd7fc03eb09bf6&AppVersion=1.16.4-36651368&AppEnvironment=8a44365d5ccb43328b4df2f8ca199e43&UploadType=eteventstream&SessionID=99F6F7704F1546D7A257A663E8801EC4
2024-12-29T14:06:07 130257.177 WRN [EOS] [LogEOS - Warning] Failed to connect to the backend. ServiceName=[Metrics], OperationName=[SendBackendEvent], Url=[<Redacted>]
2024-12-29T14:06:11 130260.381 WRN [EOS] [LogHttp - Warning] 0x60e9fe645890: invalid HTTP response code received. URL: https://api.epicgames.dev/anticheat/v6/service/status/, HTTP code: 0, content length: 0, actual payload size: 0
2024-12-29T14:06:11 130260.381 WRN [EOS] [LogHttp - Warning] 0x60e9fe645890: request failed, libcurl error: 60 (SSL peer certificate or SSH remote key was not OK)
2024-12-29T14:06:11 130260.381 WRN [EOS] [LogHttp - Warning] 0x60e9fe645890: libcurl info message cache 0 (Hostname api.epicgames.dev was found in DNS cache)
2024-12-29T14:06:11 130260.381 WRN [EOS] [LogHttp - Warning] 0x60e9fe645890: libcurl info message cache 1 (  Trying 3.224.192.131:443...)
2024-12-29T14:06:11 130260.381 WRN [EOS] [LogHttp - Warning] 0x60e9fe645890: libcurl info message cache 2 (Connected to api.epicgames.dev (3.224.192.131) port 443)
2024-12-29T14:06:11 130260.381 WRN [EOS] [LogHttp - Warning] 0x60e9fe645890: libcurl info message cache 3 (ALPN: curl offers http/1.1)
2024-12-29T14:06:11 130260.381 WRN [EOS] [LogEOS - Warning] Failed to connect to the backend. ServiceName=[AntiCheat], OperationName=[GameStatus], Url=[<Redacted>]
2024-12-29T14:06:12 130261.431 WRN [EOS] [LogEOS - Warning] Failed to connect to the backend. ServiceName=[Sessions], OperationName=[HeartbeatSession], Url=[<Redacted>]
2024-12-29T14:06:24 130273.929 WRN [EOS] [LogEOS - Warning] Failed to connect to the backend. ServiceName=[Sessions], OperationName=[HeartbeatSession], Url=[<Redacted>]
2024-12-29T14:06:41 130290.349 WRN [EOS] [LogEOS - Warning] Failed to connect to the backend. ServiceName=[AntiCheat], OperationName=[GameStatus], Url=[<Redacted>]
2024-12-29T14:06:52 130301.397 WRN [EOS] [LogEOS - Warning] Failed to connect to the backend. ServiceName=[Sessions], OperationName=[HeartbeatSession], Url=[<Redacted>]
2024-12-29T14:07:11 130320.500 WRN [EOS] [LogEOS - Warning] Failed to connect to the backend. ServiceName=[AntiCheat], OperationName=[GameStatus], Url=[<Redacted>]
2024-12-29T14:07:22 130331.844 WRN [EOS] [LogEOS - Warning] Failed to connect to the backend. ServiceName=[Sessions], OperationName=[HeartbeatSession], Url=[<Redacted>]
2024-12-29T14:07:41 130350.501 WRN [EOS] [LogEOS - Warning] Failed to connect to the backend. ServiceName=[AntiCheat], OperationName=[GameStatus], Url=[<Redacted>]
2024-12-29T14:07:52 130362.202 WRN [EOS] [LogEOS - Warning] Failed to connect to the backend. ServiceName=[Sessions], OperationName=[HeartbeatSession], Url=[<Redacted>]
2024-12-29T14:08:07 130377.295 WRN [EOS] [LogEOS - Warning] Failed to connect to the backend. ServiceName=[Metrics], OperationName=[SendBackendEvent], Url=[<Redacted>]
2024-12-29T14:08:11 130380.601 WRN [EOS] [LogEOS - Warning] Failed to connect to the backend. ServiceName=[AntiCheat], OperationName=[GameStatus], Url=[<Redacted>]
2024-12-29T14:08:23 130392.600 WRN [EOS] [LogEOS - Warning] Failed to connect to the backend. ServiceName=[Sessions], OperationName=[HeartbeatSession], Url=[<Redacted>]
2024-12-29T14:08:41 130410.625 WRN [EOS] [LogEOS - Warning] Failed to connect to the backend. ServiceName=[AntiCheat], OperationName=[GameStatus], Url=[<Redacted>]
2024-12-29T14:08:53 130423.074 WRN [EOS] [LogEOS - Warning] Failed to connect to the backend. ServiceName=[Sessions], OperationName=[HeartbeatSession], Url=[<Redacted>]
2024-12-29T14:09:11 130440.776 WRN [EOS] [LogEOS - Warning] Failed to connect to the backend. ServiceName=[AntiCheat], OperationName=[GameStatus], Url=[<Redacted>]
2024-12-29T14:09:24 130453.623 WRN [EOS] [LogEOS - Warning] Failed to connect to the backend. ServiceName=[Sessions], OperationName=[HeartbeatSession], Url=[<Redacted>]
2024-12-29T14:09:41 130470.771 WRN [EOS] [LogEOS - Warning] Failed to connect to the backend. ServiceName=[AntiCheat], OperationName=[GameStatus], Url=[<Redacted>]
2024-12-29T14:09:54 130484.083 WRN [EOS] [LogEOS - Warning] Failed to connect to the backend. ServiceName=[Sessions], OperationName=[HeartbeatSession], Url=[<Redacted>]
2024-12-29T14:09:55 130484.726 WRN [EOS] [LogEOS - Warning] Failed to connect to the backend. ServiceName=[SDKConfig], OperationName=[GetProductConfigRoute], Url=[<Redacted>]
2024-12-29T14:09:55 130484.882 WRN [EOS] [LogEOS - Warning] SDK Config Product Update Request Failed, Result Code: EOS_NoConnection, Retrying after 47.249603 seconds
2024-12-29T14:10:08 130497.374 WRN [EOS] [LogEOS - Warning] Failed to connect to the backend. ServiceName=[Metrics], OperationName=[SendBackendEvent], Url=[<Redacted>]
2024-12-29T14:10:11 130500.823 WRN [EOS] [LogEOS - Warning] Failed to connect to the backend. ServiceName=[AntiCheat], OperationName=[GameStatus], Url=[<Redacted>]
2024-12-29T14:10:25 130514.526 WRN [EOS] [LogEOS - Warning] Failed to connect to the backend. ServiceName=[Sessions], OperationName=[HeartbeatSession], Url=[<Redacted>]
2024-12-29T14:10:30 130520.112 INF Telnet connection from: 127.0.0.1:50894
2024-12-29T14:10:30 130520.117 INF Started thread TelnetClient_127.0.0.1:50894
2024-12-29T14:10:30 130520.199 INF Executing command 'shutdown' by Telnet from 127.0.0.1:50894
2024-12-29T14:10:30 130520.267 INF Preparing quit
2024-12-29T14:10:30 130520.278 INF Disconnect
2024-12-29T14:10:30 130520.287 INF [NET] ServerShutdown
2024-12-29T14:10:30 130520.289 INF NET: Stopping server protocols
2024-12-29T14:10:31 130520.598 INF NET: LiteNetLib server stopped
2024-12-29T14:10:31 130520.632 INF SaveAndCleanupWorld
2024-12-29T14:10:31 130520.713 INF Saving 0 of chunks took 20ms
2024-12-29T14:10:31 130520.765 INF [Steamworks.NET] Exiting Lobby
2024-12-29T14:10:31 130520.773 INF [EOS] Unregistering server
2024-12-29T14:10:31 130520.785 INF [Steamworks.NET] Stopping server
2024-12-29T14:10:31 130521.158 INF [PlayerInteractions] Shutdown, record disconnect for all currently connected players
2024-12-29T14:10:32 130521.531 INF AstarManager Cleanup
2024-12-29T14:10:32 130521.543 INF Clearing queues.
2024-12-29T14:10:32 130521.543 INF Cleared queues.
2024-12-29T14:10:33 130522.561 INF Clearing queues.
2024-12-29T14:10:33 130522.561 INF Cleared queues.
2024-12-29T14:10:33 130522.613 INF World.Unload
2024-12-29T14:10:33 130522.618 INF Exited thread GenerateChunks
2024-12-29T14:10:33 130522.626 INF Exited thread SaveChunks /home/sdtdserver/.local/share/7DaysToDie/Saves/New Jepoda Valley/ChickenNoodleSoup/Region
2024-12-29T14:10:33 130522.673 INF World.Cleanup
2024-12-29T14:10:33 130522.677 INF Exited thread ChunkRegeneration
2024-12-29T14:10:33 130522.682 INF Exited thread ChunkCalc
2024-12-29T14:10:33 130522.683 INF Exited thread ChunkMeshBake
2024-12-29T14:10:33 130522.711 INF Exited thread WaterSimulationApplyChanges
2024-12-29T14:10:33 130522.719 INF VehicleManager saving 1 (0 + 1)
2024-12-29T14:10:33 130522.723 INF 2607449 VehicleManager write #0, id 13225, vehicleTruck4x4, (-1009.2, 35.1, -259.1), chunk -64, -17
2024-12-29T14:10:33 130522.724 INF VehicleManager saved 554 bytes
2024-12-29T14:10:33 130522.725 INF DroneManager saving 1 (0 + 1)
2024-12-29T14:10:33 130522.727 INF DroneManager saved 599 bytes
2024-12-29T14:10:33 130522.729 INF TurretTracker saving 4 (0 + 4)
2024-12-29T14:10:33 130522.730 INF TurretTracker saved 25 bytes
2024-12-29T14:10:33 130522.786 INF Persistent GamePrefs saved
2024-12-29T14:10:33 130523.301 INF Persistent GamePrefs saved
2024-12-29T14:10:33 130523.302 INF Cleanup
2024-12-29T14:10:33 130523.306 INF Telnet connection closed: 127.0.0.1:50894
2024-12-29T14:10:33 130523.310 INF Exited thread TelnetClient_127.0.0.1:50894
2024-12-29T14:10:34 130523.351 WRN [EOS] [LogEOS - Warning] Failed to connect to the backend. ServiceName=[Sessions], OperationName=[DeleteSession], Url=[<Redacted>]
2024-12-29T14:10:34 130523.354 ERR [EOS] Failed unregistering session on backend: NoConnection
