[UnityMemory] Configuration Parameters - Can be set up in boot.config
    "memorysetup-bucket-allocator-granularity=16"
    "memorysetup-bucket-allocator-bucket-count=8"
    "memorysetup-bucket-allocator-block-size=4194304"
    "memorysetup-bucket-allocator-block-count=1"
    "memorysetup-main-allocator-block-size=16777216"
    "memorysetup-thread-allocator-block-size=16777216"
    "memorysetup-gfx-main-allocator-block-size=16777216"
    "memorysetup-gfx-thread-allocator-block-size=16777216"
    "memorysetup-cache-allocator-block-size=4194304"
    "memorysetup-typetree-allocator-block-size=2097152"
    "memorysetup-profiler-bucket-allocator-granularity=16"
    "memorysetup-profiler-bucket-allocator-bucket-count=8"
    "memorysetup-profiler-bucket-allocator-block-size=4194304"
    "memorysetup-profiler-bucket-allocator-block-count=1"
    "memorysetup-profiler-allocator-block-size=16777216"
    "memorysetup-profiler-editor-allocator-block-size=1048576"
    "memorysetup-temp-allocator-size-main=4194304"
    "memorysetup-job-temp-allocator-block-size=2097152"
    "memorysetup-job-temp-allocator-block-size-background=1048576"
    "memorysetup-job-temp-allocator-reduction-small-platforms=262144"
    "memorysetup-allocator-temp-initial-block-size-main=262144"
    "memorysetup-allocator-temp-initial-block-size-worker=262144"
    "memorysetup-temp-allocator-size-background-worker=32768"
    "memorysetup-temp-allocator-size-job-worker=262144"
    "memorysetup-temp-allocator-size-preload-manager=262144"
    "memorysetup-temp-allocator-size-nav-mesh-worker=65536"
    "memorysetup-temp-allocator-size-audio-worker=65536"
    "memorysetup-temp-allocator-size-cloud-worker=32768"
    "memorysetup-temp-allocator-size-gfx=262144"
Mono path[0] = '/home/sdtdserver/serverfiles/7DaysToDieServer_Data/Managed'
Mono config path = '/home/sdtdserver/serverfiles/7DaysToDieServer_Data/MonoBleedingEdge/etc'
Shutdown handler: initialize.
Preloaded 'libEOSSDK-Linux-Shipping.so'
Preloaded 'libMagick.so'
Preloaded 'lib_burst_generated.so'
Preloaded 'libgetrss.so'
Preloaded 'libsteam_api.so'
Preloaded 'steamclient.so'
Unable to preload the following plugins:
	libMouseLib.so
[Physics::Module] Initialized MultithreadedJobDispatcher with 19 workers.
Loading player data from /home/sdtdserver/serverfiles/7DaysToDieServer_Data/data.unity3d
PlayerPrefs - Creating folder: /home/sdtdserver/.config/unity3d/The Fun Pimps
PlayerPrefs - Creating folder: /home/sdtdserver/.config/unity3d/The Fun Pimps/7 Days To Die - Dedicated
Unable to load player prefs
Initialize engine version: 2022.3.29f1 (8d510ca76d2b)
[Subsystems] Discovering subsystems at path /home/sdtdserver/serverfiles/7DaysToDieServer_Data/UnitySubsystems
Forcing GfxDevice: Null
GfxDevice: creating device client; threaded=0; jobified=0
NullGfxDevice:
    Version:  NULL 1.0 [1.0]
    Renderer: Null Device
    Vendor:   Unity Technologies
Begin MonoManager ReloadAssembly
- Loaded All Assemblies, in  0.091 seconds
- Finished resetting the current domain, in  0.001 seconds
ERROR: Shader Hidden/LandClaimBoundary shader is not supported on this GPU (none of subshaders/fallbacks are suitable)
ERROR: Shader Sprites/Default shader is not supported on this GPU (none of subshaders/fallbacks are suitable)
ERROR: Shader Sprites/Mask shader is not supported on this GPU (none of subshaders/fallbacks are suitable)
ERROR: Shader Legacy Shaders/VertexLit shader is not supported on this GPU (none of subshaders/fallbacks are suitable)
WARNING: Shader Unsupported: 'Legacy Shaders/Diffuse' - All subshaders removed
WARNING: Shader Did you use #pragma only_renderers and omit this platform?
WARNING: Shader If subshaders removal was intentional, you may have forgotten turning Fallback off?
ERROR: Shader Legacy Shaders/Diffuse shader is not supported on this GPU (none of subshaders/fallbacks are suitable)
WARNING: Shader Unsupported: 'Legacy Shaders/Diffuse' - All subshaders removed
WARNING: Shader Did you use #pragma only_renderers and omit this platform?
WARNING: Shader If subshaders removal was intentional, you may have forgotten turning Fallback off?
WARNING: Shader Unsupported: '7DTD/Cube_UI_Glow' - All subshaders removed
WARNING: Shader Did you use #pragma only_renderers and omit this platform?
WARNING: Shader If subshaders removal was intentional, you may have forgotten turning Fallback off?
ERROR: Shader 7DTD/Cube_UI_Glow shader is not supported on this GPU (none of subshaders/fallbacks are suitable)
WARNING: Shader Unsupported: '7DTD/Cube_UI_Glow' - All subshaders removed
WARNING: Shader Did you use #pragma only_renderers and omit this platform?
WARNING: Shader If subshaders removal was intentional, you may have forgotten turning Fallback off?
WARNING: Shader Unsupported: '7DTD/Cube_UI_Frame' - All subshaders removed
WARNING: Shader Did you use #pragma only_renderers and omit this platform?
WARNING: Shader If subshaders removal was intentional, you may have forgotten turning Fallback off?
ERROR: Shader 7DTD/Cube_UI_Frame shader is not supported on this GPU (none of subshaders/fallbacks are suitable)
WARNING: Shader Unsupported: '7DTD/Cube_UI_Frame' - All subshaders removed
WARNING: Shader Did you use #pragma only_renderers and omit this platform?
WARNING: Shader If subshaders removal was intentional, you may have forgotten turning Fallback off?
ERROR: Shader Unlit/Transparent Colored shader is not supported on this GPU (none of subshaders/fallbacks are suitable)
ERROR: Shader GUI/Text Shader shader is not supported on this GPU (none of subshaders/fallbacks are suitable)
UnloadTime: 0.528463 ms
2024-10-31T00:53:32 0.000 INF Version: V 1.1 (b14) Compatibility Version: V 1.1, Build: LinuxServer 64 Bit
2024-10-31T00:53:32 0.009 INF System information:
2024-10-31T00:53:32 0.009 INF    OS: Linux 6.8 Ubuntu 24.04 64bit
2024-10-31T00:53:32 0.010 INF    CPU: 12th Gen Intel(R) Core(TM) i7-12700K (cores: 20)
2024-10-31T00:53:32 0.010 INF    RAM: 64056 MB
2024-10-31T00:53:32 0.010 INF    GPU: Null Device (128 MB)
2024-10-31T00:53:32 0.013 INF    Graphics API: NULL 1.0 [1.0] (shader level 3.0)
2024-10-31T00:53:32 0.014 INF Local UTC offset: 1 hours
2024-10-31T00:53:32 0.032 INF Command line arguments: ./7DaysToDieServer.x86_64 -quit -batchmode -nographics -dedicated -configfile=/home/sdtdserver/serverfiles/sdtdserver.xml
2024-10-31T00:53:32 0.039 INF Parsing server configfile: /home/sdtdserver/serverfiles/sdtdserver.xml
2024-10-31T00:53:32 0.062 INF Parsing server configfile successfully completed
2024-10-31T00:53:32 0.062 INF UserDataFolder: /home/sdtdserver/.local/share/7DaysToDie
2024-10-31T00:53:32 0.064 INF [Platform] Init
2024-10-31T00:53:32 0.091 INF [Platform] Using native platform: Steam
2024-10-31T00:53:32 0.092 INF [Platform] Using cross platform: EOS
2024-10-31T00:53:32 0.092 INF [Platform] Using server platform: Steam
2024-10-31T00:53:32 0.092 INF [Platform] Using server platform: XBL
2024-10-31T00:53:32 0.092 INF [Platform] Using server platform: PSN
2024-10-31T00:53:32 0.094 INF Starting PlayerInputManager...
2024-10-31T00:53:32 0.096 INF InControl (version 1.8.9 build 9376, native module = False, XInput = False)
2024-10-31T00:53:32 0.098 INF InControl (version 1.8.9 build 9376)
2024-10-31T00:53:32 0.194 INF UnityInputDeviceManager enabled.
2024-10-31T00:53:32 0.207 INF [Platform] Initializing Steam
2024-10-31T00:53:32 0.212 INF [Platform] Initializing EOS
2024-10-31T00:53:32 0.261 INF [EOS] Initialize: Success
2024-10-31T00:53:32 0.282 INF [Platform] Initializing XBL
2024-10-31T00:53:32 0.282 INF [Platform] Initializing PSN
2024-10-31T00:53:32 0.283 INF [SaveDataUtils] InitStatic Begin
2024-10-31T00:53:32 0.284 INF [SaveDataUtils] SdPlayerPrefs -> Unity
2024-10-31T00:53:32 0.284 INF [SaveDataUtils] InitStatic Complete
2024-10-31T00:53:32 0.285 INF Last played version: V 1.1
2024-10-31T00:53:32 0.287 INF Starting dedicated server level=Navezgane game name=My Game
2024-10-31T00:53:32 0.287 INF Maximum allowed players: 8
2024-10-31T00:53:32 0.287 INF Game mode: GameModeSurvival
2024-10-31T00:53:32 0.460 INF Localization language from prefs: english
2024-10-31T00:53:32 0.468 INF Awake IsFocused: True
2024-10-31T00:53:32 0.468 INF Awake
2024-10-31T00:53:32 0.625 INF Dedicated server only build
ERROR: Shader Occlusion/DepthCopy shader is not supported on this GPU (none of subshaders/fallbacks are suitable)
WARNING: Shader Unsupported: 'Standard' - All subshaders removed
WARNING: Shader Did you use #pragma only_renderers and omit this platform?
WARNING: Shader If subshaders removal was intentional, you may have forgotten turning Fallback off?
ERROR: Shader Standard shader is not supported on this GPU (none of subshaders/fallbacks are suitable)
WARNING: Shader Unsupported: 'Standard' - All subshaders removed
WARNING: Shader Did you use #pragma only_renderers and omit this platform?
WARNING: Shader If subshaders removal was intentional, you may have forgotten turning Fallback off?
2024-10-31T00:53:32 0.675 INF Occlusion: Awake
2024-10-31T00:53:32 0.676 INF Texture quality is set to 3
ERROR: Shader Legacy Shaders/VertexLit shader is not supported on this GPU (none of subshaders/fallbacks are suitable)
WARNING: Shader Unsupported: 'Legacy Shaders/Diffuse' - All subshaders removed
WARNING: Shader Did you use #pragma only_renderers and omit this platform?
WARNING: Shader If subshaders removal was intentional, you may have forgotten turning Fallback off?
ERROR: Shader Legacy Shaders/Diffuse shader is not supported on this GPU (none of subshaders/fallbacks are suitable)
WARNING: Shader Unsupported: 'Legacy Shaders/Diffuse' - All subshaders removed
WARNING: Shader Did you use #pragma only_renderers and omit this platform?
WARNING: Shader If subshaders removal was intentional, you may have forgotten turning Fallback off?
WARNING: Shader Unsupported: 'Game/Entity Tint Mask' - All subshaders removed
WARNING: Shader Did you use #pragma only_renderers and omit this platform?
WARNING: Shader If subshaders removal was intentional, you may have forgotten turning Fallback off?
ERROR: Shader Game/Entity Tint Mask shader is not supported on this GPU (none of subshaders/fallbacks are suitable)
WARNING: Shader Unsupported: 'Game/Entity Tint Mask' - All subshaders removed
WARNING: Shader Did you use #pragma only_renderers and omit this platform?
WARNING: Shader If subshaders removal was intentional, you may have forgotten turning Fallback off?
2024-10-31T00:53:32 0.729 INF [MODS] Start loading from: '/home/sdtdserver/serverfiles/7DaysToDieServer_Data/../Mods'
2024-10-31T00:53:32 0.734 INF [MODS]   Trying to load from folder: '0_TFP_Harmony'
2024-10-31T00:53:33 0.743 INF [MODS]     Loaded Mod: TFP_Harmony (1.1.0.4)
2024-10-31T00:53:33 0.743 INF [MODS]   Trying to load from folder: 'TFP_CommandExtensions'
2024-10-31T00:53:33 0.744 INF [MODS]     Loaded Mod: TFP_CommandExtensions (1.1.0.1)
2024-10-31T00:53:33 0.744 INF [MODS]   Trying to load from folder: 'TFP_MapRendering'
2024-10-31T00:53:33 0.744 INF [MODS]     Loaded Mod: TFP_MapRendering (1.1.0.0)
2024-10-31T00:53:33 0.744 INF [MODS]   Trying to load from folder: 'TFP_WebServer'
2024-10-31T00:53:33 0.745 INF [MODS]     Loaded Mod: TFP_WebServer (1.1.0.4)
2024-10-31T00:53:33 0.745 INF [MODS]   Trying to load from folder: 'Xample_MarkersMod'
2024-10-31T00:53:33 0.746 INF [MODS]     Loaded Mod: TFP_MarkersExample (1.1.0.0)
2024-10-31T00:53:33 0.746 INF [MODS] Initializing mod code
2024-10-31T00:53:33 0.746 INF [MODS]   Initializing mod TFP_Harmony
2024-10-31T00:53:33 0.756 INF [MODS]     Found ModAPI in TfpHarmony.dll, creating instance
2024-10-31T00:53:33 0.756 INF [MODS]       [Harmony] Init done
Fallback handler could not load library /home/sdtdserver/serverfiles/7DaysToDieServer_Data/MonoBleedingEdge/x86_64/data-0x60484c4664e0.so
2024-10-31T00:53:33 0.969 INF [MODS]     Initialized code in mod 'TFP_Harmony' from DLL 'TfpHarmony.dll'
2024-10-31T00:53:33 0.969 INF [MODS]   Initializing mod TFP_CommandExtensions
2024-10-31T00:53:33 0.969 INF [MODS]     Found ModAPI in CommandExtensions.dll, creating instance
2024-10-31T00:53:33 0.969 INF [MODS]     Initialized code in mod 'TFP_CommandExtensions' from DLL 'CommandExtensions.dll'
2024-10-31T00:53:33 0.969 INF [MODS]   Initializing mod TFP_MapRendering
2024-10-31T00:53:33 0.969 INF [MODS]     Found ModAPI in MapRendering.dll, creating instance
2024-10-31T00:53:33 0.970 INF [MODS]     Initialized code in mod 'TFP_MapRendering' from DLL 'MapRendering.dll'
2024-10-31T00:53:33 0.970 INF [MODS]   Initializing mod TFP_WebServer
2024-10-31T00:53:33 0.970 INF [MODS]     Found ModAPI in WebServer.dll, creating instance
2024-10-31T00:53:33 0.978 INF [MODS]     Initialized code in mod 'TFP_WebServer' from DLL 'WebServer.dll'
2024-10-31T00:53:33 0.979 INF [MODS]   Initializing mod TFP_MarkersExample
2024-10-31T00:53:33 0.979 INF [MODS]     Found ModAPI in MarkersMod.dll, creating instance
2024-10-31T00:53:33 0.979 INF [MODS]     Initialized code in mod 'TFP_MarkersExample' from DLL 'MarkersMod.dll'
2024-10-31T00:53:33 0.979 INF [MODS] Loading done
2024-10-31T00:53:33 0.990 INF Loading permissions file at '/home/sdtdserver/.local/share/7DaysToDie/Saves/serveradmin.xml'
2024-10-31T00:53:33 1.001 INF Loading permissions file done.
WARNING: Shader Unsupported: 'Game Particles/partPyro_fireShader_A' - All subshaders removed
WARNING: Shader Did you use #pragma only_renderers and omit this platform?
WARNING: Shader If subshaders removal was intentional, you may have forgotten turning Fallback off?
ERROR: Shader Game Particles/partPyro_fireShader_A shader is not supported on this GPU (none of subshaders/fallbacks are suitable)
WARNING: Shader Unsupported: 'Game Particles/partPyro_fireShader_A' - All subshaders removed
WARNING: Shader Did you use #pragma only_renderers and omit this platform?
WARNING: Shader If subshaders removal was intentional, you may have forgotten turning Fallback off?
WARNING: Shader Unsupported: 'Game Particles/partPyro_template_lit_B' - All subshaders removed
WARNING: Shader Did you use #pragma only_renderers and omit this platform?
WARNING: Shader If subshaders removal was intentional, you may have forgotten turning Fallback off?
ERROR: Shader Game Particles/partPyro_template_lit_B shader is not supported on this GPU (none of subshaders/fallbacks are suitable)
WARNING: Shader Unsupported: 'Game Particles/partPyro_template_lit_B' - All subshaders removed
WARNING: Shader Did you use #pragma only_renderers and omit this platform?
WARNING: Shader If subshaders removal was intentional, you may have forgotten turning Fallback off?
ERROR: Shader Legacy Shaders/Particles/Additive shader is not supported on this GPU (none of subshaders/fallbacks are suitable)
WARNING: Shader Unsupported: 'Game Particles/bloodShader_T' - All subshaders removed
WARNING: Shader Did you use #pragma only_renderers and omit this platform?
WARNING: Shader If subshaders removal was intentional, you may have forgotten turning Fallback off?
ERROR: Shader Game Particles/bloodShader_T shader is not supported on this GPU (none of subshaders/fallbacks are suitable)
WARNING: Shader Unsupported: 'Game Particles/bloodShader_T' - All subshaders removed
WARNING: Shader Did you use #pragma only_renderers and omit this platform?
WARNING: Shader If subshaders removal was intentional, you may have forgotten turning Fallback off?
WARNING: Shader Unsupported: 'Standard' - All subshaders removed
WARNING: Shader Did you use #pragma only_renderers and omit this platform?
WARNING: Shader If subshaders removal was intentional, you may have forgotten turning Fallback off?
ERROR: Shader Standard shader is not supported on this GPU (none of subshaders/fallbacks are suitable)
WARNING: Shader Unsupported: 'Standard' - All subshaders removed
WARNING: Shader Did you use #pragma only_renderers and omit this platform?
WARNING: Shader If subshaders removal was intentional, you may have forgotten turning Fallback off?
WARNING: Shader Unsupported: 'Game Particles/bloodShader_O' - All subshaders removed
WARNING: Shader Did you use #pragma only_renderers and omit this platform?
WARNING: Shader If subshaders removal was intentional, you may have forgotten turning Fallback off?
ERROR: Shader Game Particles/bloodShader_O shader is not supported on this GPU (none of subshaders/fallbacks are suitable)
WARNING: Shader Unsupported: 'Game Particles/bloodShader_O' - All subshaders removed
WARNING: Shader Did you use #pragma only_renderers and omit this platform?
WARNING: Shader If subshaders removal was intentional, you may have forgotten turning Fallback off?
ERROR: Shader Game Particles/bloodShader_U shader is not supported on this GPU (none of subshaders/fallbacks are suitable)
WARNING: Shader Unsupported: 'Game Particles/bloodShader_spec_T' - All subshaders removed
WARNING: Shader Did you use #pragma only_renderers and omit this platform?
WARNING: Shader If subshaders removal was intentional, you may have forgotten turning Fallback off?
ERROR: Shader Game Particles/bloodShader_spec_T shader is not supported on this GPU (none of subshaders/fallbacks are suitable)
WARNING: Shader Unsupported: 'Game Particles/bloodShader_spec_T' - All subshaders removed
WARNING: Shader Did you use #pragma only_renderers and omit this platform?
WARNING: Shader If subshaders removal was intentional, you may have forgotten turning Fallback off?
WARNING: Shader Unsupported: 'Particles/Standard Surface' - All subshaders removed
WARNING: Shader Did you use #pragma only_renderers and omit this platform?
WARNING: Shader If subshaders removal was intentional, you may have forgotten turning Fallback off?
ERROR: Shader Particles/Standard Surface shader is not supported on this GPU (none of subshaders/fallbacks are suitable)
WARNING: Shader Unsupported: 'Particles/Standard Surface' - All subshaders removed
WARNING: Shader Did you use #pragma only_renderers and omit this platform?
WARNING: Shader If subshaders removal was intentional, you may have forgotten turning Fallback off?
WARNING: Shader Unsupported: 'Autodesk Interactive' - All subshaders removed
WARNING: Shader Did you use #pragma only_renderers and omit this platform?
WARNING: Shader If subshaders removal was intentional, you may have forgotten turning Fallback off?
ERROR: Shader Autodesk Interactive shader is not supported on this GPU (none of subshaders/fallbacks are suitable)
WARNING: Shader Unsupported: 'Autodesk Interactive' - All subshaders removed
WARNING: Shader Did you use #pragma only_renderers and omit this platform?
WARNING: Shader If subshaders removal was intentional, you may have forgotten turning Fallback off?
WARNING: Shader Unsupported: 'Game/Autodesk XFade' - All subshaders removed
WARNING: Shader Did you use #pragma only_renderers and omit this platform?
WARNING: Shader If subshaders removal was intentional, you may have forgotten turning Fallback off?
ERROR: Shader Game/Autodesk XFade shader is not supported on this GPU (none of subshaders/fallbacks are suitable)
WARNING: Shader Unsupported: 'Game/Autodesk XFade' - All subshaders removed
WARNING: Shader Did you use #pragma only_renderers and omit this platform?
WARNING: Shader If subshaders removal was intentional, you may have forgotten turning Fallback off?
WARNING: Shader Unsupported: '7DTD/7DTD_Glass' - All subshaders removed
WARNING: Shader Did you use #pragma only_renderers and omit this platform?
WARNING: Shader If subshaders removal was intentional, you may have forgotten turning Fallback off?
ERROR: Shader 7DTD/7DTD_Glass shader is not supported on this GPU (none of subshaders/fallbacks are suitable)
WARNING: Shader Unsupported: '7DTD/7DTD_Glass' - All subshaders removed
WARNING: Shader Did you use #pragma only_renderers and omit this platform?
WARNING: Shader If subshaders removal was intentional, you may have forgotten turning Fallback off?
WARNING: Shader Unsupported: '7DTD/7DTD_Fire' - All subshaders removed
WARNING: Shader Did you use #pragma only_renderers and omit this platform?
WARNING: Shader If subshaders removal was intentional, you may have forgotten turning Fallback off?
ERROR: Shader 7DTD/7DTD_Fire shader is not supported on this GPU (none of subshaders/fallbacks are suitable)
WARNING: Shader Unsupported: '7DTD/7DTD_Fire' - All subshaders removed
WARNING: Shader Did you use #pragma only_renderers and omit this platform?
WARNING: Shader If subshaders removal was intentional, you may have forgotten turning Fallback off?
WARNING: Shader Unsupported: 'Particles/Standard Unlit' - All subshaders removed
WARNING: Shader Did you use #pragma only_renderers and omit this platform?
WARNING: Shader If subshaders removal was intentional, you may have forgotten turning Fallback off?
ERROR: Shader Particles/Standard Unlit shader is not supported on this GPU (none of subshaders/fallbacks are suitable)
WARNING: Shader Unsupported: 'Particles/Standard Unlit' - All subshaders removed
WARNING: Shader Did you use #pragma only_renderers and omit this platform?
WARNING: Shader If subshaders removal was intentional, you may have forgotten turning Fallback off?
WARNING: Shader Unsupported: 'Game Particles/partPyro_template_lit_C' - All subshaders removed
WARNING: Shader Did you use #pragma only_renderers and omit this platform?
WARNING: Shader If subshaders removal was intentional, you may have forgotten turning Fallback off?
ERROR: Shader Game Particles/partPyro_template_lit_C shader is not supported on this GPU (none of subshaders/fallbacks are suitable)
WARNING: Shader Unsupported: 'Game Particles/partPyro_template_lit_C' - All subshaders removed
WARNING: Shader Did you use #pragma only_renderers and omit this platform?
WARNING: Shader If subshaders removal was intentional, you may have forgotten turning Fallback off?
WARNING: Shader Unsupported: 'Game Particles/vomitShader_T' - All subshaders removed
WARNING: Shader Did you use #pragma only_renderers and omit this platform?
WARNING: Shader If subshaders removal was intentional, you may have forgotten turning Fallback off?
ERROR: Shader Game Particles/vomitShader_T shader is not supported on this GPU (none of subshaders/fallbacks are suitable)
WARNING: Shader Unsupported: 'Game Particles/vomitShader_T' - All subshaders removed
WARNING: Shader Did you use #pragma only_renderers and omit this platform?
WARNING: Shader If subshaders removal was intentional, you may have forgotten turning Fallback off?
ERROR: Shader Legacy Shaders/Particles/Alpha Blended Premultiply shader is not supported on this GPU (none of subshaders/fallbacks are suitable)
WARNING: Shader Unsupported: 'Game Particles/shader_gas_unlit' - All subshaders removed
WARNING: Shader Did you use #pragma only_renderers and omit this platform?
WARNING: Shader If subshaders removal was intentional, you may have forgotten turning Fallback off?
ERROR: Shader Game Particles/shader_gas_unlit shader is not supported on this GPU (none of subshaders/fallbacks are suitable)
WARNING: Shader Unsupported: 'Game Particles/shader_gas_unlit' - All subshaders removed
WARNING: Shader Did you use #pragma only_renderers and omit this platform?
WARNING: Shader If subshaders removal was intentional, you may have forgotten turning Fallback off?
ERROR: Shader Legacy/AlphaSelfIllum shader is not supported on this GPU (none of subshaders/fallbacks are suitable)
WARNING: Shader Unsupported: 'Game Particles/barrelLiquidShader' - All subshaders removed
WARNING: Shader Did you use #pragma only_renderers and omit this platform?
WARNING: Shader If subshaders removal was intentional, you may have forgotten turning Fallback off?
ERROR: Shader Game Particles/barrelLiquidShader shader is not supported on this GPU (none of subshaders/fallbacks are suitable)
WARNING: Shader Unsupported: 'Game Particles/barrelLiquidShader' - All subshaders removed
WARNING: Shader Did you use #pragma only_renderers and omit this platform?
WARNING: Shader If subshaders removal was intentional, you may have forgotten turning Fallback off?
ERROR: Shader Particles/Blood_Particle shader is not supported on this GPU (none of subshaders/fallbacks are suitable)
WARNING: Shader Unsupported: 'Game Particles/Standard Surface' - All subshaders removed
WARNING: Shader Did you use #pragma only_renderers and omit this platform?
WARNING: Shader If subshaders removal was intentional, you may have forgotten turning Fallback off?
ERROR: Shader Game Particles/Standard Surface shader is not supported on this GPU (none of subshaders/fallbacks are suitable)
WARNING: Shader Unsupported: 'Game Particles/Standard Surface' - All subshaders removed
WARNING: Shader Did you use #pragma only_renderers and omit this platform?
WARNING: Shader If subshaders removal was intentional, you may have forgotten turning Fallback off?
WARNING: Shader Unsupported: 'Game Particles/gasGenericShader_A' - All subshaders removed
WARNING: Shader Did you use #pragma only_renderers and omit this platform?
WARNING: Shader If subshaders removal was intentional, you may have forgotten turning Fallback off?
ERROR: Shader Game Particles/gasGenericShader_A shader is not supported on this GPU (none of subshaders/fallbacks are suitable)
WARNING: Shader Unsupported: 'Game Particles/gasGenericShader_A' - All subshaders removed
WARNING: Shader Did you use #pragma only_renderers and omit this platform?
WARNING: Shader If subshaders removal was intentional, you may have forgotten turning Fallback off?
WARNING: Shader Unsupported: 'Game Particles/Unlit' - All subshaders removed
WARNING: Shader Did you use #pragma only_renderers and omit this platform?
WARNING: Shader If subshaders removal was intentional, you may have forgotten turning Fallback off?
ERROR: Shader Game Particles/Unlit shader is not supported on this GPU (none of subshaders/fallbacks are suitable)
WARNING: Shader Unsupported: 'Game Particles/Unlit' - All subshaders removed
WARNING: Shader Did you use #pragma only_renderers and omit this platform?
WARNING: Shader If subshaders removal was intentional, you may have forgotten turning Fallback off?
ERROR: Shader Game/Transparent shader is not supported on this GPU (none of subshaders/fallbacks are suitable)
Couldn't create a Convex Mesh from source mesh "hull_forklift_tire" within the maximum polygons limit (256). The partial hull will be used. Consider simplifying your mesh.
WARNING: Shader Unsupported: 'Legacy Shaders/Specular' - All subshaders removed
WARNING: Shader Did you use #pragma only_renderers and omit this platform?
WARNING: Shader If subshaders removal was intentional, you may have forgotten turning Fallback off?
ERROR: Shader Legacy Shaders/Specular shader is not supported on this GPU (none of subshaders/fallbacks are suitable)
WARNING: Shader Unsupported: 'Legacy Shaders/Specular' - All subshaders removed
WARNING: Shader Did you use #pragma only_renderers and omit this platform?
WARNING: Shader If subshaders removal was intentional, you may have forgotten turning Fallback off?
WARNING: Shader Unsupported: 'Legacy Shaders/Bumped Specular' - All subshaders removed
WARNING: Shader Did you use #pragma only_renderers and omit this platform?
WARNING: Shader If subshaders removal was intentional, you may have forgotten turning Fallback off?
ERROR: Shader Legacy Shaders/Bumped Specular shader is not supported on this GPU (none of subshaders/fallbacks are suitable)
WARNING: Shader Unsupported: 'Legacy Shaders/Bumped Specular' - All subshaders removed
WARNING: Shader Did you use #pragma only_renderers and omit this platform?
WARNING: Shader If subshaders removal was intentional, you may have forgotten turning Fallback off?
WARNING: Shader Unsupported: 'Game Particles/surfaceShader_particleEnhanced' - All subshaders removed
WARNING: Shader Did you use #pragma only_renderers and omit this platform?
WARNING: Shader If subshaders removal was intentional, you may have forgotten turning Fallback off?
ERROR: Shader Game Particles/surfaceShader_particleEnhanced shader is not supported on this GPU (none of subshaders/fallbacks are suitable)
WARNING: Shader Unsupported: 'Game Particles/surfaceShader_particleEnhanced' - All subshaders removed
WARNING: Shader Did you use #pragma only_renderers and omit this platform?
WARNING: Shader If subshaders removal was intentional, you may have forgotten turning Fallback off?
WARNING: Shader Unsupported: 'Standard (Specular setup)' - All subshaders removed
WARNING: Shader Did you use #pragma only_renderers and omit this platform?
WARNING: Shader If subshaders removal was intentional, you may have forgotten turning Fallback off?
ERROR: Shader Standard (Specular setup) shader is not supported on this GPU (none of subshaders/fallbacks are suitable)
WARNING: Shader Unsupported: 'Standard (Specular setup)' - All subshaders removed
WARNING: Shader Did you use #pragma only_renderers and omit this platform?
WARNING: Shader If subshaders removal was intentional, you may have forgotten turning Fallback off?
WARNING: Shader Unsupported: 'Game Particles/Lit' - All subshaders removed
WARNING: Shader Did you use #pragma only_renderers and omit this platform?
WARNING: Shader If subshaders removal was intentional, you may have forgotten turning Fallback off?
ERROR: Shader Game Particles/Lit shader is not supported on this GPU (none of subshaders/fallbacks are suitable)
WARNING: Shader Unsupported: 'Game Particles/Lit' - All subshaders removed
WARNING: Shader Did you use #pragma only_renderers and omit this platform?
WARNING: Shader If subshaders removal was intentional, you may have forgotten turning Fallback off?
WARNING: Shader Unsupported: 'Game Particles/Lit' - All subshaders removed
WARNING: Shader Did you use #pragma only_renderers and omit this platform?
WARNING: Shader If subshaders removal was intentional, you may have forgotten turning Fallback off?
ERROR: Shader Game Particles/Lit shader is not supported on this GPU (none of subshaders/fallbacks are suitable)
WARNING: Shader Unsupported: 'Game Particles/Lit' - All subshaders removed
WARNING: Shader Did you use #pragma only_renderers and omit this platform?
WARNING: Shader If subshaders removal was intentional, you may have forgotten turning Fallback off?
ERROR: Shader Legacy Shaders/Particles/Alpha Blended shader is not supported on this GPU (none of subshaders/fallbacks are suitable)
WARNING: Shader Unsupported: 'Game Particles/Unlit' - All subshaders removed
WARNING: Shader Did you use #pragma only_renderers and omit this platform?
WARNING: Shader If subshaders removal was intentional, you may have forgotten turning Fallback off?
ERROR: Shader Game Particles/Unlit shader is not supported on this GPU (none of subshaders/fallbacks are suitable)
WARNING: Shader Unsupported: 'Game Particles/Unlit' - All subshaders removed
WARNING: Shader Did you use #pragma only_renderers and omit this platform?
WARNING: Shader If subshaders removal was intentional, you may have forgotten turning Fallback off?
ERROR: Shader Legacy Shaders/Particles/Additive (Soft) shader is not supported on this GPU (none of subshaders/fallbacks are suitable)
WARNING: Shader Unsupported: 'Game/BasicUV_TA' - All subshaders removed
WARNING: Shader Did you use #pragma only_renderers and omit this platform?
WARNING: Shader If subshaders removal was intentional, you may have forgotten turning Fallback off?
ERROR: Shader Game/BasicUV_TA shader is not supported on this GPU (none of subshaders/fallbacks are suitable)
WARNING: Shader Unsupported: 'Game/BasicUV_TA' - All subshaders removed
WARNING: Shader Did you use #pragma only_renderers and omit this platform?
WARNING: Shader If subshaders removal was intentional, you may have forgotten turning Fallback off?
ERROR: Shader Shader Forge/PaintParticle shader is not supported on this GPU (none of subshaders/fallbacks are suitable)
ERROR: Shader Shader Forge/7DTD_Fire_New shader is not supported on this GPU (none of subshaders/fallbacks are suitable)
WARNING: Shader Unsupported: 'Legacy Shaders/Bumped Diffuse' - All subshaders removed
WARNING: Shader Did you use #pragma only_renderers and omit this platform?
WARNING: Shader If subshaders removal was intentional, you may have forgotten turning Fallback off?
ERROR: Shader Legacy Shaders/Bumped Diffuse shader is not supported on this GPU (none of subshaders/fallbacks are suitable)
WARNING: Shader Unsupported: 'Legacy Shaders/Bumped Diffuse' - All subshaders removed
WARNING: Shader Did you use #pragma only_renderers and omit this platform?
WARNING: Shader If subshaders removal was intentional, you may have forgotten turning Fallback off?
ERROR: Shader Legacy Shaders/Transparent/Cutout/VertexLit shader is not supported on this GPU (none of subshaders/fallbacks are suitable)
WARNING: Shader Unsupported: 'Legacy Shaders/Transparent/Cutout/Diffuse' - All subshaders removed
WARNING: Shader Did you use #pragma only_renderers and omit this platform?
WARNING: Shader If subshaders removal was intentional, you may have forgotten turning Fallback off?
ERROR: Shader Legacy Shaders/Transparent/Cutout/Diffuse shader is not supported on this GPU (none of subshaders/fallbacks are suitable)
WARNING: Shader Unsupported: 'Legacy Shaders/Transparent/Cutout/Diffuse' - All subshaders removed
WARNING: Shader Did you use #pragma only_renderers and omit this platform?
WARNING: Shader If subshaders removal was intentional, you may have forgotten turning Fallback off?
WARNING: Shader Unsupported: 'Legacy Shaders/Transparent/Cutout/Bumped Specular' - All subshaders removed
WARNING: Shader Did you use #pragma only_renderers and omit this platform?
WARNING: Shader If subshaders removal was intentional, you may have forgotten turning Fallback off?
ERROR: Shader Legacy Shaders/Transparent/Cutout/Bumped Specular shader is not supported on this GPU (none of subshaders/fallbacks are suitable)
WARNING: Shader Unsupported: 'Legacy Shaders/Transparent/Cutout/Bumped Specular' - All subshaders removed
WARNING: Shader Did you use #pragma only_renderers and omit this platform?
WARNING: Shader If subshaders removal was intentional, you may have forgotten turning Fallback off?
WARNING: Shader Unsupported: 'Legacy Shaders/Transparent/Cutout/Bumped Diffuse' - All subshaders removed
WARNING: Shader Did you use #pragma only_renderers and omit this platform?
WARNING: Shader If subshaders removal was intentional, you may have forgotten turning Fallback off?
ERROR: Shader Legacy Shaders/Transparent/Cutout/Bumped Diffuse shader is not supported on this GPU (none of subshaders/fallbacks are suitable)
WARNING: Shader Unsupported: 'Legacy Shaders/Transparent/Cutout/Bumped Diffuse' - All subshaders removed
WARNING: Shader Did you use #pragma only_renderers and omit this platform?
WARNING: Shader If subshaders removal was intentional, you may have forgotten turning Fallback off?
WARNING: Shader Unsupported: 'Game Particles/shader_gas_lit' - All subshaders removed
WARNING: Shader Did you use #pragma only_renderers and omit this platform?
WARNING: Shader If subshaders removal was intentional, you may have forgotten turning Fallback off?
ERROR: Shader Game Particles/shader_gas_lit shader is not supported on this GPU (none of subshaders/fallbacks are suitable)
WARNING: Shader Unsupported: 'Game Particles/shader_gas_lit' - All subshaders removed
WARNING: Shader Did you use #pragma only_renderers and omit this platform?
WARNING: Shader If subshaders removal was intentional, you may have forgotten turning Fallback off?
Couldn't create a Convex Mesh from source mesh "Head" within the maximum polygons limit (256). The partial hull will be used. Consider simplifying your mesh.
WARNING: Shader Unsupported: 'Game/ZombieGibRadiation' - All subshaders removed
WARNING: Shader Did you use #pragma only_renderers and omit this platform?
WARNING: Shader If subshaders removal was intentional, you may have forgotten turning Fallback off?
ERROR: Shader Game/ZombieGibRadiation shader is not supported on this GPU (none of subshaders/fallbacks are suitable)
WARNING: Shader Unsupported: 'Game/ZombieGibRadiation' - All subshaders removed
WARNING: Shader Did you use #pragma only_renderers and omit this platform?
WARNING: Shader If subshaders removal was intentional, you may have forgotten turning Fallback off?
WARNING: Shader Unsupported: 'Game Particles/Liquid' - All subshaders removed
WARNING: Shader Did you use #pragma only_renderers and omit this platform?
WARNING: Shader If subshaders removal was intentional, you may have forgotten turning Fallback off?
ERROR: Shader Game Particles/Liquid shader is not supported on this GPU (none of subshaders/fallbacks are suitable)
WARNING: Shader Unsupported: 'Game Particles/Liquid' - All subshaders removed
WARNING: Shader Did you use #pragma only_renderers and omit this platform?
WARNING: Shader If subshaders removal was intentional, you may have forgotten turning Fallback off?
WARNING: Shader Unsupported: 'Legacy Shaders/Reflective/VertexLit' - All subshaders removed
WARNING: Shader Did you use #pragma only_renderers and omit this platform?
WARNING: Shader If subshaders removal was intentional, you may have forgotten turning Fallback off?
ERROR: Shader Legacy Shaders/Reflective/VertexLit shader is not supported on this GPU (none of subshaders/fallbacks are suitable)
WARNING: Shader Unsupported: 'Legacy Shaders/Reflective/VertexLit' - All subshaders removed
WARNING: Shader Did you use #pragma only_renderers and omit this platform?
WARNING: Shader If subshaders removal was intentional, you may have forgotten turning Fallback off?
WARNING: Shader Unsupported: 'Legacy Shaders/Reflective/Bumped Diffuse' - All subshaders removed
WARNING: Shader Did you use #pragma only_renderers and omit this platform?
WARNING: Shader If subshaders removal was intentional, you may have forgotten turning Fallback off?
ERROR: Shader Legacy Shaders/Reflective/Bumped Diffuse shader is not supported on this GPU (none of subshaders/fallbacks are suitable)
WARNING: Shader Unsupported: 'Legacy Shaders/Reflective/Bumped Diffuse' - All subshaders removed
WARNING: Shader Did you use #pragma only_renderers and omit this platform?
WARNING: Shader If subshaders removal was intentional, you may have forgotten turning Fallback off?
WARNING: Shader Unsupported: 'Legacy Shaders/Reflective/Bumped Specular' - All subshaders removed
WARNING: Shader Did you use #pragma only_renderers and omit this platform?
WARNING: Shader If subshaders removal was intentional, you may have forgotten turning Fallback off?
ERROR: Shader Legacy Shaders/Reflective/Bumped Specular shader is not supported on this GPU (none of subshaders/fallbacks are suitable)
WARNING: Shader Unsupported: 'Legacy Shaders/Reflective/Bumped Specular' - All subshaders removed
WARNING: Shader Did you use #pragma only_renderers and omit this platform?
WARNING: Shader If subshaders removal was intentional, you may have forgotten turning Fallback off?
WARNING: Shader Unsupported: 'Game Particles/sparkShader' - All subshaders removed
WARNING: Shader Did you use #pragma only_renderers and omit this platform?
WARNING: Shader If subshaders removal was intentional, you may have forgotten turning Fallback off?
ERROR: Shader Game Particles/sparkShader shader is not supported on this GPU (none of subshaders/fallbacks are suitable)
WARNING: Shader Unsupported: 'Game Particles/sparkShader' - All subshaders removed
WARNING: Shader Did you use #pragma only_renderers and omit this platform?
WARNING: Shader If subshaders removal was intentional, you may have forgotten turning Fallback off?
ERROR: Shader Sprites/Default shader is not supported on this GPU (none of subshaders/fallbacks are suitable)
WARNING: Shader Unsupported: 'stainedGlass' - All subshaders removed
WARNING: Shader Did you use #pragma only_renderers and omit this platform?
WARNING: Shader If subshaders removal was intentional, you may have forgotten turning Fallback off?
ERROR: Shader stainedGlass shader is not supported on this GPU (none of subshaders/fallbacks are suitable)
WARNING: Shader Unsupported: 'stainedGlass' - All subshaders removed
WARNING: Shader Did you use #pragma only_renderers and omit this platform?
WARNING: Shader If subshaders removal was intentional, you may have forgotten turning Fallback off?
ERROR: Shader Hidden/Game/ChunkTransparent shader is not supported on this GPU (none of subshaders/fallbacks are suitable)
2024-10-31T00:53:33 1.686 INF Loaded (local): events in 0.01
2024-10-31T00:53:33 1.695 INF Loaded (local): rwgmixer in 0.01
2024-10-31T00:53:33 1.702 INF Loaded (local): archetypes in 0.01
2024-10-31T00:53:33 1.703 INF Loaded (local): loadingscreen in 0.00
2024-10-31T00:53:33 1.710 INF Added 1335 subtitle data entries and 3 speaker colors
2024-10-31T00:53:33 1.710 INF Loaded (local): subtitles in 0.00
2024-10-31T00:53:33 1.711 INF Loaded (local): videos in 0.00
2024-10-31T00:53:33 1.711 INF WorldStaticData.Init() needed 0.000s
2024-10-31T00:53:33 1.730 INF Started Telnet on 8081
2024-10-31T00:53:33 1.735 INF [PartyQuests] Initialized
2024-10-31T00:53:33 1.736 INF Awake done in 1267 ms
ERROR: Shader Unlit/Text shader is not supported on this GPU (none of subshaders/fallbacks are suitable)
2024-10-31T00:53:36 4.294 INF NET: Starting server protocols
2024-10-31T00:53:36 4.296 INF [NET] Disabling protocol: SteamNetworking
2024-10-31T00:53:36 4.350 INF NET: LiteNetLib server started
2024-10-31T00:53:36 4.351 INF [PlatformApplication] restart required = False
2024-10-31T00:53:36 4.351 INF StartGame
2024-10-31T00:53:36 4.351 INF NetPackageManager Init
2024-10-31T00:53:36 4.564 INF Persistent GamePrefs saved
GamePref.AdminFileName = serveradmin.xml
GamePref.AirDropFrequency = 72
GamePref.AirDropMarker = True
GamePref.AllowSpawnNearBackpack = True
GamePref.AutopilotMode = 0
GamePref.BedrollDeadZoneSize = 15
GamePref.BedrollExpiryTime = 45
GamePref.BlockDamageAI = 100
GamePref.BlockDamageAIBM = 100
GamePref.BlockDamagePlayer = 100
GamePref.BloodMoonEnemyCount = 8
GamePref.BloodMoonFrequency = 7
GamePref.BloodMoonRange = 0
GamePref.BloodMoonWarning = 8
GamePref.BuildCreate = False
GamePref.ConnectToServerIP = 127.0.0.1
GamePref.ConnectToServerPort = 26900
GamePref.CreateLevelDim = 4096
GamePref.CreateLevelName = My Level
GamePref.CreativeMenuEnabled = False
GamePref.DayCount = 3
GamePref.DayLightLength = 18
GamePref.DayNightLength = 60
GamePref.DeathPenalty = 1
GamePref.DebugMenuEnabled = False
GamePref.DebugMenuShowTasks = False
GamePref.DebugPanelsEnabled = -
GamePref.DebugStopEnemiesMoving = False
GamePref.DropOnDeath = 1
GamePref.DropOnQuit = 0
GamePref.DynamicMeshDistance = 1000
GamePref.DynamicMeshEnabled = True
GamePref.DynamicMeshLandClaimBuffer = 3
GamePref.DynamicMeshLandClaimOnly = True
GamePref.DynamicMeshMaxItemCache = 3
GamePref.DynamicMeshMaxRegionCache = 1
GamePref.DynamicMeshUseImposters = False
GamePref.DynamicSpawner = 
GamePref.EACEnabled = True
GamePref.EnableMapRendering = False
GamePref.EnemyDifficulty = 0
GamePref.EnemySpawnMode = True
GamePref.EulaLatestVersion = 0
GamePref.EulaVersionAccepted = -1
GamePref.FavoriteServersList = 
GamePref.FragLimit = 20
GamePref.GameDifficulty = 1
GamePref.GameGuidClient = 
GamePref.GameMode = GameModeSurvival
GamePref.GameName = My Game
GamePref.GameNameClient = My Game
GamePref.GameVersion = V 1.1
GamePref.GameWorld = Navezgane
GamePref.HideCommandExecutionLog = 0
GamePref.IgnoreEOSSanctions = False
GamePref.JoiningOptions = True
GamePref.LandClaimCount = 3
GamePref.LandClaimDeadZone = 30
GamePref.LandClaimDecayMode = 0
GamePref.LandClaimExpiryTime = 7
GamePref.LandClaimOfflineDelay = 0
GamePref.LandClaimOfflineDurabilityModifier = 4
GamePref.LandClaimOnlineDurabilityModifier = 4
GamePref.LandClaimSize = 41
GamePref.Language = English
GamePref.LanguageBrowser = 
GamePref.LastGameResetRevision = 0
GamePref.LastLoadedPrefab = 
GamePref.LastLoadingTipRead = -1
GamePref.LootAbundance = 100
GamePref.LootRespawnDays = 7
GamePref.LootTimer = 
GamePref.MatchLength = 10
GamePref.MaxChunkAge = -1
GamePref.MaxQueuedMeshLayers = 1000
GamePref.MaxSpawnedAnimals = 50
GamePref.MaxSpawnedZombies = 64
GamePref.MaxUncoveredMapChunksPerPlayer = 131072
GamePref.NoGraphicsMode = True
GamePref.OptionsAllowController = True
GamePref.OptionsAmbientVolumeLevel = 1
GamePref.OptionsAudioOcclusion = False
GamePref.OptionsBackgroundGlobalOpacity = 0.95
GamePref.OptionsChatCommunication = True
GamePref.OptionsControllerAimAssists = True
GamePref.OptionsControllerCursorHoverSensitivity = 0.5
GamePref.OptionsControllerCursorSnap = True
GamePref.OptionsControllerIconStyle = 0
GamePref.OptionsControllerJoystickLayout = 0
GamePref.OptionsControllerLookAcceleration = 4
GamePref.OptionsControllerLookAxisDeadzone = 0.1
GamePref.OptionsControllerLookInvert = False
GamePref.OptionsControllerMoveAxisDeadzone = 0.1
GamePref.OptionsControllerSensitivityX = 0.35
GamePref.OptionsControllerSensitivityY = 0.25
GamePref.OptionsControllerTriggerEffects = False
GamePref.OptionsControllerVehicleSensitivity = 1
GamePref.OptionsControllerVibration = True
GamePref.OptionsControllerVibrationStrength = 2
GamePref.OptionsControllerWeaponAiming = False
GamePref.OptionsControllerZoomSensitivity = 0.5
GamePref.OptionsControlsResetRevision = 0
GamePref.OptionsControlsSprintLock = True
GamePref.OptionsDisableChunkLODs = False
GamePref.OptionsDisableXmlEvents = False
GamePref.OptionsDynamicMusicDailyTime = 0.45
GamePref.OptionsDynamicMusicEnabled = True
GamePref.OptionsFilterProfanity = False
GamePref.OptionsForegroundGlobalOpacity = 1
GamePref.OptionsGfxAA = 1
GamePref.OptionsGfxAASharpness = 0
GamePref.OptionsGfxBloom = True
GamePref.OptionsGfxBrightness = 0.5
GamePref.OptionsGfxDOF = False
GamePref.OptionsGfxDynamicMinFPS = 30
GamePref.OptionsGfxDynamicMode = 0
GamePref.OptionsGfxDynamicScale = 1
GamePref.OptionsGfxFOV = 65
GamePref.OptionsGfxGrassDistance = 1
GamePref.OptionsGfxLODDistance = 0.5
GamePref.OptionsGfxMotionBlur = 1
GamePref.OptionsGfxMotionBlurEnabled = True
GamePref.OptionsGfxObjQuality = 3
GamePref.OptionsGfxOcclusion = True
GamePref.OptionsGfxQualityPreset = 2
GamePref.OptionsGfxReflectQuality = 1
GamePref.OptionsGfxReflectShadows = False
GamePref.OptionsGfxResetRevision = 0
GamePref.OptionsGfxResolution = 0
GamePref.OptionsGfxShadowDistance = 1
GamePref.OptionsGfxShadowQuality = 1
GamePref.OptionsGfxSSAO = True
GamePref.OptionsGfxSSReflections = 1
GamePref.OptionsGfxStreamMipmaps = True
GamePref.OptionsGfxSunShafts = True
GamePref.OptionsGfxTerrainQuality = 3
GamePref.OptionsGfxTexFilter = 1
GamePref.OptionsGfxTexQuality = 1
GamePref.OptionsGfxTreeDistance = 4
GamePref.OptionsGfxViewDistance = 6
GamePref.OptionsGfxVsync = 1
GamePref.OptionsGfxWaterPtlLimiter = 0.5
GamePref.OptionsGfxWaterQuality = 1
GamePref.OptionsHudOpacity = 1
GamePref.OptionsHudSize = 1
GamePref.OptionsInterfaceSensitivity = 0.5
GamePref.OptionsIntroMovieEnabled = True
GamePref.OptionsInvertMouse = False
GamePref.OptionsJournalPopup = True
GamePref.OptionsLiteNetLibMtuOverride = False
GamePref.OptionsLookSensitivity = 0.5
GamePref.OptionsMenuMusicVolumeLevel = 0.7
GamePref.OptionsMicVolumeLevel = 0.75
GamePref.OptionsMumblePositionalAudioSupport = False
GamePref.OptionsMusicVolumeLevel = 0.6
GamePref.OptionsOverallAudioVolumeLevel = 1
GamePref.OptionsPlayChanceFrequency = 3
GamePref.OptionsPlayChanceProbability = 0.983
GamePref.OptionsPlayerModel = playerMale
GamePref.OptionsPlayerModelTexture = Player/Male/Player_male
GamePref.OptionsPOICulling = 1
GamePref.OptionsQuestsAutoAccept = True
GamePref.OptionsQuestsAutoShare = True
GamePref.OptionsScreenBoundsValue = 1
GamePref.OptionsSelectionBoxAlphaMultiplier = 0.4
GamePref.OptionsShowCompass = True
GamePref.OptionsShowCrosshair = True
GamePref.OptionsStabSpawnBlocksOnGround = True
GamePref.OptionsSubtitlesEnabled = False
GamePref.OptionsTempCelsius = False
GamePref.OptionsUiCompassUseEnglishCardinalDirections = False
GamePref.OptionsUiFpsScaling = 1
GamePref.OptionsVehicleLookSensitivity = 0.5
GamePref.OptionsVoiceChatEnabled = True
GamePref.OptionsVoiceInputDevice = 
GamePref.OptionsVoiceOutputDevice = 
GamePref.OptionsVoiceVolumeLevel = 0.75
GamePref.OptionsWeaponAiming = False
GamePref.OptionsZoomAccel = 0.5
GamePref.OptionsZoomSensitivity = 0.3
GamePref.PartySharedKillRange = 100
GamePref.PersistentPlayerProfiles = False
GamePref.PlayerAutologin = False
GamePref.PlayerKillingMode = 3
GamePref.PlayerName = Player
GamePref.PlayerSafeZoneHours = 5
GamePref.PlayerSafeZoneLevel = 5
GamePref.PlayerToken = 
GamePref.PlaytestBiome = 3
GamePref.QuestProgressionDailyLimit = 4
GamePref.RebuildMap = False
GamePref.Region = NorthAmericaEast
GamePref.SaveDataLimit = -1
GamePref.SelectionContextMode = 0
GamePref.SelectionOperationMode = 0
GamePref.ServerAdminSlots = 0
GamePref.ServerAdminSlotsPermission = 0
GamePref.ServerDescription = A 7 Days to Die server
GamePref.ServerDisabledNetworkProtocols = SteamNetworking
GamePref.ServerEnabled = False
GamePref.ServerIP = 
GamePref.ServerIsPublic = True
GamePref.ServerLoginConfirmationText = 
GamePref.ServerMaxAllowedViewDistance = 12
GamePref.ServerMaxPlayerCount = 8
GamePref.ServerMaxWorldTransferSpeedKiBs = 512
GamePref.ServerName = My Game Host
GamePref.ServerPort = 26900
GamePref.ServerReservedSlots = 0
GamePref.ServerReservedSlotsPermission = 100
GamePref.ServerVisibility = 2
GamePref.ServerWebsiteURL = 
GamePref.ShowFriendPlayerOnMap = True
GamePref.SkipSpawnButton = False
GamePref.TelnetEnabled = True
GamePref.TelnetFailedLoginLimit = 10
GamePref.TelnetFailedLoginsBlocktime = 10
GamePref.TelnetPort = 8081
GamePref.TerminalWindowEnabled = True
GamePref.TwitchBloodMoonAllowed = False
GamePref.TwitchServerPermission = 90
GamePref.UNUSED_ControlPanelEnabled = False
GamePref.UNUSED_ControlPanelPort = 8080
GamePref.UNUSED_LastLoadedPrefabSize = 
GamePref.UNUSED_NewGameSetDefaults = 
GamePref.UNUSED_OptionsBloom = 
GamePref.UNUSED_OptionsDOF = 
GamePref.UNUSED_OptionsFieldOfViewNew = 
GamePref.UNUSED_OptionsGamma = 
GamePref.UNUSED_OptionsGfxGameplayResolutionHeight = 
GamePref.UNUSED_OptionsGfxGameplayResolutionWidth = 
GamePref.UNUSED_OptionsGfxUMATexQuality = 
GamePref.UNUSED_OptionsMotionBlur = 
GamePref.UNUSED_OptionsObjectBlur = 
GamePref.UNUSED_OptionsReflectionBounces = 
GamePref.UNUSED_OptionsReflectionCullList = 
GamePref.UNUSED_OptionsReflectionFarClip = 
GamePref.UNUSED_OptionsReflectionRefreshMode = 
GamePref.UNUSED_OptionsReflectionShadowDistance = 
GamePref.UNUSED_OptionsReflectionTimeSlicingMode = 
GamePref.UNUSED_OptionsSSAO = 
GamePref.UNUSED_OptionsStreamingMipmapsBudget = 
GamePref.UNUSED_OptionsSunShafts = 
GamePref.UNUSED_PlayerId = 
GamePref.UNUSED_SaveGameFolder = 
GamePref.UNUSED_UserDataFolder = 
GamePref.WebDashboardEnabled = False
GamePref.WebDashboardPort = 8080
GamePref.WebDashboardUrl = 
GamePref.WorldGenSeed = asdf
GamePref.WorldGenSize = 6144
GamePref.XPMultiplier = 100
GamePref.ZombieBMMove = 3
GamePref.ZombieFeralMove = 3
GamePref.ZombieFeralSense = 0
GamePref.ZombieMove = 0
GamePref.ZombieMoveNight = 3
GamePref.ZombiePlayers = True
GameStat.AirDropFrequency = 0
GameStat.AirDropMarker = True
GameStat.AllowedViewDistance = 12
GameStat.AnimalCount = 0
GameStat.AutoParty = False
GameStat.BedrollExpiryTime = 45
GameStat.BlockDamagePlayer = 100
GameStat.BloodMoonDay = 0
GameStat.BloodMoonEnemyCount = 8
GameStat.BloodMoonWarning = 8
GameStat.ChunkStabilityEnabled = True
GameStat.CurrentRoundIx = 0
GameStat.DayLightLength = 18
GameStat.DayLimitActive = False
GameStat.DayLimitThisRound = 0
GameStat.DeathPenalty = XPOnly
GameStat.DropOnDeath = 1
GameStat.DropOnQuit = 0
GameStat.EnemyCount = 0
GameStat.EnemyDifficulty = Normal
GameStat.EnemySpawnMode = True
GameStat.FragLimitActive = False
GameStat.FragLimitThisRound = 0
GameStat.GameDifficulty = 2
GameStat.GameDifficultyBonus = 1
GameStat.GameModeId = 0
GameStat.GameState = 0
GameStat.GlobalMessageToShow = 
GameStat.IsCreativeMenuEnabled = False
GameStat.IsFlyingEnabled = False
GameStat.IsPlayerCollisionEnabled = True
GameStat.IsPlayerDamageEnabled = True
GameStat.IsResetMapOnRestart = False
GameStat.IsSaveSupplyCrates = True
GameStat.IsSpawnEnemies = True
GameStat.IsSpawnNearOtherPlayer = False
GameStat.IsTeleportEnabled = False
GameStat.IsVersionCheckDone = False
GameStat.LandClaimCount = 3
GameStat.LandClaimDeadZone = 30
GameStat.LandClaimDecayMode = 0
GameStat.LandClaimExpiryTime = 3
GameStat.LandClaimOfflineDelay = 0
GameStat.LandClaimOfflineDurabilityModifier = 32
GameStat.LandClaimOnlineDurabilityModifier = 32
GameStat.LandClaimSize = 41
GameStat.LoadScene = 
GameStat.LootTimer = 
GameStat.OptionsPOICulling = 0
GameStat.PartySharedKillRange = 100
GameStat.PlayerKillingMode = KillStrangersOnly
GameStat.QuestProgressionDailyLimit = 4
GameStat.ScoreDiedMultiplier = -5
GameStat.ScorePlayerKillMultiplier = 1
GameStat.ScoreZombieKillMultiplier = 1
GameStat.ShowAllPlayersOnMap = False
GameStat.ShowFriendPlayerOnMap = True
GameStat.ShowSpawnWindow = False
GameStat.ShowWindow = 
GameStat.TimeLimitActive = False
GameStat.TimeLimitThisRound = 0
GameStat.TimeOfDayIncPerSec = 20
GameStat.TwitchBloodMoonAllowed = True
GameStat.UNUSED_ShowZombieCounter = 
GameStat.XPMultiplier = 100
GameStat.ZombieHordeMeter = False
2024-10-31T00:53:36 4.670 INF StartAsServer
2024-10-31T00:53:37 5.079 INF Loaded (local): events in 0.10
2024-10-31T00:53:38 5.779 INF Loaded (local): materials in 0.30
2024-10-31T00:53:38 6.129 INF Loaded (local): physicsbodies in 0.10
2024-10-31T00:53:38 6.529 INF Loaded (local): painting in 0.10
2024-10-31T00:53:39 6.879 INF Loaded (local): shapes in 0.10
ERROR: Shader Legacy Shaders/Transparent/Cutout/VertexLit shader is not supported on this GPU (none of subshaders/fallbacks are suitable)
WARNING: Shader Unsupported: 'Game/SpeedTree' - All subshaders removed
WARNING: Shader Did you use #pragma only_renderers and omit this platform?
WARNING: Shader If subshaders removal was intentional, you may have forgotten turning Fallback off?
ERROR: Shader Game/SpeedTree shader is not supported on this GPU (none of subshaders/fallbacks are suitable)
WARNING: Shader Unsupported: 'Game/SpeedTree' - All subshaders removed
WARNING: Shader Did you use #pragma only_renderers and omit this platform?
WARNING: Shader If subshaders removal was intentional, you may have forgotten turning Fallback off?
WARNING: Shader Unsupported: 'Nature/SpeedTree Billboard' - All subshaders removed
WARNING: Shader Did you use #pragma only_renderers and omit this platform?
WARNING: Shader If subshaders removal was intentional, you may have forgotten turning Fallback off?
ERROR: Shader Nature/SpeedTree Billboard shader is not supported on this GPU (none of subshaders/fallbacks are suitable)
WARNING: Shader Unsupported: 'Nature/SpeedTree Billboard' - All subshaders removed
WARNING: Shader Did you use #pragma only_renderers and omit this platform?
WARNING: Shader If subshaders removal was intentional, you may have forgotten turning Fallback off?
ERROR: Shader Game/BlockMissing shader is not supported on this GPU (none of subshaders/fallbacks are suitable)
WARNING: Shader Unsupported: 'Game/Entity Tint Mask' - All subshaders removed
WARNING: Shader Did you use #pragma only_renderers and omit this platform?
WARNING: Shader If subshaders removal was intentional, you may have forgotten turning Fallback off?
ERROR: Shader Game/Entity Tint Mask shader is not supported on this GPU (none of subshaders/fallbacks are suitable)
WARNING: Shader Unsupported: 'Game/Entity Tint Mask' - All subshaders removed
WARNING: Shader Did you use #pragma only_renderers and omit this platform?
WARNING: Shader If subshaders removal was intentional, you may have forgotten turning Fallback off?
ERROR: Shader Game/Transparent shader is not supported on this GPU (none of subshaders/fallbacks are suitable)
WARNING: Shader Unsupported: '7DTD/7DTD_Liquid' - All subshaders removed
WARNING: Shader Did you use #pragma only_renderers and omit this platform?
WARNING: Shader If subshaders removal was intentional, you may have forgotten turning Fallback off?
ERROR: Shader 7DTD/7DTD_Liquid shader is not supported on this GPU (none of subshaders/fallbacks are suitable)
WARNING: Shader Unsupported: '7DTD/7DTD_Liquid' - All subshaders removed
WARNING: Shader Did you use #pragma only_renderers and omit this platform?
WARNING: Shader If subshaders removal was intentional, you may have forgotten turning Fallback off?
WARNING: Shader Unsupported: 'Custom/SignTextShader' - All subshaders removed
WARNING: Shader Did you use #pragma only_renderers and omit this platform?
WARNING: Shader If subshaders removal was intentional, you may have forgotten turning Fallback off?
ERROR: Shader Custom/SignTextShader shader is not supported on this GPU (none of subshaders/fallbacks are suitable)
WARNING: Shader Unsupported: 'Custom/SignTextShader' - All subshaders removed
WARNING: Shader Did you use #pragma only_renderers and omit this platform?
WARNING: Shader If subshaders removal was intentional, you may have forgotten turning Fallback off?
WARNING: Shader Unsupported: 'Game/Autodesk XFade' - All subshaders removed
WARNING: Shader Did you use #pragma only_renderers and omit this platform?
WARNING: Shader If subshaders removal was intentional, you may have forgotten turning Fallback off?
ERROR: Shader Game/Autodesk XFade shader is not supported on this GPU (none of subshaders/fallbacks are suitable)
WARNING: Shader Unsupported: 'Game/Autodesk XFade' - All subshaders removed
WARNING: Shader Did you use #pragma only_renderers and omit this platform?
WARNING: Shader If subshaders removal was intentional, you may have forgotten turning Fallback off?
ERROR: Shader Legacy Shaders/Particles/Alpha Blended Premultiply shader is not supported on this GPU (none of subshaders/fallbacks are suitable)
WARNING: Shader Unsupported: '7DTD/7DTD_Fire' - All subshaders removed
WARNING: Shader Did you use #pragma only_renderers and omit this platform?
WARNING: Shader If subshaders removal was intentional, you may have forgotten turning Fallback off?
ERROR: Shader 7DTD/7DTD_Fire shader is not supported on this GPU (none of subshaders/fallbacks are suitable)
WARNING: Shader Unsupported: '7DTD/7DTD_Fire' - All subshaders removed
WARNING: Shader Did you use #pragma only_renderers and omit this platform?
WARNING: Shader If subshaders removal was intentional, you may have forgotten turning Fallback off?
There is no texture data available to upload.
ERROR: Shader Game/SemiTransGlow shader is not supported on this GPU (none of subshaders/fallbacks are suitable)
WARNING: Shader Unsupported: 'Particles/Standard Unlit' - All subshaders removed
WARNING: Shader Did you use #pragma only_renderers and omit this platform?
WARNING: Shader If subshaders removal was intentional, you may have forgotten turning Fallback off?
ERROR: Shader Particles/Standard Unlit shader is not supported on this GPU (none of subshaders/fallbacks are suitable)
WARNING: Shader Unsupported: 'Particles/Standard Unlit' - All subshaders removed
WARNING: Shader Did you use #pragma only_renderers and omit this platform?
WARNING: Shader If subshaders removal was intentional, you may have forgotten turning Fallback off?
WARNING: Shader Unsupported: 'Game Particles/Unlit' - All subshaders removed
WARNING: Shader Did you use #pragma only_renderers and omit this platform?
WARNING: Shader If subshaders removal was intentional, you may have forgotten turning Fallback off?
ERROR: Shader Game Particles/Unlit shader is not supported on this GPU (none of subshaders/fallbacks are suitable)
WARNING: Shader Unsupported: 'Game Particles/Unlit' - All subshaders removed
WARNING: Shader Did you use #pragma only_renderers and omit this platform?
WARNING: Shader If subshaders removal was intentional, you may have forgotten turning Fallback off?
There is no texture data available to upload.
There is no texture data available to upload.
There is no texture data available to upload.
There is no texture data available to upload.
There is no texture data available to upload.
There is no texture data available to upload.
There is no texture data available to upload.
There is no texture data available to upload.
There is no texture data available to upload.
There is no texture data available to upload.
There is no texture data available to upload.
There is no texture data available to upload.
There is no texture data available to upload.
There is no texture data available to upload.
WARNING: Shader Unsupported: 'Game/TorchFire' - All subshaders removed
WARNING: Shader Did you use #pragma only_renderers and omit this platform?
WARNING: Shader If subshaders removal was intentional, you may have forgotten turning Fallback off?
ERROR: Shader Game/TorchFire shader is not supported on this GPU (none of subshaders/fallbacks are suitable)
WARNING: Shader Unsupported: 'Game/TorchFire' - All subshaders removed
WARNING: Shader Did you use #pragma only_renderers and omit this platform?
WARNING: Shader If subshaders removal was intentional, you may have forgotten turning Fallback off?
WARNING: Shader Unsupported: 'Game Particles/partPyro_fireShader_A' - All subshaders removed
WARNING: Shader Did you use #pragma only_renderers and omit this platform?
WARNING: Shader If subshaders removal was intentional, you may have forgotten turning Fallback off?
ERROR: Shader Game Particles/partPyro_fireShader_A shader is not supported on this GPU (none of subshaders/fallbacks are suitable)
WARNING: Shader Unsupported: 'Game Particles/partPyro_fireShader_A' - All subshaders removed
WARNING: Shader Did you use #pragma only_renderers and omit this platform?
WARNING: Shader If subshaders removal was intentional, you may have forgotten turning Fallback off?
WARNING: Shader Unsupported: 'Game Particles/partPyro_template_lit_B' - All subshaders removed
WARNING: Shader Did you use #pragma only_renderers and omit this platform?
WARNING: Shader If subshaders removal was intentional, you may have forgotten turning Fallback off?
ERROR: Shader Game Particles/partPyro_template_lit_B shader is not supported on this GPU (none of subshaders/fallbacks are suitable)
WARNING: Shader Unsupported: 'Game Particles/partPyro_template_lit_B' - All subshaders removed
WARNING: Shader Did you use #pragma only_renderers and omit this platform?
WARNING: Shader If subshaders removal was intentional, you may have forgotten turning Fallback off?
ERROR: Shader Legacy Shaders/Particles/Additive shader is not supported on this GPU (none of subshaders/fallbacks are suitable)
WARNING: Shader Unsupported: 'Particles/Standard Surface' - All subshaders removed
WARNING: Shader Did you use #pragma only_renderers and omit this platform?
WARNING: Shader If subshaders removal was intentional, you may have forgotten turning Fallback off?
ERROR: Shader Particles/Standard Surface shader is not supported on this GPU (none of subshaders/fallbacks are suitable)
WARNING: Shader Unsupported: 'Particles/Standard Surface' - All subshaders removed
WARNING: Shader Did you use #pragma only_renderers and omit this platform?
WARNING: Shader If subshaders removal was intentional, you may have forgotten turning Fallback off?
WARNING: Shader Unsupported: 'Autodesk Interactive' - All subshaders removed
WARNING: Shader Did you use #pragma only_renderers and omit this platform?
WARNING: Shader If subshaders removal was intentional, you may have forgotten turning Fallback off?
ERROR: Shader Autodesk Interactive shader is not supported on this GPU (none of subshaders/fallbacks are suitable)
WARNING: Shader Unsupported: 'Autodesk Interactive' - All subshaders removed
WARNING: Shader Did you use #pragma only_renderers and omit this platform?
WARNING: Shader If subshaders removal was intentional, you may have forgotten turning Fallback off?
WARNING: Shader Unsupported: 'Game/Autodesk' - All subshaders removed
WARNING: Shader Did you use #pragma only_renderers and omit this platform?
WARNING: Shader If subshaders removal was intentional, you may have forgotten turning Fallback off?
ERROR: Shader Game/Autodesk shader is not supported on this GPU (none of subshaders/fallbacks are suitable)
WARNING: Shader Unsupported: 'Game/Autodesk' - All subshaders removed
WARNING: Shader Did you use #pragma only_renderers and omit this platform?
WARNING: Shader If subshaders removal was intentional, you may have forgotten turning Fallback off?
ERROR: Shader Game/Character shader is not supported on this GPU (none of subshaders/fallbacks are suitable)
WARNING: Shader Unsupported: '7DTD/7DTD_Cobweb' - All subshaders removed
WARNING: Shader Did you use #pragma only_renderers and omit this platform?
WARNING: Shader If subshaders removal was intentional, you may have forgotten turning Fallback off?
ERROR: Shader 7DTD/7DTD_Cobweb shader is not supported on this GPU (none of subshaders/fallbacks are suitable)
WARNING: Shader Unsupported: '7DTD/7DTD_Cobweb' - All subshaders removed
WARNING: Shader Did you use #pragma only_renderers and omit this platform?
WARNING: Shader If subshaders removal was intentional, you may have forgotten turning Fallback off?
There is no texture data available to upload.
WARNING: Shader Unsupported: 'Game/EntityTintMaskSSS' - All subshaders removed
WARNING: Shader Did you use #pragma only_renderers and omit this platform?
WARNING: Shader If subshaders removal was intentional, you may have forgotten turning Fallback off?
ERROR: Shader Game/EntityTintMaskSSS shader is not supported on this GPU (none of subshaders/fallbacks are suitable)
WARNING: Shader Unsupported: 'Game/EntityTintMaskSSS' - All subshaders removed
WARNING: Shader Did you use #pragma only_renderers and omit this platform?
WARNING: Shader If subshaders removal was intentional, you may have forgotten turning Fallback off?
ERROR: Shader Legacy Shaders/Particles/Alpha Blended shader is not supported on this GPU (none of subshaders/fallbacks are suitable)
WARNING: Shader Unsupported: 'Game/CharacterPlayerOutfit' - All subshaders removed
WARNING: Shader Did you use #pragma only_renderers and omit this platform?
WARNING: Shader If subshaders removal was intentional, you may have forgotten turning Fallback off?
ERROR: Shader Game/CharacterPlayerOutfit shader is not supported on this GPU (none of subshaders/fallbacks are suitable)
WARNING: Shader Unsupported: 'Game/CharacterPlayerOutfit' - All subshaders removed
WARNING: Shader Did you use #pragma only_renderers and omit this platform?
WARNING: Shader If subshaders removal was intentional, you may have forgotten turning Fallback off?
WARNING: Shader Unsupported: 'Game Particles/Lit' - All subshaders removed
WARNING: Shader Did you use #pragma only_renderers and omit this platform?
WARNING: Shader If subshaders removal was intentional, you may have forgotten turning Fallback off?
ERROR: Shader Game Particles/Lit shader is not supported on this GPU (none of subshaders/fallbacks are suitable)
WARNING: Shader Unsupported: 'Game Particles/Lit' - All subshaders removed
WARNING: Shader Did you use #pragma only_renderers and omit this platform?
WARNING: Shader If subshaders removal was intentional, you may have forgotten turning Fallback off?
WARNING: Shader Unsupported: 'Game Particles/Standard Surface' - All subshaders removed
WARNING: Shader Did you use #pragma only_renderers and omit this platform?
WARNING: Shader If subshaders removal was intentional, you may have forgotten turning Fallback off?
ERROR: Shader Game Particles/Standard Surface shader is not supported on this GPU (none of subshaders/fallbacks are suitable)
WARNING: Shader Unsupported: 'Game Particles/Standard Surface' - All subshaders removed
WARNING: Shader Did you use #pragma only_renderers and omit this platform?
WARNING: Shader If subshaders removal was intentional, you may have forgotten turning Fallback off?
There is no texture data available to upload.
WARNING: Shader Unsupported: 'Game/Autodesk' - All subshaders removed
WARNING: Shader Did you use #pragma only_renderers and omit this platform?
WARNING: Shader If subshaders removal was intentional, you may have forgotten turning Fallback off?
ERROR: Shader Game/Autodesk shader is not supported on this GPU (none of subshaders/fallbacks are suitable)
WARNING: Shader Unsupported: 'Game/Autodesk' - All subshaders removed
WARNING: Shader Did you use #pragma only_renderers and omit this platform?
WARNING: Shader If subshaders removal was intentional, you may have forgotten turning Fallback off?
WARNING: Shader Unsupported: '7DTD/7DTD_Sign_Illuminated' - All subshaders removed
WARNING: Shader Did you use #pragma only_renderers and omit this platform?
WARNING: Shader If subshaders removal was intentional, you may have forgotten turning Fallback off?
ERROR: Shader 7DTD/7DTD_Sign_Illuminated shader is not supported on this GPU (none of subshaders/fallbacks are suitable)
WARNING: Shader Unsupported: '7DTD/7DTD_Sign_Illuminated' - All subshaders removed
WARNING: Shader Did you use #pragma only_renderers and omit this platform?
WARNING: Shader If subshaders removal was intentional, you may have forgotten turning Fallback off?
There is no texture data available to upload.
WARNING: Shader Unsupported: 'Custom/SignTextShader' - All subshaders removed
WARNING: Shader Did you use #pragma only_renderers and omit this platform?
WARNING: Shader If subshaders removal was intentional, you may have forgotten turning Fallback off?
ERROR: Shader Custom/SignTextShader shader is not supported on this GPU (none of subshaders/fallbacks are suitable)
WARNING: Shader Unsupported: 'Custom/SignTextShader' - All subshaders removed
WARNING: Shader Did you use #pragma only_renderers and omit this platform?
WARNING: Shader If subshaders removal was intentional, you may have forgotten turning Fallback off?
WARNING: Shader Unsupported: 'Standard' - All subshaders removed
WARNING: Shader Did you use #pragma only_renderers and omit this platform?
WARNING: Shader If subshaders removal was intentional, you may have forgotten turning Fallback off?
ERROR: Shader Standard shader is not supported on this GPU (none of subshaders/fallbacks are suitable)
WARNING: Shader Unsupported: 'Standard' - All subshaders removed
WARNING: Shader Did you use #pragma only_renderers and omit this platform?
WARNING: Shader If subshaders removal was intentional, you may have forgotten turning Fallback off?
WARNING: Shader Unsupported: 'Nature/SpeedTree8' - All subshaders removed
WARNING: Shader Did you use #pragma only_renderers and omit this platform?
WARNING: Shader If subshaders removal was intentional, you may have forgotten turning Fallback off?
ERROR: Shader Nature/SpeedTree8 shader is not supported on this GPU (none of subshaders/fallbacks are suitable)
WARNING: Shader Unsupported: 'Nature/SpeedTree8' - All subshaders removed
WARNING: Shader Did you use #pragma only_renderers and omit this platform?
WARNING: Shader If subshaders removal was intentional, you may have forgotten turning Fallback off?
WARNING: Shader Unsupported: 'Game/SpeedTree8' - All subshaders removed
WARNING: Shader Did you use #pragma only_renderers and omit this platform?
WARNING: Shader If subshaders removal was intentional, you may have forgotten turning Fallback off?
ERROR: Shader Game/SpeedTree8 shader is not supported on this GPU (none of subshaders/fallbacks are suitable)
WARNING: Shader Unsupported: 'Game/SpeedTree8' - All subshaders removed
WARNING: Shader Did you use #pragma only_renderers and omit this platform?
WARNING: Shader If subshaders removal was intentional, you may have forgotten turning Fallback off?
WARNING: Shader Unsupported: 'Nature/SpeedTree' - All subshaders removed
WARNING: Shader Did you use #pragma only_renderers and omit this platform?
WARNING: Shader If subshaders removal was intentional, you may have forgotten turning Fallback off?
ERROR: Shader Nature/SpeedTree shader is not supported on this GPU (none of subshaders/fallbacks are suitable)
WARNING: Shader Unsupported: 'Nature/SpeedTree' - All subshaders removed
WARNING: Shader Did you use #pragma only_renderers and omit this platform?
WARNING: Shader If subshaders removal was intentional, you may have forgotten turning Fallback off?
WARNING: Shader Unsupported: 'Game/Autodesk XFade' - All subshaders removed
WARNING: Shader Did you use #pragma only_renderers and omit this platform?
WARNING: Shader If subshaders removal was intentional, you may have forgotten turning Fallback off?
ERROR: Shader Game/Autodesk XFade shader is not supported on this GPU (none of subshaders/fallbacks are suitable)
WARNING: Shader Unsupported: 'Game/Autodesk XFade' - All subshaders removed
WARNING: Shader Did you use #pragma only_renderers and omit this platform?
WARNING: Shader If subshaders removal was intentional, you may have forgotten turning Fallback off?
WARNING: Shader Unsupported: 'Standard (Specular setup)' - All subshaders removed
WARNING: Shader Did you use #pragma only_renderers and omit this platform?
WARNING: Shader If subshaders removal was intentional, you may have forgotten turning Fallback off?
ERROR: Shader Standard (Specular setup) shader is not supported on this GPU (none of subshaders/fallbacks are suitable)
WARNING: Shader Unsupported: 'Standard (Specular setup)' - All subshaders removed
WARNING: Shader Did you use #pragma only_renderers and omit this platform?
WARNING: Shader If subshaders removal was intentional, you may have forgotten turning Fallback off?
There is no texture data available to upload.
WARNING: Shader Unsupported: '7DTD/7DTD_RallyPoint' - All subshaders removed
WARNING: Shader Did you use #pragma only_renderers and omit this platform?
WARNING: Shader If subshaders removal was intentional, you may have forgotten turning Fallback off?
ERROR: Shader 7DTD/7DTD_RallyPoint shader is not supported on this GPU (none of subshaders/fallbacks are suitable)
WARNING: Shader Unsupported: '7DTD/7DTD_RallyPoint' - All subshaders removed
WARNING: Shader Did you use #pragma only_renderers and omit this platform?
WARNING: Shader If subshaders removal was intentional, you may have forgotten turning Fallback off?
No mesh data available for mesh GeneratorLightGlass on particle system OffState. Make sure Read/Write Enabled is set in the importer to work on the particle system renderer
No mesh data available for mesh GeneratorLightGlass on particle system RebootState. Make sure Read/Write Enabled is set in the importer to work on the particle system renderer
No mesh data available for mesh GeneratorLightGlass on particle system OnState. Make sure Read/Write Enabled is set in the importer to work on the particle system renderer
No mesh data available for mesh GeneratorLightGlass on particle system EnteringOnState. Make sure Read/Write Enabled is set in the importer to work on the particle system renderer
There is no texture data available to upload.
No mesh data available for mesh GeneratorLightGlass on particle system OnState. Make sure Read/Write Enabled is set in the importer to work on the particle system renderer
No mesh data available for mesh GeneratorLightGlass on particle system EnteringOnState. Make sure Read/Write Enabled is set in the importer to work on the particle system renderer
No mesh data available for mesh GeneratorLightGlass on particle system OffState. Make sure Read/Write Enabled is set in the importer to work on the particle system renderer
No mesh data available for mesh GeneratorLightGlass on particle system RebootState. Make sure Read/Write Enabled is set in the importer to work on the particle system renderer
ERROR: Shader Game/Character shader is not supported on this GPU (none of subshaders/fallbacks are suitable)
WARNING: Shader Unsupported: 'Game/Cloth' - All subshaders removed
WARNING: Shader Did you use #pragma only_renderers and omit this platform?
WARNING: Shader If subshaders removal was intentional, you may have forgotten turning Fallback off?
ERROR: Shader Game/Cloth shader is not supported on this GPU (none of subshaders/fallbacks are suitable)
WARNING: Shader Unsupported: 'Game/Cloth' - All subshaders removed
WARNING: Shader Did you use #pragma only_renderers and omit this platform?
WARNING: Shader If subshaders removal was intentional, you may have forgotten turning Fallback off?
WARNING: Shader Unsupported: 'Game Particles/shader_gas_unlit' - All subshaders removed
WARNING: Shader Did you use #pragma only_renderers and omit this platform?
WARNING: Shader If subshaders removal was intentional, you may have forgotten turning Fallback off?
ERROR: Shader Game Particles/shader_gas_unlit shader is not supported on this GPU (none of subshaders/fallbacks are suitable)
WARNING: Shader Unsupported: 'Game Particles/shader_gas_unlit' - All subshaders removed
WARNING: Shader Did you use #pragma only_renderers and omit this platform?
WARNING: Shader If subshaders removal was intentional, you may have forgotten turning Fallback off?
Unloading 5 Unused Serialized files (Serialized files now loaded: 11)
2024-10-31T00:53:46 14.281 INF Block IDs with mapping
2024-10-31T00:53:46 14.288 INF Block IDs total 23973, terr 29, last 24195
2024-10-31T00:53:46 14.302 INF Loaded (local): blocks in 7.12
Unloading 73556 unused Assets to reduce memory usage. Loaded Objects now: 84266.
Total: 210.336367 ms (FindLiveObjects: 3.569859 ms CreateObjectMapping: 5.665507 ms MarkObjects: 186.677586 ms  DeleteObjects: 14.422928 ms)

2024-10-31T00:53:47 14.784 INF Loaded (local): progression in 0.11
WARNING: Shader Unsupported: '7DTD_Unity5/WaterInBucket' - All subshaders removed
WARNING: Shader Did you use #pragma only_renderers and omit this platform?
WARNING: Shader If subshaders removal was intentional, you may have forgotten turning Fallback off?
ERROR: Shader 7DTD_Unity5/WaterInBucket shader is not supported on this GPU (none of subshaders/fallbacks are suitable)
WARNING: Shader Unsupported: '7DTD_Unity5/WaterInBucket' - All subshaders removed
WARNING: Shader Did you use #pragma only_renderers and omit this platform?
WARNING: Shader If subshaders removal was intentional, you may have forgotten turning Fallback off?
2024-10-31T00:53:47 15.214 INF Loaded (local): buffs in 0.18
2024-10-31T00:53:47 15.558 INF Loaded (local): misc in 0.10
WARNING: Shader Unsupported: 'Game/TorchFire' - All subshaders removed
WARNING: Shader Did you use #pragma only_renderers and omit this platform?
WARNING: Shader If subshaders removal was intentional, you may have forgotten turning Fallback off?
ERROR: Shader Game/TorchFire shader is not supported on this GPU (none of subshaders/fallbacks are suitable)
WARNING: Shader Unsupported: 'Game/TorchFire' - All subshaders removed
WARNING: Shader Did you use #pragma only_renderers and omit this platform?
WARNING: Shader If subshaders removal was intentional, you may have forgotten turning Fallback off?
WARNING: Shader Unsupported: '7DTD/TorchGlow' - All subshaders removed
WARNING: Shader Did you use #pragma only_renderers and omit this platform?
WARNING: Shader If subshaders removal was intentional, you may have forgotten turning Fallback off?
ERROR: Shader 7DTD/TorchGlow shader is not supported on this GPU (none of subshaders/fallbacks are suitable)
WARNING: Shader Unsupported: '7DTD/TorchGlow' - All subshaders removed
WARNING: Shader Did you use #pragma only_renderers and omit this platform?
WARNING: Shader If subshaders removal was intentional, you may have forgotten turning Fallback off?
WARNING: Shader Unsupported: 'Game/TorchFire' - All subshaders removed
WARNING: Shader Did you use #pragma only_renderers and omit this platform?
WARNING: Shader If subshaders removal was intentional, you may have forgotten turning Fallback off?
ERROR: Shader Game/TorchFire shader is not supported on this GPU (none of subshaders/fallbacks are suitable)
WARNING: Shader Unsupported: 'Game/TorchFire' - All subshaders removed
WARNING: Shader Did you use #pragma only_renderers and omit this platform?
WARNING: Shader If subshaders removal was intentional, you may have forgotten turning Fallback off?
There is no texture data available to upload.
2024-10-31T00:53:48 16.124 INF Loaded (local): items in 0.31
ERROR: Shader Shader Forge/7DTD_Particle_Additive shader is not supported on this GPU (none of subshaders/fallbacks are suitable)
WARNING: Shader Unsupported: 'Game/Glass Reflex' - All subshaders removed
WARNING: Shader Did you use #pragma only_renderers and omit this platform?
WARNING: Shader If subshaders removal was intentional, you may have forgotten turning Fallback off?
ERROR: Shader Game/Glass Reflex shader is not supported on this GPU (none of subshaders/fallbacks are suitable)
WARNING: Shader Unsupported: 'Game/Glass Reflex' - All subshaders removed
WARNING: Shader Did you use #pragma only_renderers and omit this platform?
WARNING: Shader If subshaders removal was intentional, you may have forgotten turning Fallback off?
2024-10-31T00:53:48 16.548 INF Item IDs with mapping
2024-10-31T00:53:48 16.548 INF ItemIDs from Mapping
2024-10-31T00:53:48 16.551 INF ItemClass assignLeftOverItems 66882 of 81920
2024-10-31T00:53:48 16.614 INF Loaded (local): item_modifiers in 0.07
2024-10-31T00:53:49 16.962 INF Loaded (local): entityclasses in 0.10
2024-10-31T00:53:49 17.312 INF Loaded (local): qualityinfo in 0.10
2024-10-31T00:53:49 17.662 INF Loaded (local): sounds in 0.10
2024-10-31T00:53:50 18.012 INF Loaded (local): recipes in 0.10
2024-10-31T00:53:50 18.362 INF Loaded (local): blockplaceholders in 0.10
2024-10-31T00:53:50 18.713 INF Loaded (local): loot in 0.10
2024-10-31T00:53:51 19.062 INF Loaded (local): entitygroups in 0.10
2024-10-31T00:53:51 19.412 INF Loaded (local): utilityai in 0.10
2024-10-31T00:53:52 19.762 INF Loaded (local): vehicles in 0.10
2024-10-31T00:53:52 20.113 INF Loaded (local): rwgmixer in 0.10
2024-10-31T00:53:52 20.463 INF Loaded (local): weathersurvival in 0.10
2024-10-31T00:53:53 20.813 INF Loaded (local): archetypes in 0.10
2024-10-31T00:53:53 21.162 INF Loaded (local): challenges in 0.10
2024-10-31T00:53:53 21.512 INF Loaded (local): quests in 0.10
2024-10-31T00:53:54 21.863 INF Loaded (local): traders in 0.10
2024-10-31T00:53:54 22.212 INF Loaded (local): npc in 0.10
2024-10-31T00:53:54 22.563 INF Loaded (local): dialogs in 0.10
2024-10-31T00:53:55 22.913 INF Loaded (local): ui_display in 0.10
2024-10-31T00:53:55 23.264 INF Loaded (local): nav_objects in 0.10
2024-10-31T00:53:55 23.613 INF Loaded (local): gamestages in 0.10
2024-10-31T00:53:56 24.084 INF Loaded (local): gameevents in 0.22
2024-10-31T00:53:56 24.471 INF Loaded (local): twitch in 0.10
2024-10-31T00:53:57 24.822 INF Loaded (local): twitch_events in 0.10
2024-10-31T00:53:57 25.171 INF Loaded (local): dmscontent in 0.10
2024-10-31T00:53:57 25.523 INF Loaded (local): XUi_Common/styles in 0.10
2024-10-31T00:53:58 25.923 INF Loaded (local): XUi_Common/controls in 0.10
2024-10-31T00:53:58 26.322 INF Loaded (local): XUi/styles in 0.10
2024-10-31T00:53:58 26.671 INF Loaded (local): XUi/controls in 0.10
2024-10-31T00:53:59 27.021 INF Loaded (local): XUi/windows in 0.10
2024-10-31T00:53:59 27.372 INF Loaded (local): XUi/xui in 0.10
2024-10-31T00:53:59 27.721 INF Loaded (local): biomes in 0.10
2024-10-31T00:54:00 28.073 INF Loaded (local): worldglobal in 0.10
2024-10-31T00:54:00 28.423 INF Loaded (local): spawning in 0.10
2024-10-31T00:54:01 28.772 INF Loaded (local): loadingscreen in 0.10
2024-10-31T00:54:01 29.073 INF Added 1335 subtitle data entries and 3 speaker colors
2024-10-31T00:54:01 29.122 INF Loaded (local): subtitles in 0.10
2024-10-31T00:54:01 29.474 INF Loaded (local): videos in 0.10
2024-10-31T00:54:01 29.626 INF Loading players.xml
2024-10-31T00:54:01 29.688 INF createWorld: Navezgane, My Game, GameModeSurvival
2024-10-31T00:54:01 29.689 INF Occlusion: Disabled
2024-10-31T00:54:01 29.694 INF Started thread ChunkCalc
2024-10-31T00:54:01 29.694 INF Started thread ChunkRegeneration
2024-10-31T00:54:01 29.695 INF Started thread ChunkMeshBake
2024-10-31T00:54:02 29.794 INF World.Load: Navezgane
2024-10-31T00:54:02 29.817 INF BloodMoon SetDay: day 7, last day 0, freq 7, range 0
2024-10-31T00:54:02 29.843 INF Started thread WaterSimulationApplyChanges
2024-10-31T00:54:04 32.297 INF Started thread GenerateChunks
Unloading 1 Unused Serialized files (Serialized files now loaded: 11)
Unloading 2603 unused Assets to reduce memory usage. Loaded Objects now: 82171.
Total: 312.041610 ms (FindLiveObjects: 1.989129 ms CreateObjectMapping: 2.016788 ms MarkObjects: 307.069435 ms  DeleteObjects: 0.965768 ms)

2024-10-31T00:54:06 33.838 INF Calculating world hashes took 908 ms (world size 191 MiB)
2024-10-31T00:54:06 33.846 INF Initial ENABLE_FILE_BACKED_ARRAYS == False
2024-10-31T00:54:06 33.931 INF Loading dtm raw file took 1565ms
Unloading 0 Unused Serialized files (Serialized files now loaded: 11)
Unloading 0 unused Assets to reduce memory usage. Loaded Objects now: 82171.
Total: 308.939251 ms (FindLiveObjects: 2.136582 ms CreateObjectMapping: 2.163271 ms MarkObjects: 304.530830 ms  DeleteObjects: 0.107635 ms)

2024-10-31T00:54:06 34.584 INF Biomes image size w= 3072, h = 3072
Unloading 0 Unused Serialized files (Serialized files now loaded: 11)
Unloading 0 unused Assets to reduce memory usage. Loaded Objects now: 82171.
Total: 308.877548 ms (FindLiveObjects: 1.911421 ms CreateObjectMapping: 2.115568 ms MarkObjects: 304.739530 ms  DeleteObjects: 0.110374 ms)

Unloading 0 Unused Serialized files (Serialized files now loaded: 11)
Unloading 0 unused Assets to reduce memory usage. Loaded Objects now: 82171.
Total: 306.861227 ms (FindLiveObjects: 1.913533 ms CreateObjectMapping: 2.026426 ms MarkObjects: 302.828557 ms  DeleteObjects: 0.092252 ms)

2024-10-31T00:54:08 36.262 INF Loading and creating biomes took 2331ms
Unloading 0 Unused Serialized files (Serialized files now loaded: 11)
Unloading 0 unused Assets to reduce memory usage. Loaded Objects now: 82171.
Total: 309.067301 ms (FindLiveObjects: 2.222122 ms CreateObjectMapping: 2.045337 ms MarkObjects: 304.707884 ms  DeleteObjects: 0.091425 ms)

Texture with ID 2765 and with size 6144x6144 was too large for graphics device maximum supported texture size (4096x4096). Falling back to a dummy texture. Generate mip maps to provide lower size fallback.
Unloading 0 Unused Serialized files (Serialized files now loaded: 11)
Unloading 0 unused Assets to reduce memory usage. Loaded Objects now: 82172.
Total: 306.859674 ms (FindLiveObjects: 1.929636 ms CreateObjectMapping: 2.022061 ms MarkObjects: 302.815266 ms  DeleteObjects: 0.092135 ms)

Texture with ID 2766 and with size 6144x6144 was too large for graphics device maximum supported texture size (4096x4096). Falling back to a dummy texture. Generate mip maps to provide lower size fallback.
Unloading 0 Unused Serialized files (Serialized files now loaded: 11)
Unloading 0 unused Assets to reduce memory usage. Loaded Objects now: 82173.
Total: 309.215462 ms (FindLiveObjects: 1.976780 ms CreateObjectMapping: 1.982007 ms MarkObjects: 305.153929 ms  DeleteObjects: 0.102301 ms)

2024-10-31T00:54:10 38.375 INF Loading and creating shader control textures took 2112ms
Unloading 0 Unused Serialized files (Serialized files now loaded: 11)
Unloading 0 unused Assets to reduce memory usage. Loaded Objects now: 82175.
Total: 313.218545 ms (FindLiveObjects: 1.858699 ms CreateObjectMapping: 2.017113 ms MarkObjects: 309.238300 ms  DeleteObjects: 0.103866 ms)

2024-10-31T00:54:11 39.402 INF Loading and parsing of generator took 1026ms
2024-10-31T00:54:11 39.462 INF Computed 415 chunk groups containing a total of 8472 chunks. Largest group contains 449 chunks.
2024-10-31T00:54:11 39.552 INF Started thread SaveChunks /home/sdtdserver/.local/share/7DaysToDie/Saves/Navezgane/My Game/Region
Unloading 0 Unused Serialized files (Serialized files now loaded: 11)
Unloading 0 unused Assets to reduce memory usage. Loaded Objects now: 82175.
Total: 310.718504 ms (FindLiveObjects: 1.893160 ms CreateObjectMapping: 1.973081 ms MarkObjects: 306.763070 ms  DeleteObjects: 0.088642 ms)

2024-10-31T00:54:13 41.066 INF [DECO] read 75660
2024-10-31T00:54:13 41.189 INF Dynamic Music Initialized on Server
2024-10-31T00:54:13 41.189 INF Dynamic Music Initialized on Dedi
2024-10-31T00:54:13 41.190 INF AstarManager Init
2024-10-31T00:54:13 41.428 INF WeatherManager: Init 8 weather packages
WARNING: Shader Unsupported: '7DTD_Unity5/Wire' - All subshaders removed
WARNING: Shader Did you use #pragma only_renderers and omit this platform?
WARNING: Shader If subshaders removal was intentional, you may have forgotten turning Fallback off?
ERROR: Shader 7DTD_Unity5/Wire shader is not supported on this GPU (none of subshaders/fallbacks are suitable)
WARNING: Shader Unsupported: '7DTD_Unity5/Wire' - All subshaders removed
WARNING: Shader Did you use #pragma only_renderers and omit this platform?
WARNING: Shader If subshaders removal was intentional, you may have forgotten turning Fallback off?
There is no texture data available to upload.
There is no texture data available to upload.
2024-10-31T00:54:14 41.792 INF createWorld() done
2024-10-31T00:54:14 41.824 INF WeatherManager: ApplySavedPackages
2024-10-31T00:54:14 41.873 INF Loaded player
2024-10-31T00:54:14 41.928 INF VehicleManager /home/sdtdserver/.local/share/7DaysToDie/Saves/Navezgane/My Game/vehicles.dat, loaded 0
2024-10-31T00:54:14 41.931 INF DroneManager /home/sdtdserver/.local/share/7DaysToDie/Saves/Navezgane/My Game/drones.dat, loaded 0
2024-10-31T00:54:14 41.933 INF TurretTracker /home/sdtdserver/.local/share/7DaysToDie/Saves/Navezgane/My Game/turrets.dat, loaded 0
2024-10-31T00:54:14 42.027 INF [EOS] Registering server
2024-10-31T00:54:14 42.045 INF [PlayerInteractions] JoinedMultiplayerServer not supported with current platforms
2024-10-31T00:54:14 42.046 INF [EAC] Starting EAC server
Unloading 1 Unused Serialized files (Serialized files now loaded: 11)
Unloading 69 unused Assets to reduce memory usage. Loaded Objects now: 83471.
Total: 335.500863 ms (FindLiveObjects: 2.070547 ms CreateObjectMapping: 2.297736 ms MarkObjects: 330.993865 ms  DeleteObjects: 0.138309 ms)

[S_API] SteamAPI_Init(): Loaded local 'steamclient.so' OK.
CAppInfoCacheReadFromDiskThread took 0 milliseconds to initialize
dlmopen steamservice.so failed: steamservice.so: cannot open shared object file: No such file or directory
Setting breakpad minidump AppID = 251570
SteamInternal_SetMinidumpSteamID:  Caching Steam ID:  76561197960265728 [API loaded no]
[S_API FAIL] Tried to access Steam interface SteamNetworkingUtils004 before SteamAPI_Init succeeded.
2024-10-31T00:54:15 42.745 INF Loading dymesh settings
2024-10-31T00:54:15 42.747 INF Dynamic Mesh Settings
2024-10-31T00:54:15 42.747 INF Use Imposter Values: False
2024-10-31T00:54:15 42.747 INF Only Player Areas: True
2024-10-31T00:54:15 42.747 INF Player Area Buffer: 3
2024-10-31T00:54:15 42.747 INF Max View Distance: 1000
2024-10-31T00:54:15 42.747 INF Regen all on new world: False
2024-10-31T00:54:15 42.749 INF Dymesh: Prepping dynamic mesh. Resend Default: True
2024-10-31T00:54:15 42.749 INF Dymesh: Mesh location: /home/sdtdserver/.local/share/7DaysToDie/Saves/Navezgane/My Game/DynamicMeshes/
2024-10-31T00:54:15 42.751 INF [Web] Webserver not started, WebDashboardEnabled set to false
2024-10-31T00:54:15 42.751 INF StartGame done
2024-10-31T00:54:15 42.753 INF [Steamworks.NET] Registering auth callbacks
2024-10-31T00:54:15 42.754 INF [Steamworks.NET] GameServer.Init successful
2024-10-31T00:54:15 42.756 INF [Steamworks.NET] Making server public
2024-10-31T00:54:15 43.105 INF [EOS] Server registered, session: 4571db7a31d14714a1527ba70031c218
2024-10-31T00:54:15 43.119 INF [EOS] Session address: 13*.5*.13*.5*
2024-10-31T00:54:15 43.500 INF [Steamworks.NET] GameServer.LogOn successful, SteamID=90207449720351747, public IP=13*.5*.13*.5*
2024-10-31T00:54:16 43.794 INF Dymesh: Warming dynamic mesh
2024-10-31T00:54:16 43.794 INF Dymesh: Creating dynamic mesh manager
2024-10-31T00:54:16 43.798 INF Dymesh: Awake
2024-10-31T00:54:16 43.799 INF Dymesh: Mesh location: /home/sdtdserver/.local/share/7DaysToDie/Saves/Navezgane/My Game/DynamicMeshes/
2024-10-31T00:54:16 43.800 INF Dymesh: Loading Items: /home/sdtdserver/.local/share/7DaysToDie/Saves/Navezgane/My Game/DynamicMeshes/
2024-10-31T00:54:16 43.939 INF Dymesh: Loaded Items: 8
2024-10-31T00:54:16 43.939 INF Dymesh: Loading all items took: 0.139535 seconds.
2024-10-31T00:54:16 43.942 INF Clearing queues.
2024-10-31T00:54:16 43.942 INF Cleared queues.
2024-10-31T00:54:16 43.943 INF Dynamic thread starting
2024-10-31T00:54:16 43.945 INF Dymesh door replacement: imposterBlock
2024-10-31T00:54:35 63.706 INF [DECO] written 75660, in 39ms
2024-10-31T00:54:35 63.712 INF [DECO] write thread 5ms
2024-11-01T13:01:35 130083.392 WRN [EOS] [LogHttp - Warning] 0x60484f485eb0: invalid HTTP response code received. URL: https://api.epicgames.dev/telemetry/data/datarouter/api/v1/public/data?SessionID=%7BD49EB095-1A48-43FF-B9AA-25630A34FDD4%7D&AppID=EOSSDK.PhaseRelease.ReleaseBuild&AppVersion=1.16.3-32303053%20-%20%2B%2BEOSSDK%2BRelease-1.16.3-CL-32303053&UserID=&AppEnvironment=Production&UploadType=sdkevents, HTTP code: 0, content length: 0, actual payload size: 0
2024-11-01T13:01:35 130083.394 WRN [EOS] [LogHttp - Warning] 0x60484f485eb0: request failed, libcurl error: 6 (Couldn't resolve host name)
2024-11-01T13:01:35 130083.394 WRN [EOS] [LogHttp - Warning] 0x60484f485eb0: libcurl info message cache 0 (Found bundle for host: 0x7580a8024fd0 [serially])
2024-11-01T13:01:35 130083.394 WRN [EOS] [LogHttp - Warning] 0x60484f485eb0: libcurl info message cache 1 (Could not resolve host: api.epicgames.dev)
2024-11-01T13:01:35 130083.394 WRN [EOS] [LogHttp - Warning] 0x60484f485eb0: libcurl info message cache 2 (Closing connection)
2024-11-01T13:01:35 130083.394 WRN [EOS] [LogHttp - Warning] Retry exhausted on https://api.epicgames.dev/telemetry/data/datarouter/api/v1/public/data?SessionID=%7BD49EB095-1A48-43FF-B9AA-25630A34FDD4%7D&AppID=EOSSDK.PhaseRelease.ReleaseBuild&AppVersion=1.16.3-32303053%20-%20%2B%2BEOSSDK%2BRelease-1.16.3-CL-32303053&UserID=&AppEnvironment=Production&UploadType=sdkevents
2024-11-01T16:57:53 144261.509 WRN [EOS] [LogHttp - Warning] 0x60484f485eb0: invalid HTTP response code received. URL: https://api.epicgames.dev/matchmaking/v1/c9ccbd00333f4dd6995beb7c75000942/sessions/4571db7a31d14714a1527ba70031c218/lastupdated, HTTP code: 0, content length: 0, actual payload size: 0
2024-11-01T16:57:53 144261.510 WRN [EOS] [LogHttp - Warning] 0x60484f485eb0: request failed, libcurl error: 6 (Couldn't resolve host name)
2024-11-01T16:57:53 144261.510 WRN [EOS] [LogHttp - Warning] 0x60484f485eb0: libcurl info message cache 0 (Could not resolve host: api.epicgames.dev)
2024-11-01T16:57:53 144261.510 WRN [EOS] [LogHttp - Warning] 0x60484f485eb0: libcurl info message cache 1 (Closing connection)
2024-11-01T16:57:53 144261.511 WRN [EOS] [LogHttp - Warning] Lockout of 1.000000s on https://api.epicgames.dev/matchmaking/v1/c9ccbd00333f4dd6995beb7c75000942/sessions/4571db7a31d14714a1527ba70031c218/lastupdated
2024-11-01T16:57:54 144262.610 WRN [EOS] [LogHttp - Warning] Retry 1 on https://api.epicgames.dev/matchmaking/v1/c9ccbd00333f4dd6995beb7c75000942/sessions/4571db7a31d14714a1527ba70031c218/lastupdated
2024-11-01T16:57:55 144262.813 WRN [EOS] [LogHttp - Warning] Success on https://api.epicgames.dev/matchmaking/v1/c9ccbd00333f4dd6995beb7c75000942/sessions/4571db7a31d14714a1527ba70031c218/lastupdated
2024-11-06T02:33:53 524421.654 INF NET: LiteNetLib: Connect from: 173.92.204.14:63048 / 0
2024-11-06T02:33:53 524421.695 INF Started thread NCS_Reader_0_0
2024-11-06T02:33:53 524421.696 INF Started thread NCS_Writer_0_0
2024-11-06T02:33:53 524421.697 INF Started thread NCS_Reader_0_1
2024-11-06T02:33:53 524421.697 INF Started thread NCS_Writer_0_1
2024-11-06T02:33:54 524421.760 INF [NET] PlayerConnected EntityID=-1, PltfmId='Local_<none>', CrossId='<unknown/none>', OwnerID='<unknown/none>', PlayerName='', ClientNumber='1'
2024-11-06T02:33:54 524421.927 INF NPPL.Read
2024-11-06T02:33:54 524421.965 INF PlayerLogin: directorfitz/V 1.1
2024-11-06T02:33:54 524421.966 INF Client IP: 173.92.204.14
2024-11-06T02:33:54 524421.987 INF [Auth] PlayerName authorization successful: EntityID=-1, PltfmId='Steam_76561198053631854', CrossId='EOS_000204481cce44489a328d6fcefc5fd7', OwnerID='<unknown/none>', PlayerName='directorfitz', ClientNumber='1'
2024-11-06T02:33:54 524421.991 INF [Auth] ServerState authorization successful: EntityID=-1, PltfmId='Steam_76561198053631854', CrossId='EOS_000204481cce44489a328d6fcefc5fd7', OwnerID='<unknown/none>', PlayerName='directorfitz', ClientNumber='1'
2024-11-06T02:33:54 524421.993 INF [Auth] MpHostAllowed authorization successful: EntityID=-1, PltfmId='Steam_76561198053631854', CrossId='EOS_000204481cce44489a328d6fcefc5fd7', OwnerID='<unknown/none>', PlayerName='directorfitz', ClientNumber='1'
2024-11-06T02:33:54 524421.994 INF [Auth] PlayerId authorization successful: EntityID=-1, PltfmId='Steam_76561198053631854', CrossId='EOS_000204481cce44489a328d6fcefc5fd7', OwnerID='<unknown/none>', PlayerName='directorfitz', ClientNumber='1'
2024-11-06T02:33:54 524421.996 INF [Auth] DuplicateUserId authorization successful: EntityID=-1, PltfmId='Steam_76561198053631854', CrossId='EOS_000204481cce44489a328d6fcefc5fd7', OwnerID='<unknown/none>', PlayerName='directorfitz', ClientNumber='1'
2024-11-06T02:33:54 524421.997 INF [Auth] VersionCheck authorization successful: EntityID=-1, PltfmId='Steam_76561198053631854', CrossId='EOS_000204481cce44489a328d6fcefc5fd7', OwnerID='<unknown/none>', PlayerName='directorfitz', ClientNumber='1'
2024-11-06T02:33:54 524422.003 INF [Auth] PlayerSlots authorization successful: EntityID=-1, PltfmId='Steam_76561198053631854', CrossId='EOS_000204481cce44489a328d6fcefc5fd7', OwnerID='<unknown/none>', PlayerName='directorfitz', ClientNumber='1'
2024-11-06T02:33:54 524422.007 INF [Auth] LegacyModAuthorizations authorization successful: EntityID=-1, PltfmId='Steam_76561198053631854', CrossId='EOS_000204481cce44489a328d6fcefc5fd7', OwnerID='<unknown/none>', PlayerName='directorfitz', ClientNumber='1'
2024-11-06T02:33:54 524422.015 INF [Steamworks.NET] Auth.AuthenticateUser()
2024-11-06T02:33:54 524422.040 INF [Steamworks.NET] Authenticating player: directorfitz SteamId: 76561198053631854 TicketLen: 1024 Result: k_EBeginAuthSessionResultOK
2024-11-06T02:33:55 524423.314 INF [Steamworks.NET] Authentication callback. ID: 76561198053631854, owner: 76561198053631854, result: k_EAuthSessionResponseOK
2024-11-06T02:33:55 524423.315 INF [Auth] PlatformAuth authorization successful: EntityID=-1, PltfmId='Steam_76561198053631854', CrossId='EOS_000204481cce44489a328d6fcefc5fd7', OwnerID='Steam_76561198053631854', PlayerName='directorfitz', ClientNumber='1'
2024-11-06T02:33:55 524423.316 INF [Auth] SteamFamily authorization successful: EntityID=-1, PltfmId='Steam_76561198053631854', CrossId='EOS_000204481cce44489a328d6fcefc5fd7', OwnerID='Steam_76561198053631854', PlayerName='directorfitz', ClientNumber='1'
2024-11-06T02:33:55 524423.322 INF [Auth] SteamGroups authorization successful: EntityID=-1, PltfmId='Steam_76561198053631854', CrossId='EOS_000204481cce44489a328d6fcefc5fd7', OwnerID='Steam_76561198053631854', PlayerName='directorfitz', ClientNumber='1'
2024-11-06T02:33:55 524423.326 INF [EOS] Verifying token for 000204481cce44489a328d6fcefc5fd7
2024-11-06T02:33:55 524423.339 WRN [SteamServer] Tick took exceptionally long: 50 ms
2024-11-06T02:33:56 524423.825 INF [EOS] Device=, Platform=steam, AccType=Steam, AccId=76561198053631854, PUID=000204481cce44489a328d6fcefc5fd7
2024-11-06T02:33:56 524424.415 INF [EOS] Player may have active sanctions
2024-11-06T02:33:56 524424.416 INF [EOS] SanctionsQuery finished with: 0 sanctions
2024-11-06T02:33:56 524424.420 INF [Auth] CrossplatformAuth authorization successful: EntityID=-1, PltfmId='Steam_76561198053631854', CrossId='EOS_000204481cce44489a328d6fcefc5fd7', OwnerID='Steam_76561198053631854', PlayerName='directorfitz', ClientNumber='1'
2024-11-06T02:33:56 524424.425 INF [Auth] BansAndWhitelist authorization successful: EntityID=-1, PltfmId='Steam_76561198053631854', CrossId='EOS_000204481cce44489a328d6fcefc5fd7', OwnerID='Steam_76561198053631854', PlayerName='directorfitz', ClientNumber='1'
2024-11-06T02:33:56 524424.426 INF [Auth] Crossplay authorization successful: EntityID=-1, PltfmId='Steam_76561198053631854', CrossId='EOS_000204481cce44489a328d6fcefc5fd7', OwnerID='Steam_76561198053631854', PlayerName='directorfitz', ClientNumber='1'
2024-11-06T02:33:56 524424.428 INF [EOS-ACS] Registering user: EntityID=-1, PltfmId='Steam_76561198053631854', CrossId='EOS_000204481cce44489a328d6fcefc5fd7', OwnerID='Steam_76561198053631854', PlayerName='directorfitz', ClientNumber='1'
2024-11-06T02:34:03 524431.568 INF [Auth] EAC authorization successful: EntityID=-1, PltfmId='Steam_76561198053631854', CrossId='EOS_000204481cce44489a328d6fcefc5fd7', OwnerID='Steam_76561198053631854', PlayerName='directorfitz', ClientNumber='1'
2024-11-06T02:34:03 524431.696 INF [Auth] Finalizer authorization successful: EntityID=-1, PltfmId='Steam_76561198053631854', CrossId='EOS_000204481cce44489a328d6fcefc5fd7', OwnerID='Steam_76561198053631854', PlayerName='directorfitz', ClientNumber='1'
2024-11-06T02:34:03 524431.704 INF Allowing player with id EOS_000204481cce44489a328d6fcefc5fd7
2024-11-06T02:34:04 524431.974 INF RequestToEnterGame: EOS_000204481cce44489a328d6fcefc5fd7/directorfitz
2024-11-06T02:34:08 524436.457 INF Time: 8740.21m FPS: 19.99 Heap: 1216.7MB Max: 1216.7MB Chunks: 9 CGO: 0 Ply: 0 Zom: 0 Ent: 0 (0) Items: 0 CO: 0 RSS: 1018.8MB
2024-11-06T02:34:12 524440.459 INF NET: LiteNetLib: Connect from: 192.168.86.1:58577 / 1
2024-11-06T02:34:12 524440.460 INF Started thread NCS_Reader_1_0
2024-11-06T02:34:12 524440.461 INF Started thread NCS_Writer_1_0
2024-11-06T02:34:12 524440.461 INF Started thread NCS_Reader_1_1
2024-11-06T02:34:12 524440.461 INF Started thread NCS_Writer_1_1
2024-11-06T02:34:12 524440.462 INF [NET] PlayerConnected EntityID=-1, PltfmId='Local_<none>', CrossId='<unknown/none>', OwnerID='<unknown/none>', PlayerName='', ClientNumber='2'
2024-11-06T02:34:12 524440.538 INF NPPL.Read
2024-11-06T02:34:12 524440.549 INF PlayerLogin: CostaDelMars/V 1.1
2024-11-06T02:34:12 524440.549 INF Client IP: 192.168.86.1
2024-11-06T02:34:12 524440.549 INF [Auth] PlayerName authorization successful: EntityID=-1, PltfmId='Steam_76561199036446150', CrossId='EOS_0002f1e01ad44091a9b0bde8c30901e7', OwnerID='<unknown/none>', PlayerName='CostaDelMars', ClientNumber='2'
2024-11-06T02:34:12 524440.549 INF [Auth] ServerState authorization successful: EntityID=-1, PltfmId='Steam_76561199036446150', CrossId='EOS_0002f1e01ad44091a9b0bde8c30901e7', OwnerID='<unknown/none>', PlayerName='CostaDelMars', ClientNumber='2'
2024-11-06T02:34:12 524440.550 INF [Auth] MpHostAllowed authorization successful: EntityID=-1, PltfmId='Steam_76561199036446150', CrossId='EOS_0002f1e01ad44091a9b0bde8c30901e7', OwnerID='<unknown/none>', PlayerName='CostaDelMars', ClientNumber='2'
2024-11-06T02:34:12 524440.550 INF [Auth] PlayerId authorization successful: EntityID=-1, PltfmId='Steam_76561199036446150', CrossId='EOS_0002f1e01ad44091a9b0bde8c30901e7', OwnerID='<unknown/none>', PlayerName='CostaDelMars', ClientNumber='2'
2024-11-06T02:34:12 524440.550 INF [Auth] DuplicateUserId authorization successful: EntityID=-1, PltfmId='Steam_76561199036446150', CrossId='EOS_0002f1e01ad44091a9b0bde8c30901e7', OwnerID='<unknown/none>', PlayerName='CostaDelMars', ClientNumber='2'
2024-11-06T02:34:12 524440.550 INF [Auth] VersionCheck authorization successful: EntityID=-1, PltfmId='Steam_76561199036446150', CrossId='EOS_0002f1e01ad44091a9b0bde8c30901e7', OwnerID='<unknown/none>', PlayerName='CostaDelMars', ClientNumber='2'
2024-11-06T02:34:12 524440.550 INF [Auth] PlayerSlots authorization successful: EntityID=-1, PltfmId='Steam_76561199036446150', CrossId='EOS_0002f1e01ad44091a9b0bde8c30901e7', OwnerID='<unknown/none>', PlayerName='CostaDelMars', ClientNumber='2'
2024-11-06T02:34:12 524440.550 INF [Auth] LegacyModAuthorizations authorization successful: EntityID=-1, PltfmId='Steam_76561199036446150', CrossId='EOS_0002f1e01ad44091a9b0bde8c30901e7', OwnerID='<unknown/none>', PlayerName='CostaDelMars', ClientNumber='2'
2024-11-06T02:34:12 524440.550 INF [Steamworks.NET] Auth.AuthenticateUser()
2024-11-06T02:34:12 524440.551 INF [Steamworks.NET] Authenticating player: CostaDelMars SteamId: 76561199036446150 TicketLen: 1024 Result: k_EBeginAuthSessionResultOK
2024-11-06T02:34:14 524441.802 INF [Steamworks.NET] Authentication callback. ID: 76561199036446150, owner: 76561199036446150, result: k_EAuthSessionResponseOK
2024-11-06T02:34:14 524441.802 INF [Auth] PlatformAuth authorization successful: EntityID=-1, PltfmId='Steam_76561199036446150', CrossId='EOS_0002f1e01ad44091a9b0bde8c30901e7', OwnerID='Steam_76561199036446150', PlayerName='CostaDelMars', ClientNumber='2'
2024-11-06T02:34:14 524441.810 INF [Auth] SteamFamily authorization successful: EntityID=-1, PltfmId='Steam_76561199036446150', CrossId='EOS_0002f1e01ad44091a9b0bde8c30901e7', OwnerID='Steam_76561199036446150', PlayerName='CostaDelMars', ClientNumber='2'
2024-11-06T02:34:14 524441.811 INF [Auth] SteamGroups authorization successful: EntityID=-1, PltfmId='Steam_76561199036446150', CrossId='EOS_0002f1e01ad44091a9b0bde8c30901e7', OwnerID='Steam_76561199036446150', PlayerName='CostaDelMars', ClientNumber='2'
2024-11-06T02:34:14 524441.811 INF [EOS] Verifying token for 0002f1e01ad44091a9b0bde8c30901e7
2024-11-06T02:34:14 524442.011 INF [EOS] Device=, Platform=steam, AccType=Steam, AccId=76561199036446150, PUID=0002f1e01ad44091a9b0bde8c30901e7
2024-11-06T02:34:14 524442.540 INF [EOS] Player may have active sanctions
2024-11-06T02:34:14 524442.540 INF [EOS] SanctionsQuery finished with: 0 sanctions
2024-11-06T02:34:14 524442.540 INF [Auth] CrossplatformAuth authorization successful: EntityID=-1, PltfmId='Steam_76561199036446150', CrossId='EOS_0002f1e01ad44091a9b0bde8c30901e7', OwnerID='Steam_76561199036446150', PlayerName='CostaDelMars', ClientNumber='2'
2024-11-06T02:34:14 524442.540 INF [Auth] BansAndWhitelist authorization successful: EntityID=-1, PltfmId='Steam_76561199036446150', CrossId='EOS_0002f1e01ad44091a9b0bde8c30901e7', OwnerID='Steam_76561199036446150', PlayerName='CostaDelMars', ClientNumber='2'
2024-11-06T02:34:14 524442.540 INF [Auth] Crossplay authorization successful: EntityID=-1, PltfmId='Steam_76561199036446150', CrossId='EOS_0002f1e01ad44091a9b0bde8c30901e7', OwnerID='Steam_76561199036446150', PlayerName='CostaDelMars', ClientNumber='2'
2024-11-06T02:34:14 524442.541 INF [EOS-ACS] Registering user: EntityID=-1, PltfmId='Steam_76561199036446150', CrossId='EOS_0002f1e01ad44091a9b0bde8c30901e7', OwnerID='Steam_76561199036446150', PlayerName='CostaDelMars', ClientNumber='2'
2024-11-06T02:34:21 524448.956 INF [Auth] EAC authorization successful: EntityID=-1, PltfmId='Steam_76561199036446150', CrossId='EOS_0002f1e01ad44091a9b0bde8c30901e7', OwnerID='Steam_76561199036446150', PlayerName='CostaDelMars', ClientNumber='2'
2024-11-06T02:34:21 524449.010 INF [Auth] Finalizer authorization successful: EntityID=-1, PltfmId='Steam_76561199036446150', CrossId='EOS_0002f1e01ad44091a9b0bde8c30901e7', OwnerID='Steam_76561199036446150', PlayerName='CostaDelMars', ClientNumber='2'
2024-11-06T02:34:21 524449.033 INF Allowing player with id EOS_0002f1e01ad44091a9b0bde8c30901e7
2024-11-06T02:34:21 524449.164 INF RequestToEnterGame: EOS_0002f1e01ad44091a9b0bde8c30901e7/CostaDelMars
2024-11-06T02:34:38 524466.452 INF Time: 8740.71m FPS: 19.60 Heap: 1243.1MB Max: 1243.1MB Chunks: 9 CGO: 0 Ply: 0 Zom: 0 Ent: 0 (0) Items: 0 CO: 0 RSS: 1054.5MB
2024-11-06T02:34:55 524482.846 INF Dymesh: Update items to send for directorfitz id: -1  recieved: 8
2024-11-06T02:34:55 524482.892 INF Dymesh: Items to send: 0   Added: 1   chunks: 8
2024-11-06T02:34:56 524484.655 INF RequestToSpawnPlayer: 172, directorfitz, 7
WARNING: Shader Unsupported: 'Game/SDCS/Skin' - All subshaders removed
WARNING: Shader Did you use #pragma only_renderers and omit this platform?
WARNING: Shader If subshaders removal was intentional, you may have forgotten turning Fallback off?
ERROR: Shader Game/SDCS/Skin shader is not supported on this GPU (none of subshaders/fallbacks are suitable)
WARNING: Shader Unsupported: 'Game/SDCS/Skin' - All subshaders removed
WARNING: Shader Did you use #pragma only_renderers and omit this platform?
WARNING: Shader If subshaders removal was intentional, you may have forgotten turning Fallback off?
WARNING: Shader Unsupported: 'Game/SDCS/Hair' - All subshaders removed
WARNING: Shader Did you use #pragma only_renderers and omit this platform?
WARNING: Shader If subshaders removal was intentional, you may have forgotten turning Fallback off?
ERROR: Shader Game/SDCS/Hair shader is not supported on this GPU (none of subshaders/fallbacks are suitable)
WARNING: Shader Unsupported: 'Game/SDCS/Hair' - All subshaders removed
WARNING: Shader Did you use #pragma only_renderers and omit this platform?
WARNING: Shader If subshaders removal was intentional, you may have forgotten turning Fallback off?
2024-11-06T02:34:58 524486.194 WRN Parameter 'IsMale' not found in animator
2024-11-06T02:34:58 524486.213 INF Created player with id=172
2024-11-06T02:35:02 524490.666 INF GMSG: Player 'directorfitz' joined the game
2024-11-06T02:35:02 524490.672 INF PlayerSpawnedInWorld (reason: JoinMultiplayer, position: -215, 61, 681): EntityID=172, PltfmId='Steam_76561198053631854', CrossId='EOS_000204481cce44489a328d6fcefc5fd7', OwnerID='Steam_76561198053631854', PlayerName='directorfitz', ClientNumber='1'
2024-11-06T02:35:10 524498.315 INF Time: 8741.21m FPS: 20.08 Heap: 1501.1MB Max: 1501.1MB Chunks: 315 CGO: 9 Ply: 1 Zom: 0 Ent: 1 (1) Items: 0 CO: 1 RSS: 1538.7MB
2024-11-06T02:35:13 524501.305 INF Dymesh: Update items to send for CostaDelMars id: -1  recieved: 8
2024-11-06T02:35:13 524501.306 INF Dymesh: Items to send: 0   Added: 0   chunks: 8
2024-11-06T02:35:14 524502.241 INF RequestToSpawnPlayer: 171, CostaDelMars, 7
2024-11-06T02:35:14 524502.300 WRN Parameter 'IsMale' not found in animator
2024-11-06T02:35:14 524502.301 INF Created player with id=171
WARNING: Shader Unsupported: 'Game/CharacterCloth' - All subshaders removed
WARNING: Shader Did you use #pragma only_renderers and omit this platform?
WARNING: Shader If subshaders removal was intentional, you may have forgotten turning Fallback off?
ERROR: Shader Game/CharacterCloth shader is not supported on this GPU (none of subshaders/fallbacks are suitable)
WARNING: Shader Unsupported: 'Game/CharacterCloth' - All subshaders removed
WARNING: Shader Did you use #pragma only_renderers and omit this platform?
WARNING: Shader If subshaders removal was intentional, you may have forgotten turning Fallback off?
2024-11-06T02:35:18 524506.097 INF GMSG: Player 'CostaDelMars' joined the game
2024-11-06T02:35:18 524506.098 INF PlayerSpawnedInWorld (reason: JoinMultiplayer, position: -211, 60, 676): EntityID=171, PltfmId='Steam_76561199036446150', CrossId='EOS_0002f1e01ad44091a9b0bde8c30901e7', OwnerID='Steam_76561199036446150', PlayerName='CostaDelMars', ClientNumber='2'
2024-11-06T02:35:40 524528.323 INF Time: 8741.71m FPS: 20.00 Heap: 1523.4MB Max: 1523.4MB Chunks: 364 CGO: 14 Ply: 2 Zom: 0 Ent: 2 (2) Items: 0 CO: 2 RSS: 1598.0MB
2024-11-06T02:36:08 524556.230 INF 524530.6 SleeperVolume -316, 63, 697: Restoring -310, 64, 704 (-20, 44) 'zombieMoe', count 0
2024-11-06T02:36:08 524556.557 INF 524530.6 SleeperVolume -315, 63, 686: Restoring -315, 64, 687 (-20, 42) 'animalBoar', count 0
2024-11-06T02:36:08 524556.621 WRN load material: @:Entities/Zombies/Gibs/Materials/ZombieGibs_caps.mat
2024-11-06T02:36:08 524556.686 INF 524531 SleeperVolume -316, 63, 697: Restoring -315, 64, 702 (-20, 43) 'zombieBoe', count 0
2024-11-06T02:36:09 524556.788 INF 524531.1 SleeperVolume -316, 63, 697: Restoring -316, 64, 697 (-20, 43) 'zombieMarlene', count 0
2024-11-06T02:36:10 524558.446 INF Time: 8742.21m FPS: 17.99 Heap: 1588.8MB Max: 1588.8MB Chunks: 469 CGO: 27 Ply: 2 Zom: 0 Ent: 6 (6) Items: 0 CO: 2 RSS: 1736.8MB
2024-11-06T02:36:12 524560.462 INF 524534.8 SleeperVolume -343, 62, 657: Restoring -334, 63, 673 (-21, 42) 'animalBoar', count 4
2024-11-06T02:36:20 524568.401 INF 524542.8 SleeperVolume -325, 63, 697: Restoring -319, 65, 701 (-20, 43) 'zombieJanitor', count 4
2024-11-06T02:36:27 524574.967 INF 524549.3 SleeperVolume -317, 64, 694: Restoring -315, 65, 695 (-20, 43) 'zombieSteve', count 5
2024-11-06T02:36:28 524576.156 INF 524550.5 SleeperVolume -325, 59, 686: Restoring -321, 64, 688 (-21, 43) 'animalBoar', count 5
2024-11-06T02:36:28 524576.535 INF 524550.9 SleeperVolume -325, 58, 686: Spawning -312, 59, 690 (-20, 43), group 'BoarGroup', class animalBoar, count 5
2024-11-06T02:36:28 524576.650 INF 524551 SleeperVolume -325, 58, 686: Spawning -303, 59, 687 (-19, 42), group 'BoarGroup', class animalBoar, count 6
2024-11-06T02:36:40 524588.486 INF Time: 8742.71m FPS: 19.48 Heap: 1589.2MB Max: 1589.2MB Chunks: 536 CGO: 36 Ply: 2 Zom: 6 Ent: 12 (12) Items: 0 CO: 2 RSS: 1754.3MB
2024-11-06T02:36:54 524602.639 INF 524577 SleeperVolume -343, 62, 657: Restoring -334, 63, 673 (-21, 42) 'animalBoar', count 6
2024-11-06T02:36:58 524606.447 INF VehicleManager saving 0 (0 + 0)
2024-11-06T02:36:58 524606.449 INF DroneManager saving 0 (0 + 0)
2024-11-06T02:36:58 524606.450 INF VehicleManager saved 9 bytes
2024-11-06T02:36:58 524606.450 INF TurretTracker saving 0 (0 + 0)
2024-11-06T02:36:58 524606.451 INF DroneManager saved 9 bytes
2024-11-06T02:36:58 524606.452 INF TurretTracker saved 9 bytes
2024-11-06T02:36:59 524607.175 INF 524581.5 SleeperVolume -325, 59, 686: Restoring -321, 64, 688 (-21, 43) 'animalBoar', count 5
2024-11-06T02:37:08 524616.246 INF 524590.6 SleeperVolume -325, 63, 697: Restoring -319, 65, 701 (-20, 43) 'zombieJanitor', count 5
2024-11-06T02:37:10 524618.533 INF Time: 8743.22m FPS: 19.72 Heap: 1591.0MB Max: 1591.0MB Chunks: 536 CGO: 36 Ply: 2 Zom: 6 Ent: 13 (15) Items: 0 CO: 2 RSS: 1755.9MB
2024-11-06T02:37:40 524648.536 INF Time: 8743.72m FPS: 19.88 Heap: 1936.1MB Max: 1936.1MB Chunks: 540 CGO: 72 Ply: 2 Zom: 8 Ent: 14 (18) Items: 0 CO: 2 RSS: 2106.6MB
2024-11-06T02:38:10 524678.548 INF Time: 8744.22m FPS: 19.77 Heap: 1938.5MB Max: 1938.5MB Chunks: 540 CGO: 70 Ply: 2 Zom: 5 Ent: 12 (22) Items: 0 CO: 2 RSS: 2123.8MB
2024-11-06T02:38:40 524708.605 INF Time: 8744.72m FPS: 19.53 Heap: 1938.6MB Max: 1938.6MB Chunks: 540 CGO: 64 Ply: 2 Zom: 3 Ent: 7 (18) Items: 0 CO: 2 RSS: 2131.6MB
2024-11-06T02:38:58 524726.476 INF VehicleManager saving 0 (0 + 0)
2024-11-06T02:38:58 524726.476 INF DroneManager saving 0 (0 + 0)
2024-11-06T02:38:58 524726.476 INF TurretTracker saving 0 (0 + 0)
2024-11-06T02:38:58 524726.477 INF VehicleManager saved 9 bytes
2024-11-06T02:38:58 524726.477 INF DroneManager saved 9 bytes
2024-11-06T02:38:58 524726.477 INF TurretTracker saved 9 bytes
2024-11-06T02:39:10 524738.655 INF Time: 8745.22m FPS: 19.79 Heap: 1942.3MB Max: 1942.3MB Chunks: 540 CGO: 35 Ply: 2 Zom: 1 Ent: 4 (18) Items: 0 CO: 2 RSS: 2134.3MB
2024-11-06T02:39:40 524768.703 INF Time: 8745.72m FPS: 19.70 Heap: 1949.7MB Max: 1949.7MB Chunks: 540 CGO: 24 Ply: 2 Zom: 1 Ent: 3 (18) Items: 0 CO: 2 RSS: 2139.1MB
2024-11-06T02:40:10 524798.707 INF Time: 8746.22m FPS: 19.80 Heap: 1964.6MB Max: 1964.6MB Chunks: 549 CGO: 18 Ply: 2 Zom: 1 Ent: 3 (18) Items: 0 CO: 2 RSS: 2158.0MB
2024-11-06T02:40:40 524828.725 INF Time: 8746.72m FPS: 19.95 Heap: 1948.5MB Max: 1964.6MB Chunks: 549 CGO: 21 Ply: 2 Zom: 1 Ent: 3 (18) Items: 0 CO: 2 RSS: 2162.6MB
2024-11-06T02:40:58 524846.485 INF VehicleManager saving 0 (0 + 0)
2024-11-06T02:40:58 524846.485 INF DroneManager saving 0 (0 + 0)
2024-11-06T02:40:58 524846.485 INF TurretTracker saving 0 (0 + 0)
2024-11-06T02:40:58 524846.486 INF DroneManager saved 9 bytes
2024-11-06T02:40:58 524846.486 INF VehicleManager saved 9 bytes
2024-11-06T02:40:58 524846.487 INF TurretTracker saved 9 bytes
2024-11-06T02:41:11 524858.777 INF Time: 8747.22m FPS: 19.73 Heap: 1949.2MB Max: 1964.6MB Chunks: 549 CGO: 21 Ply: 2 Zom: 1 Ent: 3 (19) Items: 1 CO: 2 RSS: 2162.9MB
2024-11-06T02:41:41 524888.799 INF Time: 8747.72m FPS: 19.98 Heap: 1950.3MB Max: 1964.6MB Chunks: 549 CGO: 21 Ply: 2 Zom: 1 Ent: 3 (19) Items: 1 CO: 2 RSS: 2162.9MB
ERROR: Shader Game/Animal/Fur shader is not supported on this GPU (none of subshaders/fallbacks are suitable)
2024-11-06T02:42:11 524918.874 INF Time: 8748.22m FPS: 19.56 Heap: 1951.7MB Max: 1964.6MB Chunks: 549 CGO: 29 Ply: 2 Zom: 1 Ent: 4 (20) Items: 1 CO: 2 RSS: 2165.4MB
2024-11-06T02:42:41 524948.919 INF Time: 8748.72m FPS: 19.22 Heap: 1952.4MB Max: 1964.6MB Chunks: 549 CGO: 30 Ply: 2 Zom: 1 Ent: 4 (19) Items: 0 CO: 2 RSS: 2165.4MB
2024-11-06T02:42:58 524966.495 INF VehicleManager saving 0 (0 + 0)
2024-11-06T02:42:58 524966.495 INF DroneManager saving 0 (0 + 0)
2024-11-06T02:42:58 524966.495 INF TurretTracker saving 0 (0 + 0)
2024-11-06T02:42:58 524966.496 INF VehicleManager saved 9 bytes
2024-11-06T02:42:58 524966.497 INF DroneManager saved 9 bytes
2024-11-06T02:42:58 524966.498 INF TurretTracker saved 9 bytes
2024-11-06T02:43:11 524978.976 INF Time: 8749.22m FPS: 19.75 Heap: 1968.2MB Max: 1968.2MB Chunks: 567 CGO: 25 Ply: 2 Zom: 1 Ent: 4 (19) Items: 0 CO: 2 RSS: 2170.6MB
2024-11-06T02:43:41 525009.077 INF Time: 8749.72m FPS: 19.82 Heap: 1973.2MB Max: 1973.2MB Chunks: 567 CGO: 25 Ply: 2 Zom: 1 Ent: 4 (19) Items: 0 CO: 2 RSS: 2170.9MB
2024-11-06T02:44:11 525039.125 INF Time: 8750.22m FPS: 19.98 Heap: 1975.6MB Max: 1975.6MB Chunks: 567 CGO: 25 Ply: 2 Zom: 1 Ent: 4 (19) Items: 0 CO: 2 RSS: 2172.5MB
2024-11-06T02:44:41 525069.193 INF Time: 8750.73m FPS: 19.60 Heap: 1961.6MB Max: 1975.6MB Chunks: 567 CGO: 9 Ply: 2 Zom: 0 Ent: 2 (19) Items: 0 CO: 2 RSS: 2175.0MB
2024-11-06T02:44:52 525080.734 INF NET: LiteNetLib: Connect from: 173.92.69.216:34769 / 2
2024-11-06T02:44:52 525080.735 INF Started thread NCS_Reader_2_0
2024-11-06T02:44:52 525080.735 INF Started thread NCS_Writer_2_0
2024-11-06T02:44:52 525080.735 INF Started thread NCS_Reader_2_1
2024-11-06T02:44:52 525080.736 INF Started thread NCS_Writer_2_1
2024-11-06T02:44:52 525080.736 INF [NET] PlayerConnected EntityID=-1, PltfmId='Local_<none>', CrossId='<unknown/none>', OwnerID='<unknown/none>', PlayerName='', ClientNumber='3'
2024-11-06T02:44:53 525080.812 INF NPPL.Read
2024-11-06T02:44:53 525080.815 INF PlayerLogin: conceptxo/V 1.1
2024-11-06T02:44:53 525080.815 INF Client IP: 173.92.69.216
2024-11-06T02:44:53 525080.815 INF [Auth] PlayerName authorization successful: EntityID=-1, PltfmId='Steam_76561197969472572', CrossId='EOS_00021eebf2db42e69d23b452b65f6d24', OwnerID='<unknown/none>', PlayerName='conceptxo', ClientNumber='3'
2024-11-06T02:44:53 525080.815 INF [Auth] ServerState authorization successful: EntityID=-1, PltfmId='Steam_76561197969472572', CrossId='EOS_00021eebf2db42e69d23b452b65f6d24', OwnerID='<unknown/none>', PlayerName='conceptxo', ClientNumber='3'
2024-11-06T02:44:53 525080.815 INF [Auth] MpHostAllowed authorization successful: EntityID=-1, PltfmId='Steam_76561197969472572', CrossId='EOS_00021eebf2db42e69d23b452b65f6d24', OwnerID='<unknown/none>', PlayerName='conceptxo', ClientNumber='3'
2024-11-06T02:44:53 525080.816 INF [Auth] PlayerId authorization successful: EntityID=-1, PltfmId='Steam_76561197969472572', CrossId='EOS_00021eebf2db42e69d23b452b65f6d24', OwnerID='<unknown/none>', PlayerName='conceptxo', ClientNumber='3'
2024-11-06T02:44:53 525080.816 INF [Auth] DuplicateUserId authorization successful: EntityID=-1, PltfmId='Steam_76561197969472572', CrossId='EOS_00021eebf2db42e69d23b452b65f6d24', OwnerID='<unknown/none>', PlayerName='conceptxo', ClientNumber='3'
2024-11-06T02:44:53 525080.816 INF [Auth] VersionCheck authorization successful: EntityID=-1, PltfmId='Steam_76561197969472572', CrossId='EOS_00021eebf2db42e69d23b452b65f6d24', OwnerID='<unknown/none>', PlayerName='conceptxo', ClientNumber='3'
2024-11-06T02:44:53 525080.816 INF [Auth] PlayerSlots authorization successful: EntityID=-1, PltfmId='Steam_76561197969472572', CrossId='EOS_00021eebf2db42e69d23b452b65f6d24', OwnerID='<unknown/none>', PlayerName='conceptxo', ClientNumber='3'
2024-11-06T02:44:53 525080.816 INF [Auth] LegacyModAuthorizations authorization successful: EntityID=-1, PltfmId='Steam_76561197969472572', CrossId='EOS_00021eebf2db42e69d23b452b65f6d24', OwnerID='<unknown/none>', PlayerName='conceptxo', ClientNumber='3'
2024-11-06T02:44:53 525080.816 INF [Steamworks.NET] Auth.AuthenticateUser()
2024-11-06T02:44:53 525080.816 INF [Steamworks.NET] Authenticating player: conceptxo SteamId: 76561197969472572 TicketLen: 1024 Result: k_EBeginAuthSessionResultOK
2024-11-06T02:44:54 525082.032 INF [Steamworks.NET] Authentication callback. ID: 76561197969472572, owner: 76561197969472572, result: k_EAuthSessionResponseOK
2024-11-06T02:44:54 525082.032 INF [Auth] PlatformAuth authorization successful: EntityID=-1, PltfmId='Steam_76561197969472572', CrossId='EOS_00021eebf2db42e69d23b452b65f6d24', OwnerID='Steam_76561197969472572', PlayerName='conceptxo', ClientNumber='3'
2024-11-06T02:44:54 525082.032 INF [Auth] SteamFamily authorization successful: EntityID=-1, PltfmId='Steam_76561197969472572', CrossId='EOS_00021eebf2db42e69d23b452b65f6d24', OwnerID='Steam_76561197969472572', PlayerName='conceptxo', ClientNumber='3'
2024-11-06T02:44:54 525082.032 INF [Auth] SteamGroups authorization successful: EntityID=-1, PltfmId='Steam_76561197969472572', CrossId='EOS_00021eebf2db42e69d23b452b65f6d24', OwnerID='Steam_76561197969472572', PlayerName='conceptxo', ClientNumber='3'
2024-11-06T02:44:54 525082.032 INF [EOS] Verifying token for 00021eebf2db42e69d23b452b65f6d24
2024-11-06T02:44:54 525082.204 INF [EOS] Device=, Platform=steam, AccType=Steam, AccId=76561197969472572, PUID=00021eebf2db42e69d23b452b65f6d24
2024-11-06T02:44:54 525082.659 INF [EOS] Player may have active sanctions
2024-11-06T02:44:54 525082.659 INF [EOS] SanctionsQuery finished with: 0 sanctions
2024-11-06T02:44:54 525082.659 INF [Auth] CrossplatformAuth authorization successful: EntityID=-1, PltfmId='Steam_76561197969472572', CrossId='EOS_00021eebf2db42e69d23b452b65f6d24', OwnerID='Steam_76561197969472572', PlayerName='conceptxo', ClientNumber='3'
2024-11-06T02:44:54 525082.659 INF [Auth] BansAndWhitelist authorization successful: EntityID=-1, PltfmId='Steam_76561197969472572', CrossId='EOS_00021eebf2db42e69d23b452b65f6d24', OwnerID='Steam_76561197969472572', PlayerName='conceptxo', ClientNumber='3'
2024-11-06T02:44:54 525082.659 INF [Auth] Crossplay authorization successful: EntityID=-1, PltfmId='Steam_76561197969472572', CrossId='EOS_00021eebf2db42e69d23b452b65f6d24', OwnerID='Steam_76561197969472572', PlayerName='conceptxo', ClientNumber='3'
2024-11-06T02:44:54 525082.660 INF [EOS-ACS] Registering user: EntityID=-1, PltfmId='Steam_76561197969472572', CrossId='EOS_00021eebf2db42e69d23b452b65f6d24', OwnerID='Steam_76561197969472572', PlayerName='conceptxo', ClientNumber='3'
2024-11-06T02:44:58 525086.536 INF VehicleManager saving 0 (0 + 0)
2024-11-06T02:44:58 525086.536 INF DroneManager saving 0 (0 + 0)
2024-11-06T02:44:58 525086.537 INF TurretTracker saving 0 (0 + 0)
2024-11-06T02:44:58 525086.537 INF VehicleManager saved 9 bytes
2024-11-06T02:44:58 525086.538 INF TurretTracker saved 9 bytes
2024-11-06T02:44:58 525086.539 INF DroneManager saved 9 bytes
2024-11-06T02:45:01 525089.732 INF [Auth] EAC authorization successful: EntityID=-1, PltfmId='Steam_76561197969472572', CrossId='EOS_00021eebf2db42e69d23b452b65f6d24', OwnerID='Steam_76561197969472572', PlayerName='conceptxo', ClientNumber='3'
2024-11-06T02:45:02 525089.788 INF [Auth] Finalizer authorization successful: EntityID=-1, PltfmId='Steam_76561197969472572', CrossId='EOS_00021eebf2db42e69d23b452b65f6d24', OwnerID='Steam_76561197969472572', PlayerName='conceptxo', ClientNumber='3'
2024-11-06T02:45:02 525089.796 INF Allowing player with id EOS_00021eebf2db42e69d23b452b65f6d24
2024-11-06T02:45:02 525089.936 INF RequestToEnterGame: EOS_00021eebf2db42e69d23b452b65f6d24/conceptxo
2024-11-06T02:45:11 525099.199 INF Time: 8751.23m FPS: 19.96 Heap: 1994.8MB Max: 1994.8MB Chunks: 567 CGO: 24 Ply: 2 Zom: 0 Ent: 4 (21) Items: 0 CO: 2 RSS: 2201.7MB
2024-11-06T02:45:37 525124.822 INF Dymesh: Update items to send for conceptxo id: -1  recieved: 8
2024-11-06T02:45:37 525124.822 INF Dymesh: Items to send: 0   Added: 1   chunks: 8
2024-11-06T02:45:41 525129.204 INF Time: 8751.73m FPS: 19.92 Heap: 1999.0MB Max: 1999.0MB Chunks: 567 CGO: 27 Ply: 2 Zom: 0 Ent: 3 (22) Items: 0 CO: 2 RSS: 2202.1MB
2024-11-06T02:45:54 525141.795 INF [DECO] written 75658, in 35ms
2024-11-06T02:45:54 525141.796 INF [DECO] write thread 1ms
2024-11-06T02:46:11 525159.240 INF Time: 8752.23m FPS: 19.92 Heap: 2004.3MB Max: 2004.3MB Chunks: 567 CGO: 27 Ply: 2 Zom: 0 Ent: 3 (24) Items: 0 CO: 2 RSS: 2204.0MB
2024-11-06T02:46:41 525189.297 INF Time: 8752.73m FPS: 19.55 Heap: 1993.4MB Max: 2004.3MB Chunks: 567 CGO: 36 Ply: 2 Zom: 0 Ent: 4 (21) Items: 0 CO: 2 RSS: 2214.8MB
2024-11-06T02:46:54 525201.801 INF [DECO] written 75658, in 9ms
2024-11-06T02:46:54 525201.809 INF [DECO] write thread 7ms
2024-11-06T02:46:58 525206.547 INF VehicleManager saving 0 (0 + 0)
2024-11-06T02:46:58 525206.547 INF DroneManager saving 0 (0 + 0)
2024-11-06T02:46:58 525206.547 INF TurretTracker saving 0 (0 + 0)
2024-11-06T02:46:58 525206.557 INF TurretTracker saved 9 bytes
2024-11-06T02:46:58 525206.557 INF VehicleManager saved 9 bytes
2024-11-06T02:46:58 525206.557 INF DroneManager saved 9 bytes
2024-11-06T02:46:58 525206.735 INF 525181.1 SleeperVolume -316, 63, 697: Restoring -310, 64, 704 (-20, 44) 'zombieMoe', count 1
2024-11-06T02:46:59 525206.880 INF 525181.2 SleeperVolume -316, 63, 697: Restoring -315, 64, 702 (-20, 43) 'zombieBoe', count 1
2024-11-06T02:46:59 525207.029 INF 525181.3 SleeperVolume -316, 63, 697: Restoring -316, 64, 697 (-20, 43) 'zombieMarlene', count 1
2024-11-06T02:47:11 525219.362 INF Time: 8753.23m FPS: 19.80 Heap: 1998.0MB Max: 2004.3MB Chunks: 567 CGO: 59 Ply: 2 Zom: 5 Ent: 9 (27) Items: 0 CO: 2 RSS: 2220.6MB
2024-11-06T02:47:41 525249.405 INF Time: 8753.73m FPS: 19.91 Heap: 1999.9MB Max: 2004.3MB Chunks: 567 CGO: 29 Ply: 2 Zom: 0 Ent: 4 (28) Items: 0 CO: 2 RSS: 2221.2MB
2024-11-06T02:47:54 525261.885 INF [DECO] written 75662, in 20ms
2024-11-06T02:47:54 525261.886 INF [DECO] write thread 1ms
2024-11-06T02:48:03 525271.667 INF 525246 SleeperVolume -315, 63, 686: Restoring -315, 64, 687 (-20, 42) 'animalBoar', count 1
2024-11-06T02:48:04 525272.045 INF 525246.4 SleeperVolume -343, 62, 657: Restoring -334, 63, 673 (-21, 42) 'animalBoar', count 1
2024-11-06T02:48:11 525279.418 INF Time: 8754.23m FPS: 19.73 Heap: 2006.8MB Max: 2006.8MB Chunks: 567 CGO: 39 Ply: 2 Zom: 2 Ent: 6 (32) Items: 0 CO: 2 RSS: 2224.0MB
2024-11-06T02:48:41 525309.472 INF Time: 8754.73m FPS: 19.27 Heap: 1997.6MB Max: 2006.8MB Chunks: 567 CGO: 37 Ply: 2 Zom: 2 Ent: 6 (23) Items: 0 CO: 2 RSS: 2223.9MB
2024-11-06T02:48:58 525326.567 INF VehicleManager saving 0 (0 + 0)
2024-11-06T02:48:58 525326.567 INF DroneManager saving 0 (0 + 0)
2024-11-06T02:48:58 525326.567 INF TurretTracker saving 0 (0 + 0)
2024-11-06T02:48:58 525326.568 INF VehicleManager saved 9 bytes
2024-11-06T02:48:58 525326.568 INF DroneManager saved 9 bytes
2024-11-06T02:48:58 525326.568 INF TurretTracker saved 9 bytes
2024-11-06T02:49:11 525339.498 INF Time: 8755.23m FPS: 19.84 Heap: 1999.0MB Max: 2006.8MB Chunks: 567 CGO: 46 Ply: 2 Zom: 3 Ent: 7 (25) Items: 0 CO: 2 RSS: 2224.3MB
2024-11-06T02:49:41 525369.515 INF Time: 8755.73m FPS: 19.83 Heap: 2004.4MB Max: 2006.8MB Chunks: 587 CGO: 55 Ply: 2 Zom: 4 Ent: 8 (27) Items: 0 CO: 2 RSS: 2226.5MB
2024-11-06T02:50:11 525399.548 INF Time: 8756.23m FPS: 19.79 Heap: 2009.4MB Max: 2009.4MB Chunks: 631 CGO: 59 Ply: 2 Zom: 5 Ent: 10 (30) Items: 0 CO: 2 RSS: 2234.8MB
2024-11-06T02:50:41 525429.601 INF Time: 8756.73m FPS: 19.31 Heap: 2000.9MB Max: 2009.4MB Chunks: 631 CGO: 61 Ply: 2 Zom: 5 Ent: 10 (25) Items: 0 CO: 2 RSS: 2235.0MB
2024-11-06T02:50:58 525446.603 INF VehicleManager saving 0 (0 + 0)
2024-11-06T02:50:58 525446.603 INF DroneManager saving 0 (0 + 0)
2024-11-06T02:50:58 525446.603 INF TurretTracker saving 0 (0 + 0)
2024-11-06T02:50:58 525446.604 INF VehicleManager saved 9 bytes
2024-11-06T02:50:58 525446.612 INF DroneManager saved 9 bytes
2024-11-06T02:50:58 525446.612 INF TurretTracker saved 9 bytes
2024-11-06T02:51:01 525449.329 INF animalBoar SpawnLimbGore prefab not found in resource. path: HeadGore
2024-11-06T02:51:01 525449.359 INF Entity animalBoar 1068 killed by directorfitz 172
2024-11-06T02:51:11 525459.618 INF Time: 8757.23m FPS: 19.96 Heap: 2002.4MB Max: 2009.4MB Chunks: 631 CGO: 43 Ply: 2 Zom: 3 Ent: 7 (25) Items: 0 CO: 2 RSS: 2238.2MB
2024-11-06T02:51:23 525471.075 INF GMSG: Player 'CostaDelMars' died
2024-11-06T02:51:23 525471.088 INF 10499408 EntityBackpack id 1077, plyrId 171, (0.0, 0.0, 0.0) (0, 0), chunk False (0, 0, 0), items 17 resourcePotassiumNitratePowder, resourceRockSmall at (0, 0, 0, xz 0 0) : Read
2024-11-06T02:51:23 525471.096 INF 10499408 EntityBackpack id 1077, plyrId 171, (-79.5, 63.1, 685.1) (-5, 42), chunk True (-5, 3, 42), items 17 resourcePotassiumNitratePowder, resourceRockSmall at (0, 0, 0, xz 0 0) : Write
2024-11-06T02:51:23 525471.111 INF 10499408 EntityBackpack id 1077, plyrId 171, (-79.5, 63.1, 685.1) (-5, 42), chunk True (-5, 3, 42), items 17 resourcePotassiumNitratePowder, resourceRockSmall at (0, 0, 0, xz 0 0) : Start
2024-11-06T02:51:34 525482.279 INF 525456.6 SleeperVolume -325, 59, 686: Restoring -321, 64, 688 (-21, 43) 'animalBoar', count 2
2024-11-06T02:51:36 525484.585 INF 10499676 EntityBackpack id 1077, plyrId 171, (-79.7, 61.2, 684.9) (-5, 42), chunk True (-5, 3, 42), items 17 resourcePotassiumNitratePowder, resourceRockSmall at (0, 0, 0, xz 0 0) : Write
2024-11-06T02:51:41 525488.995 INF PlayerSpawnedInWorld (reason: Died, position: -47, 60, 770): EntityID=171, PltfmId='Steam_76561199036446150', CrossId='EOS_0002f1e01ad44091a9b0bde8c30901e7', OwnerID='Steam_76561199036446150', PlayerName='CostaDelMars', ClientNumber='2'
2024-11-06T02:51:41 525489.644 INF Time: 8757.73m FPS: 19.92 Heap: 2006.3MB Max: 2009.4MB Chunks: 631 CGO: 39 Ply: 2 Zom: 3 Ent: 7 (30) Items: 1 CO: 2 RSS: 2245.0MB
2024-11-06T02:51:49 525496.974 INF 10499921 EntityBackpack id 1077, plyrId 171, (-79.7, 61.2, 684.9) (-5, 42), chunk True (-5, 3, 42), items 17 resourcePotassiumNitratePowder, resourceRockSmall at (0, 0, 0, xz 0 0) : Write
2024-11-06T02:51:51 525498.976 INF Entity zombieFatHawaiian 1069 killed by directorfitz 172
2024-11-06T02:52:00 525507.961 INF 10500138 EntityBackpack id 1077, plyrId 171, (-79.7, 61.2, 684.9) (-5, 42), chunk True (-5, 3, 42), items 0  at (0, 0, 0, xz 0 0) : RemoveBackpack empty True, reason empty
2024-11-06T02:52:00 525507.962 INF 10500138 EntityBackpack id 1077, plyrId 171, (-79.7, 61.2, 684.9) (-5, 42), chunk True (-5, 3, 42), items 0  at (0, 0, 0, xz 0 0) : RemoveBackpack empty True, reason old
2024-11-06T02:52:00 525507.962 INF 10500138 EntityBackpack id 1077, plyrId 171, (-79.7, 61.2, 684.9) (-5, 42), chunk True (-5, 3, 42), items 0  at (0, 0, 0, xz 0 0) : OnEntityUnload markedForUnload False, IsDead True, IsDespawned False
2024-11-06T02:52:11 525519.671 INF Time: 8758.23m FPS: 19.51 Heap: 2014.4MB Max: 2014.4MB Chunks: 631 CGO: 52 Ply: 2 Zom: 4 Ent: 8 (32) Items: 1 CO: 2 RSS: 2246.2MB
2024-11-06T02:52:21 525528.743 INF 525503.1 SleeperVolume -325, 63, 697: Restoring -319, 65, 701 (-20, 43) 'zombieJanitor', count 5
ERROR: Shader Game/ZombieDismembermentBloodcap shader is not supported on this GPU (none of subshaders/fallbacks are suitable)
WARNING: Shader Unsupported: 'Game/Dismember/CharMask' - All subshaders removed
WARNING: Shader Did you use #pragma only_renderers and omit this platform?
WARNING: Shader If subshaders removal was intentional, you may have forgotten turning Fallback off?
ERROR: Shader Game/Dismember/CharMask shader is not supported on this GPU (none of subshaders/fallbacks are suitable)
WARNING: Shader Unsupported: 'Game/Dismember/CharMask' - All subshaders removed
WARNING: Shader Did you use #pragma only_renderers and omit this platform?
WARNING: Shader If subshaders removal was intentional, you may have forgotten turning Fallback off?
2024-11-06T02:52:23 525530.748 INF Entity zombieSteveCrawler 1082 killed by CostaDelMars 171
2024-11-06T02:52:41 525549.678 INF Time: 8758.73m FPS: 19.36 Heap: 2003.9MB Max: 2014.4MB Chunks: 631 CGO: 58 Ply: 2 Zom: 5 Ent: 9 (26) Items: 0 CO: 2 RSS: 2262.5MB
2024-11-06T02:52:52 525560.402 INF 525534.7 SleeperVolume -325, 58, 686: Restoring -303, 59, 687 (-19, 42) 'animalBoar', count 5
2024-11-06T02:52:52 525560.522 INF 525534.8 SleeperVolume -325, 58, 686: Restoring -312, 59, 690 (-20, 43) 'animalBoar', count 5
2024-11-06T02:52:52 525560.640 INF 525534.9 SleeperVolume -325, 58, 686: Spawning -317, 59, 693 (-20, 43), group 'BoarGroup', class animalBoar, count 5
2024-11-06T02:52:58 525566.666 INF VehicleManager saving 0 (0 + 0)
2024-11-06T02:52:58 525566.666 INF DroneManager saving 0 (0 + 0)
2024-11-06T02:52:58 525566.667 INF TurretTracker saving 0 (0 + 0)
2024-11-06T02:52:58 525566.668 INF VehicleManager saved 9 bytes
2024-11-06T02:52:58 525566.668 INF DroneManager saved 9 bytes
2024-11-06T02:52:58 525566.669 INF TurretTracker saved 9 bytes
2024-11-06T02:53:11 525579.694 INF Time: 8759.23m FPS: 19.82 Heap: 2005.7MB Max: 2014.4MB Chunks: 631 CGO: 62 Ply: 2 Zom: 5 Ent: 11 (29) Items: 0 CO: 2 RSS: 2260.7MB
2024-11-06T02:53:13 525581.332 INF 525555.6 SleeperVolume -317, 64, 694: Restoring -315, 65, 695 (-20, 43) 'zombieSteve', count 5
2024-11-06T02:53:38 525606.697 INF 525581 SleeperVolume -325, 63, 697: Restoring -319, 65, 701 (-20, 43) 'zombieJanitor', count 5
2024-11-06T02:53:38 525606.699 INF 525581 SleeperVolume -325, 59, 686: Restoring -321, 64, 688 (-21, 43) 'animalBoar', count 5
2024-11-06T02:53:39 525607.089 INF 525581.4 SleeperVolume -317, 64, 694: Restoring -315, 65, 695 (-20, 43) 'zombieSteve', count 5
2024-11-06T02:53:42 525609.765 INF Time: 8759.73m FPS: 19.74 Heap: 2007.0MB Max: 2014.4MB Chunks: 631 CGO: 66 Ply: 2 Zom: 7 Ent: 13 (36) Items: 0 CO: 2 RSS: 2260.6MB
2024-11-06T02:53:54 525622.389 INF [DECO] written 75662, in 17ms
2024-11-06T02:53:54 525622.390 INF [DECO] write thread 1ms
2024-11-06T02:54:12 525639.802 INF Time: 8760.24m FPS: 19.86 Heap: 2008.9MB Max: 2014.4MB Chunks: 631 CGO: 64 Ply: 2 Zom: 7 Ent: 14 (40) Items: 0 CO: 2 RSS: 2261.4MB
2024-11-06T02:54:23 525651.508 INF Entity animalBoar 1087 killed by directorfitz 172
2024-11-06T02:54:29 525656.847 INF animalBoar SpawnLimbGore prefab not found in resource. path: HeadGore
2024-11-06T02:54:39 525666.803 INF animalBoar SpawnLimbGore prefab not found in resource. path: HeadGore
2024-11-06T02:54:39 525666.805 INF Entity animalBoar 1093 killed by directorfitz 172
2024-11-06T02:54:42 525669.803 INF Time: 8760.74m FPS: 19.69 Heap: 2003.9MB Max: 2014.4MB Chunks: 631 CGO: 86 Ply: 2 Zom: 9 Ent: 15 (32) Items: 0 CO: 2 RSS: 2267.1MB
2024-11-06T02:54:54 525682.495 INF [DECO] written 75662, in 19ms
2024-11-06T02:54:54 525682.504 INF [DECO] write thread 8ms
2024-11-06T02:54:58 525686.690 INF VehicleManager saving 0 (0 + 0)
2024-11-06T02:54:58 525686.690 INF DroneManager saving 0 (0 + 0)
2024-11-06T02:54:58 525686.691 INF TurretTracker saving 0 (0 + 0)
2024-11-06T02:54:58 525686.692 INF VehicleManager saved 9 bytes
2024-11-06T02:54:58 525686.693 INF DroneManager saved 9 bytes
2024-11-06T02:54:58 525686.693 INF TurretTracker saved 9 bytes
2024-11-06T02:55:07 525694.991 INF Entity zombieDarlene 1098 killed by CostaDelMars 171
2024-11-06T02:55:12 525699.844 INF Time: 8761.24m FPS: 19.84 Heap: 2004.6MB Max: 2014.4MB Chunks: 631 CGO: 76 Ply: 2 Zom: 7 Ent: 12 (33) Items: 0 CO: 2 RSS: 2268.6MB
2024-11-06T02:55:42 525729.870 INF Time: 8761.74m FPS: 19.90 Heap: 2006.1MB Max: 2014.4MB Chunks: 631 CGO: 64 Ply: 2 Zom: 6 Ent: 11 (33) Items: 0 CO: 2 RSS: 2269.3MB
2024-11-06T02:55:54 525742.555 INF [DECO] written 75662, in 16ms
2024-11-06T02:55:54 525742.557 INF [DECO] write thread 1ms
2024-11-06T02:56:07 525754.784 INF Entity animalBoar 1085 killed by directorfitz 172
2024-11-06T02:56:12 525759.887 INF Time: 8762.24m FPS: 19.85 Heap: 2010.4MB Max: 2014.4MB Chunks: 631 CGO: 61 Ply: 2 Zom: 5 Ent: 9 (35) Items: 0 CO: 2 RSS: 2269.3MB
2024-11-06T02:56:42 525789.891 INF Time: 8762.74m FPS: 19.07 Heap: 2004.1MB Max: 2014.4MB Chunks: 631 CGO: 67 Ply: 2 Zom: 6 Ent: 9 (29) Items: 0 CO: 2 RSS: 2271.1MB
2024-11-06T02:56:54 525802.641 INF [DECO] written 75662, in 15ms
2024-11-06T02:56:54 525802.643 INF [DECO] write thread 1ms
2024-11-06T02:56:58 525806.695 INF VehicleManager saving 0 (0 + 0)
2024-11-06T02:56:58 525806.695 INF DroneManager saving 0 (0 + 0)
2024-11-06T02:56:58 525806.696 INF TurretTracker saving 0 (0 + 0)
2024-11-06T02:56:58 525806.697 INF VehicleManager saved 9 bytes
2024-11-06T02:56:58 525806.697 INF DroneManager saved 9 bytes
2024-11-06T02:56:58 525806.698 INF TurretTracker saved 9 bytes
2024-11-06T02:57:12 525819.903 INF Time: 8763.24m FPS: 19.78 Heap: 2005.1MB Max: 2014.4MB Chunks: 631 CGO: 53 Ply: 2 Zom: 5 Ent: 8 (29) Items: 0 CO: 2 RSS: 2271.4MB
2024-11-06T02:57:15 525822.861 INF Entity animalBoar 1086 killed by directorfitz 172
2024-11-06T02:57:42 525849.904 INF Time: 8763.74m FPS: 20.00 Heap: 2006.8MB Max: 2014.4MB Chunks: 631 CGO: 61 Ply: 2 Zom: 6 Ent: 9 (31) Items: 0 CO: 2 RSS: 2271.4MB
2024-11-06T02:57:54 525862.682 INF [DECO] written 75662, in 9ms
2024-11-06T02:57:54 525862.692 INF [DECO] write thread 9ms
2024-11-06T02:58:11 525879.453 INF 525853.8 SleeperVolume -315, 63, 686: Restoring -315, 64, 687 (-20, 42) 'animalBoar', count 4
2024-11-06T02:58:12 525879.946 INF Time: 8764.24m FPS: 19.88 Heap: 2010.3MB Max: 2014.4MB Chunks: 631 CGO: 48 Ply: 2 Zom: 4 Ent: 7 (34) Items: 0 CO: 2 RSS: 2272.6MB
2024-11-06T02:58:12 525880.552 INF 525854.9 SleeperVolume -317, 64, 694: Restoring -315, 65, 695 (-20, 43) 'zombieSteve', count 4
2024-11-06T02:58:22 525890.367 INF 525864.7 SleeperVolume -316, 63, 697: Restoring -315, 64, 702 (-20, 43) 'zombieBoe', count 5
2024-11-06T02:58:22 525890.501 INF 525864.8 SleeperVolume -316, 63, 697: Restoring -316, 64, 697 (-20, 43) 'zombieMarlene', count 5
2024-11-06T02:58:22 525890.581 INF 525864.9 SleeperVolume -316, 63, 697: Restoring -310, 64, 704 (-20, 44) 'zombieMoe', count 5
2024-11-06T02:58:42 525909.998 INF Time: 8764.74m FPS: 18.90 Heap: 2005.1MB Max: 2014.4MB Chunks: 631 CGO: 60 Ply: 2 Zom: 8 Ent: 12 (32) Items: 0 CO: 2 RSS: 2275.7MB
2024-11-06T02:58:59 525926.752 INF VehicleManager saving 0 (0 + 0)
2024-11-06T02:58:59 525926.752 INF DroneManager saving 0 (0 + 0)
2024-11-06T02:58:59 525926.753 INF TurretTracker saving 0 (0 + 0)
2024-11-06T02:58:59 525926.753 INF VehicleManager saved 9 bytes
2024-11-06T02:58:59 525926.754 INF DroneManager saved 9 bytes
2024-11-06T02:58:59 525926.754 INF TurretTracker saved 9 bytes
2024-11-06T02:59:04 525932.132 INF Entity zombieSteve 1112 killed by directorfitz 172
2024-11-06T02:59:05 525933.302 INF MinEventLogMessage: XP gained during the last level:
2024-11-06T02:59:05 525933.303 INF CVarLogValue: $xpFromLootThisLevel == 0
2024-11-06T02:59:05 525933.303 INF CVarLogValue: $xpFromHarvestingThisLevel == 0
2024-11-06T02:59:05 525933.303 INF CVarLogValue: $xpFromKillThisLevel == 0
2024-11-06T02:59:12 525940.095 INF Time: 8765.24m FPS: 19.68 Heap: 2005.8MB Max: 2014.4MB Chunks: 631 CGO: 60 Ply: 2 Zom: 7 Ent: 12 (33) Items: 0 CO: 2 RSS: 2277.1MB
2024-11-06T02:59:23 525951.652 INF Entity animalBoar 1111 killed by directorfitz 172
2024-11-06T02:59:42 525970.121 INF Time: 8765.74m FPS: 19.74 Heap: 2007.8MB Max: 2014.4MB Chunks: 631 CGO: 41 Ply: 2 Zom: 6 Ent: 10 (35) Items: 0 CO: 2 RSS: 2277.3MB
2024-11-06T02:59:55 525982.916 INF [DECO] written 75672, in 11ms
2024-11-06T02:59:55 525982.918 INF [DECO] write thread 1ms
2024-11-06T02:59:58 525986.467 INF 525960.8 SleeperVolume -112, 61, 615: Restoring -96, 61, 615 (-6, 38) 'animalZombieDog', count 7
2024-11-06T03:00:12 526000.173 INF Time: 8766.24m FPS: 19.65 Heap: 2012.5MB Max: 2014.4MB Chunks: 631 CGO: 55 Ply: 2 Zom: 10 Ent: 12 (39) Items: 0 CO: 2 RSS: 2277.3MB
2024-11-06T03:00:29 526016.826 INF AIDirector: Wandering StartSpawning Horde
2024-11-06T03:00:29 526016.827 INF AIDirector: FindWanderingTargets at player '[type=EntityPlayer, name=CostaDelMars, id=171]', dist 55.99247
2024-11-06T03:00:29 526016.828 INF Party of 1, game stage 12, enemy max 3, bonus every 12
2024-11-06T03:00:29 526016.828 INF Party members: 
2024-11-06T03:00:29 526016.828 INF Player id 171, gameStage 12
2024-11-06T03:00:29 526016.890 INF AIDirector: Spawned wandering horde (group wanderingHordeStageGS14, zombie [type=EntityZombie, name=zombieNurse, id=1122])
2024-11-06T03:00:30 526017.952 INF AIDirector: Spawned wandering horde (group wanderingHordeStageGS14, zombie [type=EntityZombie, name=zombieYo, id=1123])
2024-11-06T03:00:31 526018.987 INF AIDirector: Spawned wandering horde (group wanderingHordeStageGS14, zombie [type=EntityZombie, name=zombieBoe, id=1124])
2024-11-06T03:00:31 526019.028 INF AIDirectorGameStagePartySpawner: groups done (1)
2024-11-06T03:00:42 526030.171 INF Time: 8766.74m FPS: 19.51 Heap: 2015.6MB Max: 2015.6MB Chunks: 631 CGO: 68 Ply: 2 Zom: 12 Ent: 14 (32) Items: 0 CO: 3 RSS: 2281.7MB
2024-11-06T03:00:59 526046.808 INF VehicleManager saving 0 (0 + 0)
2024-11-06T03:00:59 526046.808 INF DroneManager saving 0 (0 + 0)
2024-11-06T03:00:59 526046.810 INF TurretTracker saving 0 (0 + 0)
2024-11-06T03:00:59 526046.811 INF VehicleManager saved 9 bytes
2024-11-06T03:00:59 526046.811 INF DroneManager saved 9 bytes
2024-11-06T03:00:59 526046.811 INF TurretTracker saved 9 bytes
2024-11-06T03:01:11 526059.373 INF Entity zombieMarlene 1125 killed by CostaDelMars 171
2024-11-06T03:01:12 526060.216 INF Time: 8767.24m FPS: 19.68 Heap: 2019.3MB Max: 2019.3MB Chunks: 689 CGO: 93 Ply: 2 Zom: 13 Ent: 17 (38) Items: 0 CO: 3 RSS: 2296.2MB
2024-11-06T03:01:27 526075.032 INF AIDirector: Wandering horde zombie '[type=EntityZombie, name=zombieNurse, id=1122]' removed from control
2024-11-06T03:01:28 526075.746 INF AIDirector: Wandering horde zombie '[type=EntityZombie, name=zombieBoe, id=1124]' removed from control
2024-11-06T03:01:28 526075.820 INF AIDirector: Wandering horde zombie '[type=EntityZombie, name=zombieYo, id=1123]' removed from control
2024-11-06T03:01:28 526075.873 INF AIDirector: Wandering spawner finished Horde
2024-11-06T03:01:42 526090.274 INF Time: 8767.74m FPS: 19.78 Heap: 2021.7MB Max: 2021.7MB Chunks: 700 CGO: 94 Ply: 2 Zom: 11 Ent: 15 (40) Items: 0 CO: 2 RSS: 2305.1MB
2024-11-06T03:02:03 526111.424 INF 526085.7 SleeperVolume 186, 83, 368: Spawning 190, 83, 369 (11, 23), group 'sleeperHordeStageGS11', class zombieArlene, count 10
2024-11-06T03:02:03 526111.432 INF 526085.7 SleeperVolume 186, 83, 379: Spawning 194, 83, 379 (12, 23), group 'VultureGroup', class animalZombieVulture, count 10
2024-11-06T03:02:03 526111.545 INF 526085.8 SleeperVolume 186, 83, 368: Spawning 203, 83, 368 (12, 23), group 'sleeperHordeStageGS11', class zombieJoe, count 10
2024-11-06T03:02:03 526111.658 INF 526085.9 SleeperVolume 186, 83, 368: Spawning 204, 83, 380 (12, 23), group 'sleeperHordeStageGS11', class zombieBoe, count 13
2024-11-06T03:02:10 526117.964 INF Entity animalZombieVulture 1135 killed by CostaDelMars 171
2024-11-06T03:02:12 526120.342 INF Time: 8768.24m FPS: 19.95 Heap: 2028.1MB Max: 2028.1MB Chunks: 700 CGO: 77 Ply: 2 Zom: 13 Ent: 16 (45) Items: 0 CO: 2 RSS: 2314.8MB
2024-11-06T03:02:33 526140.870 INF Entity zombieArlene 1134 killed by CostaDelMars 171
2024-11-06T03:02:42 526150.356 INF Time: 8768.74m FPS: 19.37 Heap: 2021.8MB Max: 2028.1MB Chunks: 700 CGO: 72 Ply: 2 Zom: 12 Ent: 16 (33) Items: 0 CO: 2 RSS: 2323.1MB
2024-11-06T03:02:43 526150.834 INF Entity zombieBoe 1114 killed by directorfitz 172
2024-11-06T03:02:55 526163.103 INF [DECO] written 75672, in 19ms
2024-11-06T03:02:55 526163.105 INF [DECO] write thread 1ms
2024-11-06T03:02:55 526163.589 INF Entity zombieMarlene 1115 killed by directorfitz 172
2024-11-06T03:02:56 526164.146 INF Entity zombieJoe 1136 killed by CostaDelMars 171
2024-11-06T03:02:59 526166.805 INF VehicleManager saving 0 (0 + 0)
2024-11-06T03:02:59 526166.805 INF DroneManager saving 0 (0 + 0)
2024-11-06T03:02:59 526166.806 INF TurretTracker saving 0 (0 + 0)
2024-11-06T03:02:59 526166.806 INF VehicleManager saved 9 bytes
2024-11-06T03:02:59 526166.806 INF DroneManager saved 9 bytes
2024-11-06T03:02:59 526166.806 INF TurretTracker saved 9 bytes
2024-11-06T03:03:05 526172.767 INF Entity zombieMoe 1116 killed by directorfitz 172
2024-11-06T03:03:09 526177.529 INF Entity zombieBoe 1137 killed by CostaDelMars 171
2024-11-06T03:03:12 526180.376 INF Time: 8769.25m FPS: 19.60 Heap: 2022.9MB Max: 2028.1MB Chunks: 700 CGO: 93 Ply: 2 Zom: 8 Ent: 18 (36) Items: 0 CO: 2 RSS: 2327.1MB
2024-11-06T03:03:18 526186.733 INF 526161 SleeperVolume 196, 92, 371: Spawning 200, 93, 374 (12, 23), group 'sleeperHordeStageGS11', class zombieJanitor, count 8
2024-11-06T03:03:19 526186.872 INF 526161.2 SleeperVolume 196, 92, 371: Spawning 199, 93, 377 (12, 23), group 'sleeperHordeStageGS11', class zombieYo, count 8
2024-11-06T03:03:19 526186.972 INF 526161.3 SleeperVolume 197, 93, 372: Spawning 201, 98, 374 (12, 23), group 'sleeperHordeStageGS11', class zombieBusinessMan, count 8
2024-11-06T03:03:34 526202.277 INF Entity zombieYo 1142 killed by CostaDelMars 171
2024-11-06T03:03:38 526206.732 INF Entity zombieBusinessMan 1143 killed by CostaDelMars 171
2024-11-06T03:03:42 526210.404 INF Time: 8769.75m FPS: 19.73 Heap: 2025.1MB Max: 2028.1MB Chunks: 700 CGO: 96 Ply: 2 Zom: 9 Ent: 18 (39) Items: 0 CO: 2 RSS: 2325.9MB
2024-11-06T03:03:51 526218.979 INF Entity zombieJanitor 1141 killed by CostaDelMars 171
2024-11-06T03:04:12 526240.421 INF Time: 8770.25m FPS: 19.67 Heap: 2028.6MB Max: 2028.6MB Chunks: 700 CGO: 86 Ply: 2 Zom: 7 Ent: 14 (39) Items: 0 CO: 2 RSS: 2326.1MB
2024-11-06T03:04:19 526247.032 INF Entity zombieJanitor 1092 killed by directorfitz 172
2024-11-06T03:04:42 526270.425 INF Time: 8770.75m FPS: 19.25 Heap: 2020.6MB Max: 2028.6MB Chunks: 700 CGO: 76 Ply: 2 Zom: 5 Ent: 11 (37) Items: 0 CO: 2 RSS: 2326.5MB
2024-11-06T03:04:59 526286.820 INF VehicleManager saving 0 (0 + 0)
2024-11-06T03:04:59 526286.820 INF DroneManager saving 0 (0 + 0)
2024-11-06T03:04:59 526286.821 INF TurretTracker saving 0 (0 + 0)
2024-11-06T03:04:59 526286.822 INF VehicleManager saved 9 bytes
2024-11-06T03:04:59 526286.822 INF DroneManager saved 9 bytes
2024-11-06T03:04:59 526286.823 INF TurretTracker saved 9 bytes
2024-11-06T03:05:12 526300.444 INF Time: 8771.25m FPS: 19.54 Heap: 2021.4MB Max: 2028.6MB Chunks: 700 CGO: 71 Ply: 2 Zom: 6 Ent: 10 (39) Items: 0 CO: 2 RSS: 2329.0MB
2024-11-06T03:05:25 526313.637 INF Entity zombieNurse 1130 killed by CostaDelMars 171
2024-11-06T03:05:42 526330.469 INF Time: 8771.75m FPS: 19.78 Heap: 2024.9MB Max: 2028.6MB Chunks: 700 CGO: 53 Ply: 2 Zom: 3 Ent: 7 (39) Items: 0 CO: 2 RSS: 2329.2MB
2024-11-06T03:06:12 526360.485 INF Time: 8772.25m FPS: 19.81 Heap: 2032.5MB Max: 2032.5MB Chunks: 700 CGO: 62 Ply: 2 Zom: 6 Ent: 8 (44) Items: 0 CO: 2 RSS: 2331.7MB
2024-11-06T03:06:31 526379.401 INF Entity zombieBurnt 1150 killed by CostaDelMars 171
2024-11-06T03:06:42 526390.499 INF Time: 8772.75m FPS: 19.37 Heap: 2026.9MB Max: 2032.5MB Chunks: 700 CGO: 55 Ply: 2 Zom: 4 Ent: 7 (39) Items: 0 CO: 2 RSS: 2339.2MB
2024-11-06T03:06:59 526406.824 INF VehicleManager saving 0 (0 + 0)
2024-11-06T03:06:59 526406.825 INF DroneManager saving 0 (0 + 0)
2024-11-06T03:06:59 526406.825 INF TurretTracker saving 0 (0 + 0)
2024-11-06T03:06:59 526406.826 INF VehicleManager saved 9 bytes
2024-11-06T03:06:59 526406.826 INF DroneManager saved 9 bytes
2024-11-06T03:06:59 526406.826 INF TurretTracker saved 9 bytes
2024-11-06T03:07:12 526420.505 INF Time: 8773.25m FPS: 19.59 Heap: 2028.2MB Max: 2032.5MB Chunks: 700 CGO: 46 Ply: 2 Zom: 4 Ent: 7 (43) Items: 0 CO: 2 RSS: 2340.0MB
2024-11-06T03:07:36 526444.186 INF Entity zombieYo 1154 killed by CostaDelMars 171
2024-11-06T03:07:42 526450.515 INF Time: 8773.75m FPS: 19.72 Heap: 2030.8MB Max: 2032.5MB Chunks: 700 CGO: 46 Ply: 2 Zom: 3 Ent: 7 (44) Items: 0 CO: 2 RSS: 2341.2MB
2024-11-06T03:08:05 526473.078 INF Entity zombieBusinessMan 1119 killed by directorfitz 172
2024-11-06T03:08:12 526480.531 INF Time: 8774.25m FPS: 19.78 Heap: 2037.6MB Max: 2037.6MB Chunks: 700 CGO: 58 Ply: 2 Zom: 3 Ent: 7 (47) Items: 0 CO: 2 RSS: 2341.2MB
2024-11-06T03:08:21 526489.136 INF 526463.4 SleeperVolume -320, 43, 686: Spawning -319, 44, 707 (-20, 44), group 'GraceGroup', class animalBossGrace, count 3
2024-11-06T03:08:42 526510.560 INF Time: 8774.75m FPS: 19.96 Heap: 2031.3MB Max: 2037.6MB Chunks: 700 CGO: 46 Ply: 2 Zom: 3 Ent: 7 (41) Items: 0 CO: 2 RSS: 2355.7MB
2024-11-06T03:08:59 526526.838 INF VehicleManager saving 0 (0 + 0)
2024-11-06T03:08:59 526526.838 INF DroneManager saving 0 (0 + 0)
2024-11-06T03:08:59 526526.838 INF TurretTracker saving 0 (0 + 0)
2024-11-06T03:08:59 526526.839 INF VehicleManager saved 9 bytes
2024-11-06T03:08:59 526526.840 INF DroneManager saved 9 bytes
2024-11-06T03:08:59 526526.840 INF TurretTracker saved 9 bytes
2024-11-06T03:09:12 526540.573 INF Time: 8775.25m FPS: 19.98 Heap: 2032.1MB Max: 2037.6MB Chunks: 700 CGO: 41 Ply: 2 Zom: 3 Ent: 6 (41) Items: 0 CO: 2 RSS: 2353.9MB
2024-11-06T03:09:42 526570.590 INF Time: 8775.75m FPS: 19.68 Heap: 2033.2MB Max: 2037.6MB Chunks: 700 CGO: 39 Ply: 2 Zom: 3 Ent: 6 (41) Items: 0 CO: 2 RSS: 2353.9MB
2024-11-06T03:10:03 526591.716 INF 526566 SleeperVolume -320, 43, 686: Restoring -319, 44, 707 (-20, 44) 'animalBossGrace', count 2
2024-11-06T03:10:12 526600.592 INF Time: 8776.25m FPS: 19.51 Heap: 2035.6MB Max: 2037.6MB Chunks: 700 CGO: 37 Ply: 2 Zom: 3 Ent: 6 (42) Items: 0 CO: 2 RSS: 2352.1MB
2024-11-06T03:10:42 526630.608 INF Time: 8776.75m FPS: 19.86 Heap: 2029.4MB Max: 2037.6MB Chunks: 700 CGO: 39 Ply: 2 Zom: 3 Ent: 6 (42) Items: 0 CO: 2 RSS: 2351.8MB
2024-11-06T03:10:59 526646.841 INF VehicleManager saving 0 (0 + 0)
2024-11-06T03:10:59 526646.841 INF DroneManager saving 0 (0 + 0)
2024-11-06T03:10:59 526646.841 INF TurretTracker saving 0 (0 + 0)
2024-11-06T03:10:59 526646.843 INF VehicleManager saved 9 bytes
2024-11-06T03:10:59 526646.844 INF DroneManager saved 9 bytes
2024-11-06T03:10:59 526646.844 INF TurretTracker saved 9 bytes
2024-11-06T03:11:12 526660.682 INF Time: 8777.25m FPS: 19.51 Heap: 2030.0MB Max: 2037.6MB Chunks: 700 CGO: 39 Ply: 2 Zom: 3 Ent: 6 (42) Items: 0 CO: 2 RSS: 2351.8MB
2024-11-06T03:11:42 526690.682 INF Time: 8777.75m FPS: 19.93 Heap: 2031.4MB Max: 2037.6MB Chunks: 700 CGO: 54 Ply: 2 Zom: 3 Ent: 6 (42) Items: 0 CO: 2 RSS: 2351.8MB
2024-11-06T03:12:12 526720.699 INF Time: 8778.25m FPS: 19.69 Heap: 2033.0MB Max: 2037.6MB Chunks: 700 CGO: 25 Ply: 2 Zom: 1 Ent: 3 (42) Items: 0 CO: 2 RSS: 2351.8MB
2024-11-06T03:12:43 526750.745 INF Time: 8778.75m FPS: 19.38 Heap: 2028.5MB Max: 2037.6MB Chunks: 700 CGO: 27 Ply: 2 Zom: 1 Ent: 3 (42) Items: 0 CO: 2 RSS: 2351.2MB
2024-11-06T03:12:59 526766.863 INF VehicleManager saving 0 (0 + 0)
2024-11-06T03:12:59 526766.863 INF DroneManager saving 0 (0 + 0)
2024-11-06T03:12:59 526766.864 INF TurretTracker saving 0 (0 + 0)
2024-11-06T03:12:59 526766.864 INF VehicleManager saved 9 bytes
2024-11-06T03:12:59 526766.865 INF TurretTracker saved 9 bytes
2024-11-06T03:12:59 526766.865 INF DroneManager saved 9 bytes
2024-11-06T03:13:13 526780.782 INF Time: 8779.25m FPS: 19.80 Heap: 2029.0MB Max: 2037.6MB Chunks: 700 CGO: 21 Ply: 2 Zom: 1 Ent: 3 (43) Items: 0 CO: 2 RSS: 2351.2MB
2024-11-06T03:13:43 526810.824 INF Time: 8779.75m FPS: 19.95 Heap: 2029.9MB Max: 2037.6MB Chunks: 700 CGO: 18 Ply: 2 Zom: 1 Ent: 3 (43) Items: 0 CO: 2 RSS: 2351.2MB
2024-11-06T03:13:45 526813.423 INF Computed 415 chunk groups containing a total of 8472 chunks. Largest group contains 449 chunks.
2024-11-06T03:13:56 526824.018 INF [DECO] written 75674, in 32ms
2024-11-06T03:13:56 526824.020 INF [DECO] write thread 1ms
2024-11-06T03:14:13 526840.836 INF Time: 8780.25m FPS: 19.91 Heap: 2031.3MB Max: 2037.6MB Chunks: 700 CGO: 18 Ply: 2 Zom: 1 Ent: 3 (43) Items: 0 CO: 2 RSS: 2351.7MB
2024-11-06T03:14:18 526846.682 INF RequestToSpawnPlayer: 675, conceptxo, 6
2024-11-06T03:14:19 526846.799 WRN Parameter 'IsMale' not found in animator
2024-11-06T03:14:19 526846.800 INF Created player with id=675
2024-11-06T03:14:22 526850.604 INF GMSG: Player 'conceptxo' joined the game
2024-11-06T03:14:22 526850.604 INF PlayerSpawnedInWorld (reason: JoinMultiplayer, position: -203, 61, 680): EntityID=675, PltfmId='Steam_76561197969472572', CrossId='EOS_00021eebf2db42e69d23b452b65f6d24', OwnerID='Steam_76561197969472572', PlayerName='conceptxo', ClientNumber='3'
2024-11-06T03:14:43 526870.854 INF Time: 8780.75m FPS: 18.97 Heap: 2029.1MB Max: 2037.6MB Chunks: 700 CGO: 18 Ply: 3 Zom: 1 Ent: 4 (43) Items: 0 CO: 3 RSS: 2366.7MB
2024-11-06T03:14:59 526886.869 INF VehicleManager saving 0 (0 + 0)
2024-11-06T03:14:59 526886.869 INF DroneManager saving 0 (0 + 0)
2024-11-06T03:14:59 526886.869 INF TurretTracker saving 0 (0 + 0)
2024-11-06T03:14:59 526886.879 INF VehicleManager saved 9 bytes
2024-11-06T03:14:59 526886.880 INF DroneManager saved 9 bytes
2024-11-06T03:14:59 526886.880 INF TurretTracker saved 9 bytes
2024-11-06T03:15:13 526900.864 INF Time: 8781.25m FPS: 19.76 Heap: 2031.6MB Max: 2037.6MB Chunks: 700 CGO: 24 Ply: 3 Zom: 1 Ent: 4 (43) Items: 0 CO: 3 RSS: 2368.2MB
2024-11-06T03:15:43 526930.878 INF Time: 8781.75m FPS: 19.80 Heap: 2034.6MB Max: 2037.6MB Chunks: 700 CGO: 25 Ply: 3 Zom: 1 Ent: 4 (43) Items: 0 CO: 3 RSS: 2369.3MB
2024-11-06T03:16:13 526960.941 INF Time: 8782.25m FPS: 19.78 Heap: 2039.4MB Max: 2039.4MB Chunks: 700 CGO: 24 Ply: 3 Zom: 1 Ent: 4 (43) Items: 0 CO: 3 RSS: 2370.9MB
2024-11-06T03:16:43 526990.972 INF Time: 8782.75m FPS: 19.35 Heap: 2031.9MB Max: 2039.4MB Chunks: 700 CGO: 29 Ply: 3 Zom: 1 Ent: 4 (43) Items: 0 CO: 3 RSS: 2371.1MB
2024-11-06T03:16:59 527006.921 INF VehicleManager saving 0 (0 + 0)
2024-11-06T03:16:59 527006.921 INF DroneManager saving 0 (0 + 0)
2024-11-06T03:16:59 527006.921 INF TurretTracker saving 0 (0 + 0)
2024-11-06T03:16:59 527006.922 INF VehicleManager saved 9 bytes
2024-11-06T03:16:59 527006.923 INF DroneManager saved 9 bytes
2024-11-06T03:16:59 527006.923 INF TurretTracker saved 9 bytes
2024-11-06T03:17:13 527020.979 INF Time: 8783.25m FPS: 19.61 Heap: 2033.2MB Max: 2039.4MB Chunks: 700 CGO: 36 Ply: 3 Zom: 2 Ent: 5 (44) Items: 0 CO: 3 RSS: 2371.4MB
2024-11-06T03:17:43 527051.017 INF Time: 8783.76m FPS: 19.68 Heap: 2034.9MB Max: 2039.4MB Chunks: 700 CGO: 27 Ply: 3 Zom: 2 Ent: 5 (44) Items: 0 CO: 3 RSS: 2371.7MB
2024-11-06T03:18:13 527081.024 INF Time: 8784.26m FPS: 19.72 Heap: 2036.5MB Max: 2039.4MB Chunks: 700 CGO: 27 Ply: 3 Zom: 2 Ent: 5 (44) Items: 0 CO: 3 RSS: 2371.7MB
2024-11-06T03:18:43 527111.033 INF Time: 8784.76m FPS: 19.41 Heap: 2030.5MB Max: 2039.4MB Chunks: 700 CGO: 30 Ply: 3 Zom: 2 Ent: 5 (44) Items: 0 CO: 3 RSS: 2371.7MB
2024-11-06T03:18:59 527126.951 INF VehicleManager saving 0 (0 + 0)
2024-11-06T03:18:59 527126.951 INF DroneManager saving 0 (0 + 0)
2024-11-06T03:18:59 527126.952 INF TurretTracker saving 0 (0 + 0)
2024-11-06T03:18:59 527126.953 INF VehicleManager saved 9 bytes
2024-11-06T03:18:59 527126.953 INF DroneManager saved 9 bytes
2024-11-06T03:18:59 527126.953 INF TurretTracker saved 9 bytes
2024-11-06T03:19:13 527141.067 INF Time: 8785.26m FPS: 19.87 Heap: 2042.8MB Max: 2042.8MB Chunks: 762 CGO: 45 Ply: 3 Zom: 2 Ent: 5 (44) Items: 0 CO: 3 RSS: 2383.9MB
2024-11-06T03:19:17 527145.724 INF 527120 SleeperVolume -117, 59, 603: Restoring -117, 62, 607 (-8, 37) 'zombieMoe', count 2
2024-11-06T03:19:18 527146.394 INF 527120.6 SleeperVolume -129, 59, 585: Restoring -123, 65, 588 (-8, 36) 'zombieTomClark', count 2
2024-11-06T03:19:25 527152.951 INF 527127.2 SleeperVolume -320, 43, 686: Restoring -319, 44, 707 (-20, 44) 'animalBossGrace', count 4
2024-11-06T03:19:43 527171.126 INF Time: 8785.76m FPS: 19.88 Heap: 2048.6MB Max: 2048.6MB Chunks: 769 CGO: 46 Ply: 3 Zom: 4 Ent: 6 (48) Items: 0 CO: 3 RSS: 2390.5MB
2024-11-06T03:19:57 527185.226 INF Entity zombieJoe 1166 killed by CostaDelMars 171
2024-11-06T03:20:13 527201.187 INF Time: 8786.26m FPS: 19.70 Heap: 2059.7MB Max: 2059.7MB Chunks: 769 CGO: 48 Ply: 3 Zom: 2 Ent: 7 (50) Items: 0 CO: 3 RSS: 2396.6MB
2024-11-06T03:20:27 527215.332 INF 527189.6 SleeperVolume -41, 61, 489: Spawning -41, 62, 489 (-3, 30), group 'ZombieGhostTownGroupGS1', class zombieJoe, count 3
2024-11-06T03:20:31 527219.144 INF 527193.4 SleeperVolume -42, 57, 488: Spawning -31, 58, 489 (-2, 30), group 'ZombieGhostTownGroupGS1', class zombieSteveCrawler, count 4
2024-11-06T03:20:31 527219.326 INF 527193.6 SleeperVolume -42, 57, 488: Spawning -40, 58, 489 (-3, 30), group 'ZombieGhostTownGroupGS1', class zombieJoe, count 4
2024-11-06T03:20:32 527219.974 INF 527194.3 SleeperVolume -38, 58, 481: None spawned, canSpawn True, respawnCnt 0
2024-11-06T03:20:43 527231.192 INF Time: 8786.76m FPS: 19.18 Heap: 2046.8MB Max: 2059.7MB Chunks: 769 CGO: 50 Ply: 3 Zom: 6 Ent: 9 (45) Items: 0 CO: 3 RSS: 2411.1MB
2024-11-06T03:20:56 527244.629 INF [DECO] written 75674, in 9ms
2024-11-06T03:20:56 527244.630 INF [DECO] write thread 1ms
2024-11-06T03:20:57 527244.791 INF Entity zombieSteveCrawler 1169 killed by CostaDelMars 171
2024-11-06T03:20:59 527246.966 INF VehicleManager saving 0 (0 + 0)
2024-11-06T03:20:59 527246.966 INF DroneManager saving 0 (0 + 0)
2024-11-06T03:20:59 527246.966 INF TurretTracker saving 0 (0 + 0)
2024-11-06T03:20:59 527246.968 INF VehicleManager saved 9 bytes
2024-11-06T03:20:59 527246.968 INF DroneManager saved 9 bytes
2024-11-06T03:20:59 527246.969 INF TurretTracker saved 9 bytes
2024-11-06T03:21:00 527248.346 INF Entity zombieJoe 1170 killed by CostaDelMars 171
2024-11-06T03:21:13 527261.231 INF Time: 8787.26m FPS: 19.56 Heap: 2048.1MB Max: 2059.7MB Chunks: 769 CGO: 46 Ply: 3 Zom: 4 Ent: 9 (45) Items: 0 CO: 3 RSS: 2413.7MB
2024-11-06T03:21:42 527290.002 INF 527264.3 SleeperVolume -38, 62, 481: Spawning -35, 62, 482 (-3, 30), group 'ZombieGhostTownGroupGS1', class zombieMarlene, count 4
2024-11-06T03:21:43 527291.286 INF Time: 8787.76m FPS: 19.77 Heap: 2049.4MB Max: 2059.7MB Chunks: 769 CGO: 46 Ply: 3 Zom: 5 Ent: 8 (46) Items: 0 CO: 3 RSS: 2413.7MB
2024-11-06T03:22:02 527310.427 INF Entity zombieJoe 1168 killed by CostaDelMars 171
2024-11-06T03:22:13 527321.325 INF Time: 8788.26m FPS: 19.92 Heap: 2051.7MB Max: 2059.7MB Chunks: 769 CGO: 46 Ply: 3 Zom: 4 Ent: 8 (46) Items: 0 CO: 3 RSS: 2413.7MB
2024-11-06T03:22:43 527351.370 INF Time: 8788.76m FPS: 20.01 Heap: 2044.3MB Max: 2059.7MB Chunks: 769 CGO: 45 Ply: 3 Zom: 4 Ent: 7 (44) Items: 0 CO: 3 RSS: 2415.6MB
2024-11-06T03:22:44 527351.848 INF Entity zombieBoe 1167 killed by CostaDelMars 171
2024-11-06T03:22:59 527366.963 INF VehicleManager saving 0 (0 + 0)
2024-11-06T03:22:59 527366.963 INF DroneManager saving 0 (0 + 0)
2024-11-06T03:22:59 527366.963 INF TurretTracker saving 0 (0 + 0)
2024-11-06T03:22:59 527366.964 INF VehicleManager saved 9 bytes
2024-11-06T03:22:59 527366.964 INF TurretTracker saved 9 bytes
2024-11-06T03:22:59 527366.964 INF DroneManager saved 9 bytes
2024-11-06T03:23:13 527381.378 INF Time: 8789.26m FPS: 19.75 Heap: 2045.3MB Max: 2059.7MB Chunks: 769 CGO: 49 Ply: 3 Zom: 3 Ent: 7 (44) Items: 0 CO: 3 RSS: 2415.6MB
2024-11-06T03:23:43 527411.416 INF Time: 8789.76m FPS: 19.92 Heap: 2047.1MB Max: 2059.7MB Chunks: 769 CGO: 43 Ply: 3 Zom: 3 Ent: 6 (44) Items: 0 CO: 3 RSS: 2415.6MB
2024-11-06T03:23:45 527413.166 INF Entity zombieMarlene 1171 killed by CostaDelMars 171
2024-11-06T03:23:59 527427.472 INF 527401.7 SleeperVolume -41, 67, 489: Spawning -31, 67, 490 (-2, 30), group 'ZombieGhostTownGroupGS1', class zombieFemaleFat, count 2
2024-11-06T03:23:59 527427.522 INF 527401.7 SleeperVolume -38, 67, 481: Spawning -36, 67, 482 (-3, 30), group 'ZombieGhostTownGroupGS1', class zombieMarlene, count 2
2024-11-06T03:23:59 527427.590 INF 527401.8 SleeperVolume -41, 67, 489: Spawning -31, 67, 492 (-2, 30), group 'ZombieGhostTownGroupGS1', class zombieTomClark, count 2
2024-11-06T03:24:08 527436.608 INF Entity zombieMarlene 1173 killed by CostaDelMars 171
2024-11-06T03:24:13 527441.426 INF Time: 8790.26m FPS: 19.57 Heap: 2050.3MB Max: 2059.7MB Chunks: 769 CGO: 46 Ply: 3 Zom: 4 Ent: 9 (47) Items: 0 CO: 3 RSS: 2419.1MB
2024-11-06T03:24:43 527471.435 INF Time: 8790.76m FPS: 19.54 Heap: 2044.3MB Max: 2059.7MB Chunks: 772 CGO: 43 Ply: 3 Zom: 4 Ent: 8 (46) Items: 0 CO: 3 RSS: 2419.1MB
2024-11-06T03:24:44 527471.840 INF Entity zombieFemaleFat 1172 killed by CostaDelMars 171
2024-11-06T03:24:59 527486.983 INF VehicleManager saving 0 (0 + 0)
2024-11-06T03:24:59 527486.983 INF DroneManager saving 0 (0 + 0)
2024-11-06T03:24:59 527486.984 INF TurretTracker saving 0 (0 + 0)
2024-11-06T03:24:59 527486.985 INF VehicleManager saved 9 bytes
2024-11-06T03:24:59 527486.985 INF DroneManager saved 9 bytes
2024-11-06T03:24:59 527486.986 INF TurretTracker saved 9 bytes
2024-11-06T03:25:00 527487.769 INF Entity zombieTomClark 1174 killed by CostaDelMars 171
2024-11-06T03:25:13 527501.444 INF Time: 8791.26m FPS: 19.60 Heap: 2047.6MB Max: 2059.7MB Chunks: 796 CGO: 36 Ply: 3 Zom: 2 Ent: 7 (46) Items: 0 CO: 3 RSS: 2421.4MB
2024-11-06T03:25:43 527531.499 INF Time: 8791.76m FPS: 19.78 Heap: 2050.9MB Max: 2059.7MB Chunks: 828 CGO: 45 Ply: 3 Zom: 2 Ent: 5 (46) Items: 0 CO: 3 RSS: 2423.4MB
2024-11-06T03:26:13 527561.509 INF Time: 8792.26m FPS: 19.73 Heap: 2053.2MB Max: 2059.7MB Chunks: 828 CGO: 43 Ply: 3 Zom: 2 Ent: 5 (46) Items: 0 CO: 3 RSS: 2422.7MB
[FinishTreasureQuest] Requesting reset at world position: -497, 57, 640
2024-11-06T03:26:43 527591.522 INF Time: 8792.76m FPS: 18.94 Heap: 2048.1MB Max: 2059.7MB Chunks: 828 CGO: 70 Ply: 3 Zom: 5 Ent: 8 (44) Items: 0 CO: 3 RSS: 2423.9MB
2024-11-06T03:26:45 527593.262 INF Computed 415 chunk groups containing a total of 8472 chunks. Largest group contains 449 chunks.
2024-11-06T03:26:45 527593.263 INF MinEventLogMessage: XP gained during the last level:
2024-11-06T03:26:45 527593.263 INF CVarLogValue: $xpFromLootThisLevel == 0
2024-11-06T03:26:45 527593.263 INF CVarLogValue: $xpFromHarvestingThisLevel == 0
2024-11-06T03:26:45 527593.263 INF CVarLogValue: $xpFromKillThisLevel == 0
2024-11-06T03:26:59 527607.002 INF VehicleManager saving 0 (0 + 0)
2024-11-06T03:26:59 527607.002 INF DroneManager saving 0 (0 + 0)
2024-11-06T03:26:59 527607.002 INF TurretTracker saving 0 (0 + 0)
2024-11-06T03:26:59 527607.002 INF VehicleManager saved 9 bytes
2024-11-06T03:26:59 527607.003 INF TurretTracker saved 9 bytes
2024-11-06T03:26:59 527607.003 INF DroneManager saved 9 bytes
2024-11-06T03:27:13 527621.580 INF Time: 8793.26m FPS: 19.56 Heap: 2049.7MB Max: 2059.7MB Chunks: 828 CGO: 57 Ply: 3 Zom: 5 Ent: 8 (47) Items: 0 CO: 3 RSS: 2424.5MB
2024-11-06T03:27:43 527651.622 INF Time: 8793.77m FPS: 19.50 Heap: 2052.0MB Max: 2059.7MB Chunks: 828 CGO: 50 Ply: 3 Zom: 5 Ent: 8 (47) Items: 0 CO: 3 RSS: 2430.6MB
2024-11-06T03:27:52 527660.229 INF Entity zombieBowler 1180 killed by CostaDelMars 171
2024-11-06T03:27:57 527665.066 INF [DECO] written 75674, in 12ms
2024-11-06T03:27:57 527665.067 INF [DECO] write thread 0ms
2024-11-06T03:28:13 527681.666 INF Time: 8794.27m FPS: 19.99 Heap: 2055.3MB Max: 2059.7MB Chunks: 828 CGO: 44 Ply: 3 Zom: 2 Ent: 6 (47) Items: 0 CO: 3 RSS: 2430.8MB
2024-11-06T03:28:43 527711.662 INF Time: 8794.77m FPS: 19.25 Heap: 2048.4MB Max: 2059.7MB Chunks: 828 CGO: 26 Ply: 3 Zom: 2 Ent: 5 (44) Items: 0 CO: 3 RSS: 2426.7MB
2024-11-06T03:28:59 527727.022 INF VehicleManager saving 0 (0 + 0)
2024-11-06T03:28:59 527727.023 INF DroneManager saving 0 (0 + 0)
2024-11-06T03:28:59 527727.023 INF TurretTracker saving 0 (0 + 0)
2024-11-06T03:28:59 527727.024 INF VehicleManager saved 9 bytes
2024-11-06T03:28:59 527727.024 INF TurretTracker saved 9 bytes
2024-11-06T03:28:59 527727.025 INF DroneManager saved 9 bytes
2024-11-06T03:29:13 527741.695 INF Time: 8795.27m FPS: 20.00 Heap: 2054.9MB Max: 2059.7MB Chunks: 828 CGO: 33 Ply: 3 Zom: 2 Ent: 5 (45) Items: 1 CO: 3 RSS: 2426.9MB
2024-11-06T03:29:43 527771.722 INF Time: 8795.77m FPS: 19.96 Heap: 2060.0MB Max: 2060.0MB Chunks: 828 CGO: 33 Ply: 3 Zom: 2 Ent: 5 (45) Items: 1 CO: 3 RSS: 2429.1MB
2024-11-06T03:30:14 527801.752 INF Time: 8796.27m FPS: 19.69 Heap: 2066.1MB Max: 2066.1MB Chunks: 828 CGO: 33 Ply: 3 Zom: 2 Ent: 5 (45) Items: 1 CO: 3 RSS: 2427.8MB
2024-11-06T03:30:44 527831.766 INF Time: 8796.77m FPS: 19.39 Heap: 2048.4MB Max: 2066.1MB Chunks: 828 CGO: 42 Ply: 3 Zom: 2 Ent: 5 (45) Items: 0 CO: 3 RSS: 2430.5MB
2024-11-06T03:30:59 527847.056 INF VehicleManager saving 0 (0 + 0)
2024-11-06T03:30:59 527847.056 INF DroneManager saving 0 (0 + 0)
2024-11-06T03:30:59 527847.057 INF TurretTracker saving 0 (0 + 0)
2024-11-06T03:30:59 527847.058 INF VehicleManager saved 9 bytes
2024-11-06T03:30:59 527847.059 INF DroneManager saved 9 bytes
2024-11-06T03:30:59 527847.059 INF TurretTracker saved 9 bytes
2024-11-06T03:31:14 527861.786 INF Time: 8797.27m FPS: 19.64 Heap: 2051.7MB Max: 2066.1MB Chunks: 828 CGO: 41 Ply: 3 Zom: 2 Ent: 5 (45) Items: 0 CO: 3 RSS: 2430.5MB
2024-11-06T03:31:43 527891.415 INF Entity zombieNurse 1117 killed by CostaDelMars 171
2024-11-06T03:31:44 527891.846 INF Time: 8797.77m FPS: 19.94 Heap: 2055.5MB Max: 2066.1MB Chunks: 828 CGO: 33 Ply: 3 Zom: 1 Ent: 5 (45) Items: 0 CO: 3 RSS: 2430.5MB
2024-11-06T03:32:13 527921.378 INF 527895.6 SleeperVolume -325, 68, 697: Restoring -314, 69, 697 (-20, 43) 'zombieSteve', count 1
2024-11-06T03:32:13 527921.500 INF 527895.8 SleeperVolume -325, 68, 697: Restoring -318, 69, 702 (-20, 43) 'zombieMarlene', count 1
2024-11-06T03:32:13 527921.596 INF 527895.8 SleeperVolume -325, 68, 697: Restoring -322, 69, 697 (-21, 43) 'zombieSteve', count 1
2024-11-06T03:32:14 527921.859 INF Time: 8798.27m FPS: 19.97 Heap: 2063.8MB Max: 2066.1MB Chunks: 828 CGO: 43 Ply: 3 Zom: 4 Ent: 8 (48) Items: 0 CO: 3 RSS: 2434.2MB
2024-11-06T03:32:22 527930.663 INF Entity zombieSteve 1182 killed by directorfitz 172
2024-11-06T03:32:38 527946.074 INF Entity zombieMarlene 1183 killed by directorfitz 172
2024-11-06T03:32:44 527951.869 INF Time: 8798.77m FPS: 19.36 Heap: 2050.2MB Max: 2066.1MB Chunks: 828 CGO: 40 Ply: 3 Zom: 2 Ent: 7 (45) Items: 0 CO: 3 RSS: 2434.5MB
2024-11-06T03:32:59 527967.107 INF VehicleManager saving 0 (0 + 0)
2024-11-06T03:32:59 527967.107 INF DroneManager saving 0 (0 + 0)
2024-11-06T03:32:59 527967.108 INF TurretTracker saving 0 (0 + 0)
2024-11-06T03:32:59 527967.108 INF VehicleManager saved 9 bytes
2024-11-06T03:32:59 527967.108 INF TurretTracker saved 9 bytes
2024-11-06T03:32:59 527967.108 INF DroneManager saved 9 bytes
2024-11-06T03:33:00 527968.583 INF Entity zombieSteve 1184 killed by directorfitz 172
2024-11-06T03:33:14 527981.895 INF Time: 8799.27m FPS: 19.51 Heap: 2053.5MB Max: 2066.1MB Chunks: 828 CGO: 40 Ply: 3 Zom: 1 Ent: 6 (45) Items: 0 CO: 3 RSS: 2438.0MB
2024-11-06T03:33:44 528011.950 INF Time: 8799.77m FPS: 19.93 Heap: 2057.1MB Max: 2066.1MB Chunks: 828 CGO: 34 Ply: 3 Zom: 1 Ent: 4 (45) Items: 0 CO: 3 RSS: 2438.0MB
2024-11-06T03:34:09 528036.779 INF AIDirector: Wandering StartSpawning Horde
2024-11-06T03:34:09 528036.779 INF AIDirector: FindWanderingTargets at player '[type=EntityPlayer, name=conceptxo, id=675]', dist 45.14983
2024-11-06T03:34:09 528036.779 INF Party of 1, game stage 3, enemy max 4, bonus every 12
2024-11-06T03:34:09 528036.779 INF Party members: 
2024-11-06T03:34:09 528036.779 INF Player id 675, gameStage 3
2024-11-06T03:34:09 528036.836 INF AIDirector: Spawned wandering horde (group FwanderingHordeStageGS1, zombie [type=EntityZombie, name=zombieYo, id=1185])
2024-11-06T03:34:10 528037.881 INF AIDirector: Spawned wandering horde (group FwanderingHordeStageGS1, zombie [type=EntityZombie, name=zombieSkateboarder, id=1186])
2024-11-06T03:34:11 528038.982 INF AIDirector: Spawned wandering horde (group FwanderingHordeStageGS1, zombie [type=EntityZombie, name=zombieBoe, id=1187])
2024-11-06T03:34:12 528040.094 INF AIDirector: Spawned wandering horde (group FwanderingHordeStageGS1, zombie [type=EntityZombie, name=zombieJoe, id=1188])
2024-11-06T03:34:12 528040.147 INF AIDirectorGameStagePartySpawner: groups done (1)
2024-11-06T03:34:14 528041.957 INF Time: 8800.27m FPS: 19.90 Heap: 2063.8MB Max: 2066.1MB Chunks: 828 CGO: 44 Ply: 3 Zom: 5 Ent: 8 (49) Items: 0 CO: 5 RSS: 2438.0MB
2024-11-06T03:34:44 528072.033 INF Time: 8800.77m FPS: 19.14 Heap: 2053.6MB Max: 2066.1MB Chunks: 850 CGO: 66 Ply: 3 Zom: 8 Ent: 11 (48) Items: 0 CO: 6 RSS: 2438.9MB
2024-11-06T03:34:59 528087.208 INF VehicleManager saving 0 (0 + 0)
2024-11-06T03:34:59 528087.208 INF DroneManager saving 0 (0 + 0)
2024-11-06T03:34:59 528087.209 INF TurretTracker saving 0 (0 + 0)
2024-11-06T03:34:59 528087.209 INF VehicleManager saved 9 bytes
2024-11-06T03:34:59 528087.209 INF DroneManager saved 9 bytes
2024-11-06T03:34:59 528087.210 INF TurretTracker saved 9 bytes
2024-11-06T03:35:01 528089.230 INF 528063.4 SleeperVolume -325, 74, 686: Restoring -314, 74, 694 (-20, 43) 'animalBoar', count 8
2024-11-06T03:35:01 528089.232 INF 528063.4 SleeperVolume -318, 74, 697: Restoring -315, 78, 697 (-20, 43) 'zombieMarlene', count 8
2024-11-06T03:35:01 528089.343 INF 528063.6 SleeperVolume -325, 74, 686: Restoring -316, 74, 694 (-20, 43) 'animalBoar', count 8
2024-11-06T03:35:14 528102.103 INF Time: 8801.27m FPS: 19.47 Heap: 2058.0MB Max: 2066.1MB Chunks: 862 CGO: 62 Ply: 3 Zom: 9 Ent: 14 (51) Items: 0 CO: 7 RSS: 2445.8MB
2024-11-06T03:35:24 528112.528 INF Entity zombieSteveCrawler 1189 killed by CostaDelMars 171
2024-11-06T03:35:26 528113.775 INF Entity zombieMarlene 1193 killed by directorfitz 172
2024-11-06T03:35:44 528132.161 INF Time: 8801.77m FPS: 19.51 Heap: 2062.0MB Max: 2066.1MB Chunks: 862 CGO: 66 Ply: 3 Zom: 7 Ent: 14 (51) Items: 0 CO: 5 RSS: 2447.0MB
2024-11-06T03:36:08 528156.389 INF 528130.6 SleeperVolume 61, 59, 659: Spawning 67, 63, 662 (4, 41), group 'ZombieGhostTownGroupGS1', class zombieSkateboarder, count 7
2024-11-06T03:36:08 528156.511 INF 528130.8 SleeperVolume 61, 59, 659: Spawning 63, 63, 663 (3, 41), group 'ZombieGhostTownGroupGS1', class zombieBoe, count 7
2024-11-06T03:36:12 528160.121 INF 528134.4 SleeperVolume 61, 59, 653: Spawning 70, 60, 658 (4, 41), group 'sleeperHordeStageGS11', class zombieJoe, count 9
2024-11-06T03:36:14 528162.195 INF Time: 8802.27m FPS: 19.75 Heap: 2067.2MB Max: 2067.2MB Chunks: 862 CGO: 75 Ply: 3 Zom: 11 Ent: 17 (56) Items: 0 CO: 5 RSS: 2447.3MB
2024-11-06T03:36:36 528184.716 INF Entity zombieSkateboarder 1195 killed by CostaDelMars 171
2024-11-06T03:36:43 528191.217 INF Entity zombieBoe 1196 killed by CostaDelMars 171
2024-11-06T03:36:44 528192.221 INF Time: 8802.77m FPS: 18.80 Heap: 2054.4MB Max: 2067.2MB Chunks: 862 CGO: 74 Ply: 3 Zom: 9 Ent: 16 (47) Items: 0 CO: 5 RSS: 2451.7MB
2024-11-06T03:36:49 528197.213 INF 528171.4 SleeperVolume 61, 59, 653: Restoring 70, 60, 658 (4, 41) 'zombieJoe', count 8
2024-11-06T03:36:56 528204.482 INF 528178.7 SleeperVolume 72, 59, 653: Spawning 72, 60, 665 (4, 41), group 'sleeperHordeStageGS11', class zombieUtilityWorker, count 9
2024-11-06T03:36:56 528204.583 INF 528178.8 SleeperVolume 72, 59, 653: Spawning 74, 60, 664 (4, 41), group 'VultureGroup', class animalZombieVulture, count 9
2024-11-06T03:36:59 528207.251 INF VehicleManager saving 0 (0 + 0)
2024-11-06T03:36:59 528207.251 INF DroneManager saving 0 (0 + 0)
2024-11-06T03:36:59 528207.252 INF TurretTracker saving 0 (0 + 0)
2024-11-06T03:36:59 528207.253 INF VehicleManager saved 9 bytes
2024-11-06T03:36:59 528207.253 INF DroneManager saved 9 bytes
2024-11-06T03:36:59 528207.253 INF TurretTracker saved 9 bytes
2024-11-06T03:37:14 528222.260 INF Time: 8803.28m FPS: 19.65 Heap: 2059.0MB Max: 2067.2MB Chunks: 862 CGO: 71 Ply: 3 Zom: 10 Ent: 17 (51) Items: 0 CO: 5 RSS: 2456.6MB
2024-11-06T03:37:44 528252.271 INF Time: 8803.78m FPS: 19.77 Heap: 2065.0MB Max: 2067.2MB Chunks: 862 CGO: 86 Ply: 3 Zom: 11 Ent: 17 (53) Items: 0 CO: 5 RSS: 2458.1MB
2024-11-06T03:38:14 528282.297 INF Time: 8804.28m FPS: 19.70 Heap: 2074.0MB Max: 2074.0MB Chunks: 862 CGO: 78 Ply: 3 Zom: 10 Ent: 16 (53) Items: 0 CO: 5 RSS: 2459.4MB
2024-11-06T03:38:44 528312.317 INF Time: 8804.78m FPS: 19.47 Heap: 2057.8MB Max: 2074.0MB Chunks: 862 CGO: 78 Ply: 3 Zom: 11 Ent: 15 (47) Items: 0 CO: 5 RSS: 2464.7MB
2024-11-06T03:38:51 528319.405 INF Entity zombieUtilityWorker 1202 killed by CostaDelMars 171
2024-11-06T03:38:59 528327.277 INF VehicleManager saving 0 (0 + 0)
2024-11-06T03:38:59 528327.277 INF DroneManager saving 0 (0 + 0)
2024-11-06T03:38:59 528327.278 INF TurretTracker saving 0 (0 + 0)
2024-11-06T03:38:59 528327.279 INF VehicleManager saved 9 bytes
2024-11-06T03:38:59 528327.279 INF DroneManager saved 9 bytes
2024-11-06T03:38:59 528327.279 INF TurretTracker saved 9 bytes
2024-11-06T03:39:00 528328.498 INF 528302.7 SleeperVolume 61, 59, 659: Spawning 63, 63, 662 (3, 41), group 'ZombieGhostTownGroupGS1', class zombieSteveCrawler, count 10
2024-11-06T03:39:00 528328.499 WRN Spawn zombieSteveCrawler can't walk on block sleeperIdle 23997 with walkType 21
2024-11-06T03:39:01 528328.762 INF 528303 SleeperVolume 61, 59, 659: Spawning 63, 63, 663 (3, 41), group 'ZombieGhostTownGroupGS1', class zombieMarlene, count 9
2024-11-06T03:39:01 528328.948 INF 528303.2 SleeperVolume 61, 59, 659: Spawning 67, 63, 663 (4, 41), group 'ZombieGhostTownGroupGS1', class zombieSteve, count 9
2024-11-06T03:39:02 528330.697 INF 528304.9 SleeperVolume 72, 59, 653: Spawning 72, 60, 665 (4, 41), group 'sleeperHordeStageGS11', class zombieArlene, count 11
2024-11-06T03:39:03 528330.838 INF 528305.1 SleeperVolume 72, 59, 653: Spawning 74, 60, 664 (4, 41), group 'VultureGroup', class animalZombieVulture, count 11
2024-11-06T03:39:08 528335.901 INF 528310.1 SleeperVolume -320, 43, 686: Restoring -319, 44, 707 (-20, 44) 'animalBossGrace', count 13
2024-11-06T03:39:09 528337.348 INF Entity animalZombieVulture 1203 killed by CostaDelMars 171
2024-11-06T03:39:14 528342.329 INF Entity zombieYo 1190 killed by CostaDelMars 171
2024-11-06T03:39:14 528342.334 INF Time: 8805.28m FPS: 19.52 Heap: 2061.8MB Max: 2074.0MB Chunks: 862 CGO: 77 Ply: 3 Zom: 13 Ent: 19 (53) Items: 0 CO: 5 RSS: 2464.8MB
2024-11-06T03:39:21 528349.691 INF 528323.9 SleeperVolume 61, 59, 653: Spawning 66, 60, 654 (4, 40), group 'sleeperHordeStageGS11', class zombieJanitor, count 12
2024-11-06T03:39:39 528367.334 INF Entity zombieMarlene 1209 killed by CostaDelMars 171
2024-11-06T03:39:43 528370.840 INF Entity zombieSteve 1210 killed by CostaDelMars 171
2024-11-06T03:39:44 528372.337 INF Time: 8805.78m FPS: 19.55 Heap: 2065.9MB Max: 2074.0MB Chunks: 862 CGO: 76 Ply: 3 Zom: 10 Ent: 18 (54) Items: 0 CO: 5 RSS: 2464.8MB
2024-11-06T03:40:13 528401.631 INF Entity animalZombieVulture 1212 killed by CostaDelMars 171
2024-11-06T03:40:14 528402.402 INF Time: 8806.28m FPS: 19.27 Heap: 2073.4MB Max: 2074.0MB Chunks: 862 CGO: 84 Ply: 3 Zom: 11 Ent: 17 (55) Items: 0 CO: 5 RSS: 2466.1MB
2024-11-06T03:40:23 528410.894 INF Entity zombieArlene 1211 killed by CostaDelMars 171
2024-11-06T03:40:32 528420.085 INF 528394.3 SleeperVolume -117, 59, 603: Restoring -117, 62, 607 (-8, 37) 'zombieMoe', count 9
2024-11-06T03:40:44 528432.442 INF Time: 8806.78m FPS: 19.21 Heap: 2057.1MB Max: 2074.0MB Chunks: 862 CGO: 77 Ply: 3 Zom: 10 Ent: 16 (48) Items: 0 CO: 5 RSS: 2466.1MB
2024-11-06T03:40:45 528433.381 INF Entity zombieJanitor 1214 killed by CostaDelMars 171
2024-11-06T03:40:47 528435.018 INF 528409.3 SleeperVolume -112, 61, 615: Restoring -96, 61, 615 (-6, 38) 'animalZombieDog', count 9
2024-11-06T03:40:59 528447.291 INF VehicleManager saving 0 (0 + 0)
2024-11-06T03:40:59 528447.291 INF DroneManager saving 0 (0 + 0)
2024-11-06T03:40:59 528447.291 INF TurretTracker saving 0 (0 + 0)
2024-11-06T03:40:59 528447.291 INF VehicleManager saved 9 bytes
2024-11-06T03:40:59 528447.291 INF DroneManager saved 9 bytes
2024-11-06T03:40:59 528447.291 INF TurretTracker saved 9 bytes
2024-11-06T03:41:14 528462.484 INF Time: 8807.28m FPS: 19.56 Heap: 2060.7MB Max: 2074.0MB Chunks: 862 CGO: 76 Ply: 3 Zom: 9 Ent: 15 (50) Items: 0 CO: 5 RSS: 2466.4MB
2024-11-06T03:41:44 528492.502 INF Time: 8807.78m FPS: 19.52 Heap: 2065.1MB Max: 2074.0MB Chunks: 862 CGO: 75 Ply: 3 Zom: 9 Ent: 14 (50) Items: 0 CO: 5 RSS: 2466.6MB
2024-11-06T03:42:14 528522.553 INF Time: 8808.28m FPS: 19.65 Heap: 2069.4MB Max: 2074.0MB Chunks: 862 CGO: 76 Ply: 3 Zom: 7 Ent: 12 (50) Items: 0 CO: 5 RSS: 2466.6MB
2024-11-06T03:42:35 528543.533 INF 528517.8 SleeperVolume -117, 59, 603: Restoring -117, 62, 607 (-8, 37) 'zombieMoe', count 7
2024-11-06T03:42:39 528546.971 INF 528521.2 SleeperVolume -129, 59, 585: Restoring -123, 65, 588 (-8, 36) 'zombieTomClark', count 8
2024-11-06T03:42:44 528552.588 INF Time: 8808.78m FPS: 19.80 Heap: 2055.9MB Max: 2074.0MB Chunks: 862 CGO: 71 Ply: 3 Zom: 9 Ent: 14 (51) Items: 0 CO: 5 RSS: 2466.6MB
2024-11-06T03:42:52 528560.721 INF Entity zombieSkateboarder 1215 killed by directorfitz 172
2024-11-06T03:42:55 528563.345 INF Entity zombieSkateboarder 1186 killed
2024-11-06T03:42:55 528563.401 INF AIDirector: Wandering horde zombie '[type=EntityZombie, name=zombieSkateboarder, id=1186]' removed from control
2024-11-06T03:42:59 528567.322 INF VehicleManager saving 0 (0 + 0)
2024-11-06T03:42:59 528567.322 INF DroneManager saving 0 (0 + 0)
2024-11-06T03:42:59 528567.323 INF TurretTracker saving 0 (0 + 0)
2024-11-06T03:42:59 528567.323 INF VehicleManager saved 9 bytes
2024-11-06T03:42:59 528567.324 INF DroneManager saved 9 bytes
2024-11-06T03:42:59 528567.324 INF TurretTracker saved 9 bytes
2024-11-06T03:43:14 528582.618 INF Time: 8809.28m FPS: 19.76 Heap: 2059.7MB Max: 2074.0MB Chunks: 862 CGO: 65 Ply: 3 Zom: 4 Ent: 10 (52) Items: 0 CO: 5 RSS: 2467.0MB
2024-11-06T03:43:44 528612.685 INF Time: 8809.78m FPS: 19.75 Heap: 2063.9MB Max: 2074.0MB Chunks: 862 CGO: 46 Ply: 3 Zom: 4 Ent: 8 (52) Items: 0 CO: 5 RSS: 2467.0MB
2024-11-06T03:44:14 528642.720 INF Time: 8810.28m FPS: 19.99 Heap: 2068.3MB Max: 2074.0MB Chunks: 862 CGO: 43 Ply: 3 Zom: 4 Ent: 8 (52) Items: 0 CO: 5 RSS: 2468.0MB
2024-11-06T03:44:45 528672.791 INF Time: 8810.78m FPS: 18.99 Heap: 2054.3MB Max: 2074.0MB Chunks: 862 CGO: 78 Ply: 3 Zom: 9 Ent: 13 (51) Items: 0 CO: 5 RSS: 2468.4MB
2024-11-06T03:44:49 528676.985 INF 528651.2 SleeperVolume -209, 71, 674: Spawning -207, 71, 674 (-13, 42), group 'zombieSpider', class zombieSpider, count 9
2024-11-06T03:44:49 528677.136 INF 528651.3 SleeperVolume -209, 71, 674: Spawning -207, 71, 682 (-13, 42), group 'zombieSpider', class zombieSpider, count 9
2024-11-06T03:44:59 528687.363 INF VehicleManager saving 0 (0 + 0)
2024-11-06T03:44:59 528687.363 INF DroneManager saving 0 (0 + 0)
2024-11-06T03:44:59 528687.363 INF TurretTracker saving 0 (0 + 0)
2024-11-06T03:44:59 528687.364 INF VehicleManager saved 9 bytes
2024-11-06T03:44:59 528687.364 INF DroneManager saved 9 bytes
2024-11-06T03:44:59 528687.364 INF TurretTracker saved 9 bytes
2024-11-06T03:45:15 528702.810 INF Time: 8811.28m FPS: 20.04 Heap: 2059.5MB Max: 2074.0MB Chunks: 862 CGO: 91 Ply: 3 Zom: 11 Ent: 15 (53) Items: 0 CO: 5 RSS: 2466.7MB
2024-11-06T03:45:45 528732.873 INF Time: 8811.78m FPS: 19.56 Heap: 2063.4MB Max: 2074.0MB Chunks: 862 CGO: 79 Ply: 3 Zom: 11 Ent: 14 (53) Items: 0 CO: 5 RSS: 2466.7MB
2024-11-06T03:46:15 528762.897 INF Time: 8812.29m FPS: 19.62 Heap: 2069.2MB Max: 2074.0MB Chunks: 862 CGO: 76 Ply: 3 Zom: 11 Ent: 14 (53) Items: 0 CO: 5 RSS: 2466.7MB
2024-11-06T03:46:45 528792.909 INF Time: 8812.79m FPS: 19.11 Heap: 2054.7MB Max: 2074.0MB Chunks: 862 CGO: 68 Ply: 3 Zom: 10 Ent: 13 (50) Items: 0 CO: 5 RSS: 2466.7MB
2024-11-06T03:46:59 528807.383 INF VehicleManager saving 0 (0 + 0)
2024-11-06T03:46:59 528807.383 INF DroneManager saving 0 (0 + 0)
2024-11-06T03:46:59 528807.384 INF TurretTracker saving 0 (0 + 0)
2024-11-06T03:46:59 528807.384 INF VehicleManager saved 9 bytes
2024-11-06T03:46:59 528807.385 INF TurretTracker saved 9 bytes
2024-11-06T03:46:59 528807.386 INF DroneManager saved 9 bytes
2024-11-06T03:47:09 528817.288 INF AIDirector: Wandering horde zombie '[type=EntityZombie, name=zombieYo, id=1185]' removed from control
2024-11-06T03:47:15 528822.909 INF Time: 8813.29m FPS: 19.53 Heap: 2058.4MB Max: 2074.0MB Chunks: 862 CGO: 82 Ply: 3 Zom: 12 Ent: 15 (52) Items: 0 CO: 5 RSS: 2466.7MB
2024-11-06T03:47:45 528852.948 INF Time: 8813.79m FPS: 19.73 Heap: 2062.6MB Max: 2074.0MB Chunks: 862 CGO: 81 Ply: 3 Zom: 12 Ent: 15 (52) Items: 0 CO: 5 RSS: 2466.7MB
2024-11-06T03:48:15 528883.035 INF Time: 8814.29m FPS: 19.79 Heap: 2067.2MB Max: 2074.0MB Chunks: 862 CGO: 70 Ply: 3 Zom: 11 Ent: 14 (52) Items: 0 CO: 5 RSS: 2466.7MB
2024-11-06T03:48:45 528913.052 INF Time: 8814.79m FPS: 18.98 Heap: 2054.4MB Max: 2074.0MB Chunks: 862 CGO: 70 Ply: 3 Zom: 11 Ent: 14 (51) Items: 0 CO: 5 RSS: 2466.7MB
2024-11-06T03:48:59 528927.412 INF VehicleManager saving 0 (0 + 0)
2024-11-06T03:48:59 528927.412 INF DroneManager saving 0 (0 + 0)
2024-11-06T03:48:59 528927.413 INF TurretTracker saving 0 (0 + 0)
2024-11-06T03:48:59 528927.414 INF VehicleManager saved 9 bytes
2024-11-06T03:48:59 528927.415 INF DroneManager saved 9 bytes
2024-11-06T03:48:59 528927.416 INF TurretTracker saved 9 bytes
2024-11-06T03:49:15 528943.096 INF Time: 8815.29m FPS: 19.96 Heap: 2056.1MB Max: 2074.0MB Chunks: 862 CGO: 68 Ply: 3 Zom: 11 Ent: 14 (52) Items: 0 CO: 5 RSS: 2469.4MB
2024-11-06T03:49:22 528950.474 INF Entity zombieMarlene 1222 killed by directorfitz 172
2024-11-06T03:49:45 528973.103 INF Time: 8815.79m FPS: 19.96 Heap: 2061.5MB Max: 2074.0MB Chunks: 862 CGO: 71 Ply: 3 Zom: 10 Ent: 15 (53) Items: 0 CO: 5 RSS: 2469.4MB
2024-11-06T03:49:59 528986.841 INF [DECO] written 75674, in 38ms
2024-11-06T03:49:59 528986.843 INF [DECO] write thread 2ms
2024-11-06T03:50:15 529003.119 INF Time: 8816.29m FPS: 19.68 Heap: 2065.0MB Max: 2074.0MB Chunks: 862 CGO: 75 Ply: 3 Zom: 10 Ent: 14 (53) Items: 0 CO: 5 RSS: 2469.3MB
2024-11-06T03:50:45 529033.122 INF Time: 8816.79m FPS: 18.92 Heap: 2055.6MB Max: 2074.0MB Chunks: 862 CGO: 72 Ply: 3 Zom: 10 Ent: 15 (51) Items: 1 CO: 5 RSS: 2469.3MB
2024-11-06T03:50:59 529046.901 INF [DECO] written 75674, in 19ms
2024-11-06T03:50:59 529046.904 INF [DECO] write thread 3ms
2024-11-06T03:50:59 529047.418 INF VehicleManager saving 0 (0 + 0)
2024-11-06T03:50:59 529047.418 INF DroneManager saving 0 (0 + 0)
2024-11-06T03:50:59 529047.419 INF TurretTracker saving 0 (0 + 0)
2024-11-06T03:50:59 529047.420 INF VehicleManager saved 9 bytes
2024-11-06T03:50:59 529047.421 INF DroneManager saved 9 bytes
2024-11-06T03:50:59 529047.421 INF TurretTracker saved 9 bytes
2024-11-06T03:51:12 529060.633 INF Computed 415 chunk groups containing a total of 8472 chunks. Largest group contains 449 chunks.
2024-11-06T03:51:15 529063.154 INF Time: 8817.29m FPS: 19.96 Heap: 2057.0MB Max: 2074.0MB Chunks: 862 CGO: 63 Ply: 3 Zom: 9 Ent: 14 (51) Items: 1 CO: 5 RSS: 2469.3MB
2024-11-06T03:51:23 529070.999 INF Entity zombieYo 1230 killed by CostaDelMars 171
2024-11-06T03:51:45 529093.154 INF Time: 8817.79m FPS: 19.78 Heap: 2059.3MB Max: 2074.0MB Chunks: 862 CGO: 69 Ply: 3 Zom: 9 Ent: 15 (52) Items: 1 CO: 5 RSS: 2469.2MB
2024-11-06T03:52:15 529123.227 INF Time: 8818.29m FPS: 19.79 Heap: 2061.3MB Max: 2074.0MB Chunks: 862 CGO: 62 Ply: 3 Zom: 8 Ent: 12 (52) Items: 1 CO: 5 RSS: 2469.2MB
2024-11-06T03:52:45 529153.281 INF Time: 8818.79m FPS: 19.75 Heap: 2055.5MB Max: 2074.0MB Chunks: 862 CGO: 55 Ply: 3 Zom: 8 Ent: 11 (51) Items: 0 CO: 5 RSS: 2469.3MB
2024-11-06T03:52:59 529167.440 INF VehicleManager saving 0 (0 + 0)
2024-11-06T03:52:59 529167.440 INF DroneManager saving 0 (0 + 0)
2024-11-06T03:52:59 529167.440 INF TurretTracker saving 0 (0 + 0)
2024-11-06T03:52:59 529167.440 INF VehicleManager saved 9 bytes
2024-11-06T03:52:59 529167.440 INF TurretTracker saved 9 bytes
2024-11-06T03:52:59 529167.441 INF DroneManager saved 9 bytes
2024-11-06T03:53:15 529183.299 INF Time: 8819.29m FPS: 19.90 Heap: 2056.6MB Max: 2074.0MB Chunks: 862 CGO: 51 Ply: 3 Zom: 8 Ent: 11 (51) Items: 0 CO: 5 RSS: 2469.3MB
2024-11-06T03:53:45 529213.361 INF Time: 8819.79m FPS: 19.87 Heap: 2059.6MB Max: 2074.0MB Chunks: 862 CGO: 56 Ply: 3 Zom: 8 Ent: 11 (51) Items: 0 CO: 5 RSS: 2469.3MB
2024-11-06T03:54:15 529243.388 INF Time: 8820.29m FPS: 19.74 Heap: 2061.9MB Max: 2074.0MB Chunks: 862 CGO: 70 Ply: 3 Zom: 9 Ent: 12 (52) Items: 0 CO: 5 RSS: 2468.9MB
2024-11-06T03:54:45 529273.423 INF Time: 8820.79m FPS: 19.70 Heap: 2055.9MB Max: 2074.0MB Chunks: 862 CGO: 64 Ply: 3 Zom: 8 Ent: 11 (52) Items: 0 CO: 5 RSS: 2468.2MB
2024-11-06T03:54:59 529287.508 INF VehicleManager saving 0 (0 + 0)
2024-11-06T03:54:59 529287.508 INF DroneManager saving 0 (0 + 0)
2024-11-06T03:54:59 529287.508 INF TurretTracker saving 0 (0 + 0)
2024-11-06T03:54:59 529287.508 INF TurretTracker saved 9 bytes
2024-11-06T03:54:59 529287.508 INF DroneManager saved 9 bytes
2024-11-06T03:54:59 529287.516 INF VehicleManager saved 9 bytes
2024-11-06T03:55:15 529303.500 INF Time: 8821.30m FPS: 19.66 Heap: 2058.9MB Max: 2074.0MB Chunks: 862 CGO: 73 Ply: 3 Zom: 8 Ent: 12 (55) Items: 0 CO: 5 RSS: 2468.0MB
2024-11-06T03:55:44 529332.450 INF 529306.6 SleeperVolume -112, 61, 615: Restoring -96, 61, 615 (-6, 38) 'animalZombieDog', count 8
2024-11-06T03:55:45 529333.550 INF Time: 8821.80m FPS: 19.50 Heap: 2062.3MB Max: 2074.0MB Chunks: 862 CGO: 73 Ply: 3 Zom: 9 Ent: 13 (56) Items: 0 CO: 5 RSS: 2468.6MB
2024-11-06T03:55:53 529341.583 INF Entity animalSnake 1224 killed by CostaDelMars 171
2024-11-06T03:56:15 529363.572 INF Time: 8822.30m FPS: 19.73 Heap: 2070.3MB Max: 2074.0MB Chunks: 862 CGO: 79 Ply: 3 Zom: 8 Ent: 12 (57) Items: 0 CO: 5 RSS: 2470.0MB
2024-11-06T03:56:45 529393.642 INF Time: 8822.80m FPS: 19.53 Heap: 2063.2MB Max: 2074.0MB Chunks: 862 CGO: 111 Ply: 3 Zom: 11 Ent: 16 (54) Items: 0 CO: 5 RSS: 2493.4MB
2024-11-06T03:56:59 529407.551 INF VehicleManager saving 0 (0 + 0)
2024-11-06T03:56:59 529407.551 INF DroneManager saving 0 (0 + 0)
2024-11-06T03:56:59 529407.551 INF TurretTracker saving 0 (0 + 0)
2024-11-06T03:56:59 529407.552 INF VehicleManager saved 9 bytes
2024-11-06T03:56:59 529407.552 INF DroneManager saved 9 bytes
2024-11-06T03:56:59 529407.552 INF TurretTracker saved 9 bytes
2024-11-06T03:57:15 529423.651 INF Time: 8823.30m FPS: 19.66 Heap: 2065.9MB Max: 2074.0MB Chunks: 862 CGO: 106 Ply: 3 Zom: 11 Ent: 15 (55) Items: 0 CO: 5 RSS: 2493.4MB
2024-11-06T03:57:29 529436.951 INF AIDirector: Wandering horde zombie '[type=EntityZombie, name=zombieJoe, id=1188]' removed from control
2024-11-06T03:57:45 529453.685 INF Time: 8823.80m FPS: 19.54 Heap: 2071.0MB Max: 2074.0MB Chunks: 862 CGO: 107 Ply: 3 Zom: 13 Ent: 17 (62) Items: 0 CO: 4 RSS: 2492.8MB
2024-11-06T03:58:11 529478.834 INF Entity zombieNurse 1247 killed by CostaDelMars 171
2024-11-06T03:58:15 529483.704 INF Time: 8824.30m FPS: 19.03 Heap: 2076.0MB Max: 2076.0MB Chunks: 862 CGO: 127 Ply: 3 Zom: 14 Ent: 19 (66) Items: 0 CO: 4 RSS: 2494.7MB
2024-11-06T03:58:45 529513.739 INF Time: 8824.80m FPS: 19.71 Heap: 2066.7MB Max: 2076.0MB Chunks: 862 CGO: 128 Ply: 3 Zom: 13 Ent: 18 (55) Items: 0 CO: 4 RSS: 2498.1MB
2024-11-06T03:58:59 529527.569 INF VehicleManager saving 0 (0 + 0)
2024-11-06T03:58:59 529527.570 INF DroneManager saving 0 (0 + 0)
2024-11-06T03:58:59 529527.570 INF TurretTracker saving 0 (0 + 0)
2024-11-06T03:58:59 529527.571 INF VehicleManager saved 9 bytes
2024-11-06T03:58:59 529527.571 INF DroneManager saved 9 bytes
2024-11-06T03:58:59 529527.572 INF TurretTracker saved 9 bytes
2024-11-06T03:59:16 529543.765 INF Time: 8825.30m FPS: 19.53 Heap: 2068.4MB Max: 2076.0MB Chunks: 862 CGO: 123 Ply: 3 Zom: 14 Ent: 19 (59) Items: 0 CO: 4 RSS: 2503.9MB
2024-11-06T03:59:46 529573.797 INF Time: 8825.80m FPS: 19.51 Heap: 2070.4MB Max: 2076.0MB Chunks: 862 CGO: 115 Ply: 3 Zom: 13 Ent: 18 (61) Items: 0 CO: 4 RSS: 2504.4MB
2024-11-06T04:00:16 529603.806 INF Time: 8826.30m FPS: 20.12 Heap: 2076.5MB Max: 2076.5MB Chunks: 862 CGO: 107 Ply: 3 Zom: 12 Ent: 17 (64) Items: 0 CO: 4 RSS: 2504.7MB
2024-11-06T04:00:46 529633.859 INF Time: 8826.80m FPS: 19.65 Heap: 2067.0MB Max: 2076.5MB Chunks: 862 CGO: 97 Ply: 3 Zom: 11 Ent: 15 (54) Items: 0 CO: 4 RSS: 2504.5MB
2024-11-06T04:00:59 529647.616 INF VehicleManager saving 0 (0 + 0)
2024-11-06T04:00:59 529647.616 INF DroneManager saving 0 (0 + 0)
2024-11-06T04:00:59 529647.616 INF TurretTracker saving 0 (0 + 0)
2024-11-06T04:00:59 529647.616 INF VehicleManager saved 9 bytes
2024-11-06T04:00:59 529647.617 INF DroneManager saved 9 bytes
2024-11-06T04:00:59 529647.617 INF TurretTracker saved 9 bytes
2024-11-06T04:01:13 529661.610 INF Entity zombieDarleneFeral 1256 killed
2024-11-06T04:01:16 529663.946 INF Time: 8827.30m FPS: 19.77 Heap: 2067.9MB Max: 2076.5MB Chunks: 862 CGO: 84 Ply: 3 Zom: 10 Ent: 15 (56) Items: 0 CO: 4 RSS: 2504.5MB
2024-11-06T04:01:21 529668.827 INF Computed 415 chunk groups containing a total of 8472 chunks. Largest group contains 449 chunks.
2024-11-06T04:01:36 529684.472 INF AIDirector: Wandering horde zombie '[type=EntityZombie, name=zombieBoe, id=1187]' removed from horde control. Was killed or investigating
2024-11-06T04:01:36 529684.472 INF AIDirector: Wandering horde zombie '[type=EntityZombie, name=zombieBoe, id=1187]' removed from control
2024-11-06T04:01:36 529684.537 INF AIDirector: Wandering spawner finished Horde
2024-11-06T04:01:46 529693.944 INF Time: 8827.80m FPS: 19.73 Heap: 2072.5MB Max: 2076.5MB Chunks: 862 CGO: 74 Ply: 3 Zom: 10 Ent: 15 (56) Items: 0 CO: 3 RSS: 2504.5MB
2024-11-06T04:02:10 529717.835 INF MinEventLogMessage: XP gained during the last level:
2024-11-06T04:02:10 529717.835 INF CVarLogValue: $xpFromLootThisLevel == 0
2024-11-06T04:02:10 529717.835 INF CVarLogValue: $xpFromHarvestingThisLevel == 0
2024-11-06T04:02:10 529717.835 INF CVarLogValue: $xpFromKillThisLevel == 0
2024-11-06T04:02:16 529723.952 INF Time: 8828.30m FPS: 19.80 Heap: 2076.7MB Max: 2076.7MB Chunks: 862 CGO: 66 Ply: 3 Zom: 9 Ent: 13 (56) Items: 0 CO: 3 RSS: 2504.5MB
2024-11-06T04:02:46 529754.017 INF Time: 8828.80m FPS: 19.38 Heap: 2062.6MB Max: 2076.7MB Chunks: 862 CGO: 66 Ply: 3 Zom: 9 Ent: 13 (55) Items: 0 CO: 3 RSS: 2505.0MB
2024-11-06T04:02:59 529767.623 INF VehicleManager saving 0 (0 + 0)
2024-11-06T04:02:59 529767.623 INF DroneManager saving 0 (0 + 0)
2024-11-06T04:02:59 529767.623 INF TurretTracker saving 0 (0 + 0)
2024-11-06T04:02:59 529767.624 INF VehicleManager saved 9 bytes
2024-11-06T04:02:59 529767.625 INF DroneManager saved 9 bytes
2024-11-06T04:02:59 529767.625 INF TurretTracker saved 9 bytes
2024-11-06T04:03:00 529767.769 INF [DECO] written 75674, in 16ms
2024-11-06T04:03:00 529767.771 INF [DECO] write thread 2ms
2024-11-06T04:03:15 529783.414 INF Entity zombieSteveCrawler 1246 killed
2024-11-06T04:03:16 529784.036 INF Time: 8829.30m FPS: 19.71 Heap: 2066.2MB Max: 2076.7MB Chunks: 862 CGO: 61 Ply: 3 Zom: 8 Ent: 12 (55) Items: 0 CO: 3 RSS: 2505.0MB
2024-11-06T04:03:43 529810.773 INF Entity zombieDarlene 1252 killed by directorfitz 172
2024-11-06T04:03:46 529814.043 INF Time: 8829.80m FPS: 19.68 Heap: 2071.2MB Max: 2076.7MB Chunks: 862 CGO: 56 Ply: 3 Zom: 7 Ent: 12 (55) Items: 0 CO: 3 RSS: 2505.0MB
2024-11-06T04:04:04 529832.327 INF Entity zombieBoe 1187 killed by CostaDelMars 171
2024-11-06T04:04:16 529844.053 INF Time: 8830.30m FPS: 19.88 Heap: 2076.2MB Max: 2076.7MB Chunks: 862 CGO: 49 Ply: 3 Zom: 6 Ent: 11 (56) Items: 0 CO: 3 RSS: 2505.5MB
2024-11-06T04:04:46 529874.056 INF Time: 8830.80m FPS: 19.32 Heap: 2063.1MB Max: 2076.7MB Chunks: 862 CGO: 45 Ply: 3 Zom: 4 Ent: 7 (53) Items: 0 CO: 3 RSS: 2505.9MB
2024-11-06T04:04:59 529887.636 INF VehicleManager saving 0 (0 + 0)
2024-11-06T04:04:59 529887.637 INF DroneManager saving 0 (0 + 0)
2024-11-06T04:04:59 529887.637 INF TurretTracker saving 0 (0 + 0)
2024-11-06T04:04:59 529887.645 INF VehicleManager saved 9 bytes
2024-11-06T04:04:59 529887.645 INF DroneManager saved 9 bytes
2024-11-06T04:04:59 529887.645 INF TurretTracker saved 9 bytes
2024-11-06T04:05:16 529904.072 INF Time: 8831.30m FPS: 19.57 Heap: 2066.9MB Max: 2076.7MB Chunks: 862 CGO: 47 Ply: 3 Zom: 5 Ent: 8 (54) Items: 0 CO: 3 RSS: 2505.9MB
2024-11-06T04:05:16 529904.689 INF Entity animalSnake 1223 killed by conceptxo 675
2024-11-06T04:05:46 529934.106 INF Time: 8831.81m FPS: 19.96 Heap: 2071.2MB Max: 2076.7MB Chunks: 862 CGO: 31 Ply: 3 Zom: 3 Ent: 6 (54) Items: 0 CO: 3 RSS: 2505.9MB
2024-11-06T04:06:16 529964.166 INF Time: 8832.31m FPS: 19.62 Heap: 2078.1MB Max: 2078.1MB Chunks: 862 CGO: 28 Ply: 3 Zom: 3 Ent: 6 (54) Items: 0 CO: 3 RSS: 2506.1MB
2024-11-06T04:06:24 529972.592 INF 529946.8 SleeperVolume -112, 61, 615: Restoring -96, 61, 615 (-6, 38) 'animalZombieDog', count 3
2024-11-06T04:06:46 529994.192 INF Time: 8832.81m FPS: 19.71 Heap: 2062.9MB Max: 2078.1MB Chunks: 862 CGO: 28 Ply: 3 Zom: 4 Ent: 7 (52) Items: 0 CO: 3 RSS: 2506.3MB
2024-11-06T04:06:59 530007.680 INF VehicleManager saving 0 (0 + 0)
2024-11-06T04:06:59 530007.681 INF DroneManager saving 0 (0 + 0)
2024-11-06T04:06:59 530007.681 INF TurretTracker saving 0 (0 + 0)
2024-11-06T04:06:59 530007.682 INF VehicleManager saved 9 bytes
2024-11-06T04:06:59 530007.683 INF TurretTracker saved 9 bytes
2024-11-06T04:06:59 530007.683 INF DroneManager saved 9 bytes
2024-11-06T04:07:16 530024.204 INF Time: 8833.31m FPS: 19.91 Heap: 2066.2MB Max: 2078.1MB Chunks: 862 CGO: 35 Ply: 3 Zom: 4 Ent: 7 (52) Items: 0 CO: 3 RSS: 2506.3MB
2024-11-06T04:07:46 530054.227 INF Time: 8833.81m FPS: 19.51 Heap: 2069.8MB Max: 2078.1MB Chunks: 862 CGO: 32 Ply: 3 Zom: 4 Ent: 7 (52) Items: 0 CO: 3 RSS: 2506.4MB
2024-11-06T04:08:16 530084.241 INF Time: 8834.31m FPS: 19.80 Heap: 2074.0MB Max: 2078.1MB Chunks: 862 CGO: 36 Ply: 3 Zom: 4 Ent: 7 (52) Items: 0 CO: 3 RSS: 2506.6MB
2024-11-06T04:08:46 530114.271 INF Time: 8834.81m FPS: 19.69 Heap: 2062.1MB Max: 2078.1MB Chunks: 862 CGO: 50 Ply: 3 Zom: 4 Ent: 8 (52) Items: 0 CO: 3 RSS: 2506.6MB
2024-11-06T04:08:59 530127.721 INF VehicleManager saving 0 (0 + 0)
2024-11-06T04:08:59 530127.721 INF DroneManager saving 0 (0 + 0)
2024-11-06T04:08:59 530127.722 INF TurretTracker saving 0 (0 + 0)
2024-11-06T04:08:59 530127.723 INF VehicleManager saved 9 bytes
2024-11-06T04:08:59 530127.723 INF DroneManager saved 9 bytes
2024-11-06T04:08:59 530127.724 INF TurretTracker saved 9 bytes
2024-11-06T04:09:00 530127.959 INF Entity animalSnake 1226 killed
2024-11-06T04:09:16 530144.271 INF Time: 8835.31m FPS: 19.76 Heap: 2065.4MB Max: 2078.1MB Chunks: 862 CGO: 42 Ply: 3 Zom: 3 Ent: 7 (52) Items: 0 CO: 3 RSS: 2506.6MB
2024-11-06T04:09:46 530174.271 INF Time: 8835.81m FPS: 19.94 Heap: 2070.9MB Max: 2078.1MB Chunks: 862 CGO: 48 Ply: 3 Zom: 3 Ent: 8 (54) Items: 0 CO: 3 RSS: 2506.6MB
2024-11-06T04:10:16 530204.298 INF Time: 8836.31m FPS: 19.68 Heap: 2074.9MB Max: 2078.1MB Chunks: 862 CGO: 57 Ply: 3 Zom: 4 Ent: 9 (55) Items: 0 CO: 3 RSS: 2506.6MB
2024-11-06T04:10:46 530234.350 INF Time: 8836.81m FPS: 19.79 Heap: 2063.0MB Max: 2078.1MB Chunks: 862 CGO: 47 Ply: 3 Zom: 3 Ent: 7 (51) Items: 0 CO: 3 RSS: 2508.6MB
2024-11-06T04:11:00 530247.759 INF VehicleManager saving 0 (0 + 0)
2024-11-06T04:11:00 530247.759 INF DroneManager saving 0 (0 + 0)
2024-11-06T04:11:00 530247.760 INF TurretTracker saving 0 (0 + 0)
2024-11-06T04:11:00 530247.761 INF VehicleManager saved 9 bytes
2024-11-06T04:11:00 530247.761 INF DroneManager saved 9 bytes
2024-11-06T04:11:00 530247.761 INF TurretTracker saved 9 bytes
2024-11-06T04:11:16 530264.392 INF Time: 8837.31m FPS: 19.67 Heap: 2066.6MB Max: 2078.1MB Chunks: 862 CGO: 40 Ply: 3 Zom: 3 Ent: 7 (51) Items: 0 CO: 3 RSS: 2508.6MB
2024-11-06T04:11:46 530294.401 INF Time: 8837.81m FPS: 19.73 Heap: 2072.1MB Max: 2078.1MB Chunks: 862 CGO: 37 Ply: 3 Zom: 3 Ent: 7 (51) Items: 0 CO: 3 RSS: 2508.6MB
2024-11-06T04:12:16 530324.480 INF Time: 8838.31m FPS: 19.80 Heap: 2075.9MB Max: 2078.1MB Chunks: 862 CGO: 46 Ply: 3 Zom: 3 Ent: 7 (51) Items: 0 CO: 3 RSS: 2508.6MB
2024-11-06T04:12:45 530352.818 INF Player conceptxo disconnected after 58.4 minutes
2024-11-06T04:12:45 530352.998 INF DynamicMusic: 675 successfully removed from Bloodmoon state cache
2024-11-06T04:12:45 530352.999 INF Client disconnected from dy mesh: Id: 675 Total: 4
2024-11-06T04:12:45 530352.999 INF Player disconnected: EntityID=675, PltfmId='Steam_76561197969472572', CrossId='EOS_00021eebf2db42e69d23b452b65f6d24', OwnerID='Steam_76561197969472572', PlayerName='conceptxo', ClientNumber='3'
2024-11-06T04:12:45 530352.999 INF Exited thread NCS_Reader_2_0
2024-11-06T04:12:45 530353.000 INF Exited thread NCS_Writer_2_1
2024-11-06T04:12:45 530353.000 INF Exited thread NCS_Reader_2_1
2024-11-06T04:12:45 530353.000 INF Exited thread NCS_Writer_2_0
2024-11-06T04:12:45 530353.002 INF [EOS-ACS] FreeUser: EntityID=675, PltfmId='Steam_76561197969472572', CrossId='EOS_00021eebf2db42e69d23b452b65f6d24', OwnerID='Steam_76561197969472572', PlayerName='conceptxo', ClientNumber='3'
2024-11-06T04:12:45 530353.005 INF NET: LiteNetLib: Client disconnect from: 173.92.69.216:34769 / 2 (RemoteConnectionClose)
2024-11-06T04:12:45 530353.012 INF GMSG: Player 'conceptxo' left the game
2024-11-06T04:12:45 530353.014 INF NET: LiteNetLib: MT: Client disconnect from: 173.92.69.216:34769 / 2 (RemoteConnectionClose)
2024-11-06T04:12:46 530354.518 INF Time: 8838.81m FPS: 19.64 Heap: 2062.5MB Max: 2078.1MB Chunks: 862 CGO: 33 Ply: 2 Zom: 1 Ent: 4 (51) Items: 0 CO: 2 RSS: 2515.4MB
2024-11-06T04:13:00 530367.786 INF VehicleManager saving 0 (0 + 0)
2024-11-06T04:13:00 530367.786 INF DroneManager saving 0 (0 + 0)
2024-11-06T04:13:00 530367.787 INF TurretTracker saving 0 (0 + 0)
2024-11-06T04:13:00 530367.788 INF VehicleManager saved 9 bytes
2024-11-06T04:13:00 530367.789 INF DroneManager saved 9 bytes
2024-11-06T04:13:00 530367.789 INF TurretTracker saved 9 bytes
2024-11-06T04:13:16 530384.543 INF Time: 8839.31m FPS: 19.96 Heap: 2372.0MB Max: 2372.0MB Chunks: 862 CGO: 46 Ply: 2 Zom: 2 Ent: 6 (55) Items: 0 CO: 2 RSS: 2814.3MB
2024-11-06T04:13:46 530414.573 INF Time: 8839.81m FPS: 19.69 Heap: 2377.9MB Max: 2377.9MB Chunks: 862 CGO: 62 Ply: 2 Zom: 3 Ent: 7 (58) Items: 0 CO: 2 RSS: 2818.6MB
2024-11-06T04:14:04 530432.686 INF 530406.9 SleeperVolume -209, 71, 674: Restoring -207, 71, 682 (-13, 42) 'zombieSpider', count 3
2024-11-06T04:14:05 530432.789 INF 530406.9 SleeperVolume -209, 71, 674: Restoring -207, 71, 674 (-13, 42) 'zombieSpider', count 3
2024-11-06T04:14:16 530444.606 INF Time: 8840.31m FPS: 19.72 Heap: 2384.6MB Max: 2384.6MB Chunks: 862 CGO: 55 Ply: 2 Zom: 5 Ent: 9 (63) Items: 0 CO: 2 RSS: 2822.9MB
2024-11-06T04:14:46 530474.632 INF Time: 8840.81m FPS: 19.74 Heap: 1665.5MB Max: 2384.6MB Chunks: 818 CGO: 48 Ply: 2 Zom: 3 Ent: 7 (59) Items: 1 CO: 2 RSS: 2828.2MB
2024-11-06T04:15:00 530487.809 INF VehicleManager saving 0 (0 + 0)
2024-11-06T04:15:00 530487.809 INF DroneManager saving 0 (0 + 0)
2024-11-06T04:15:00 530487.810 INF TurretTracker saving 0 (0 + 0)
2024-11-06T04:15:00 530487.811 INF VehicleManager saved 9 bytes
2024-11-06T04:15:00 530487.811 INF DroneManager saved 9 bytes
2024-11-06T04:15:00 530487.812 INF TurretTracker saved 9 bytes
2024-11-06T04:15:16 530504.637 INF Time: 8841.31m FPS: 20.03 Heap: 1666.2MB Max: 2384.6MB Chunks: 818 CGO: 45 Ply: 2 Zom: 3 Ent: 7 (59) Items: 1 CO: 2 RSS: 2828.2MB
2024-11-06T04:15:46 530534.715 INF Time: 8841.81m FPS: 19.91 Heap: 1666.9MB Max: 2384.6MB Chunks: 818 CGO: 45 Ply: 2 Zom: 3 Ent: 7 (59) Items: 1 CO: 2 RSS: 2828.2MB
2024-11-06T04:16:17 530564.767 INF Time: 8842.32m FPS: 19.79 Heap: 1667.8MB Max: 2384.6MB Chunks: 818 CGO: 35 Ply: 2 Zom: 2 Ent: 6 (59) Items: 1 CO: 2 RSS: 2828.2MB
2024-11-06T04:16:47 530594.767 INF Time: 8842.82m FPS: 19.85 Heap: 1661.5MB Max: 2384.6MB Chunks: 818 CGO: 48 Ply: 2 Zom: 2 Ent: 6 (59) Items: 0 CO: 2 RSS: 2828.2MB
2024-11-06T04:17:00 530607.873 INF VehicleManager saving 0 (0 + 0)
2024-11-06T04:17:00 530607.881 INF DroneManager saving 0 (0 + 0)
2024-11-06T04:17:00 530607.883 INF TurretTracker saving 0 (0 + 0)
2024-11-06T04:17:00 530607.884 INF VehicleManager saved 9 bytes
2024-11-06T04:17:00 530607.885 INF TurretTracker saved 9 bytes
2024-11-06T04:17:00 530607.885 INF DroneManager saved 9 bytes
2024-11-06T04:17:01 530608.794 INF [DECO] written 75674, in 26ms
2024-11-06T04:17:01 530608.797 INF [DECO] write thread 2ms
2024-11-06T04:17:12 530619.916 INF 530594.1 SleeperVolume -959, 75, 493: Spawning -953, 79, 504 (-60, 31), group 'ZombieGhostTownGroupGS1', class zombieTomClark, count 2
2024-11-06T04:17:12 530619.924 INF 530594.1 SleeperVolume -951, 84, 498: Spawning -949, 87, 500 (-60, 31), group 'sleeperHordeStageGS11', class zombieArlene, count 2
2024-11-06T04:17:12 530620.082 INF 530594.3 SleeperVolume -959, 75, 493: Spawning -959, 80, 503 (-60, 31), group 'ZombiesCrawlers', class zombieSteveCrawler, count 2
2024-11-06T04:17:17 530624.784 INF Time: 8843.32m FPS: 19.96 Heap: 1662.3MB Max: 2384.6MB Chunks: 818 CGO: 52 Ply: 2 Zom: 5 Ent: 9 (62) Items: 0 CO: 2 RSS: 2829.3MB
2024-11-06T04:17:31 530639.414 INF Entity zombieSteveCrawler 1281 killed by directorfitz 172
2024-11-06T04:17:47 530654.844 INF Time: 8843.82m FPS: 19.75 Heap: 1663.3MB Max: 2384.6MB Chunks: 818 CGO: 58 Ply: 2 Zom: 4 Ent: 9 (62) Items: 0 CO: 2 RSS: 2829.6MB
2024-11-06T04:18:04 530672.079 INF GMSG: Player 'directorfitz' died
2024-11-06T04:18:04 530672.081 INF 10602014 EntityBackpack id 1282, plyrId 172, (0.0, 0.0, 0.0) (0, 0), chunk False (0, 0, 0), items 32 ammo762mmBulletBall, foodBaconAndEggs at (0, 0, 0, xz 0 0) : Read
2024-11-06T04:18:04 530672.089 INF 10602014 EntityBackpack id 1282, plyrId 172, (-939.9, 85.0, 479.5) (-59, 29), chunk True (-59, 5, 29), items 32 ammo762mmBulletBall, foodBaconAndEggs at (0, 0, 0, xz 0 0) : Write
2024-11-06T04:18:04 530672.093 INF 10602014 EntityBackpack id 1282, plyrId 172, (-939.9, 85.0, 479.5) (-59, 29), chunk True (-59, 5, 29), items 32 ammo762mmBulletBall, foodBaconAndEggs at (0, 0, 0, xz 0 0) : Start
2024-11-06T04:18:04 530672.601 INF 10602024 EntityBackpack id 1282, plyrId 172, (-939.9, 84.2, 479.5) (-59, 29), chunk True (-59, 5, 29), items 32 ammo762mmBulletBall, foodBaconAndEggs at (0, 0, 0, xz 0 0) : Write
2024-11-06T04:18:17 530684.840 INF Time: 8844.32m FPS: 19.97 Heap: 1664.3MB Max: 2384.6MB Chunks: 818 CGO: 35 Ply: 2 Zom: 4 Ent: 7 (64) Items: 1 CO: 2 RSS: 2829.6MB
2024-11-06T04:18:23 530690.923 INF PlayerSpawnedInWorld (reason: Died, position: -1002, 89, 448): EntityID=172, PltfmId='Steam_76561198053631854', CrossId='EOS_000204481cce44489a328d6fcefc5fd7', OwnerID='Steam_76561198053631854', PlayerName='directorfitz', ClientNumber='1'
2024-11-06T04:18:38 530706.565 INF 10602695 EntityBackpack id 1282, plyrId 172, (-946.6, 72.3, 478.8) (-60, 29), chunk True (-60, 4, 29), items 32 ammo762mmBulletBall, foodBaconAndEggs at (0, 0, 0, xz 0 0) : Write
2024-11-06T04:18:47 530714.885 INF Time: 8844.82m FPS: 19.92 Heap: 1660.6MB Max: 2384.6MB Chunks: 818 CGO: 35 Ply: 2 Zom: 4 Ent: 6 (61) Items: 1 CO: 2 RSS: 2830.4MB
2024-11-06T04:19:00 530727.873 INF VehicleManager saving 0 (0 + 0)
2024-11-06T04:19:00 530727.873 INF DroneManager saving 0 (0 + 0)
2024-11-06T04:19:00 530727.874 INF TurretTracker saving 0 (0 + 0)
2024-11-06T04:19:00 530727.874 INF VehicleManager saved 9 bytes
2024-11-06T04:19:00 530727.874 INF DroneManager saved 9 bytes
2024-11-06T04:19:00 530727.874 INF TurretTracker saved 9 bytes
2024-11-06T04:19:08 530736.590 INF 10603288 EntityBackpack id 1282, plyrId 172, (-946.6, 72.3, 478.8) (-60, 29), chunk True (-60, 4, 29), items 32 ammo762mmBulletBall, foodBaconAndEggs at (0, 0, 0, xz 0 0) : Write
2024-11-06T04:19:10 530737.750 INF 530711.9 SleeperVolume -955, 69, 470: Spawning -940, 77, 487 (-59, 30), group 'ZombieGhostTownGroupGS1', class zombieYo, count 3
2024-11-06T04:19:12 530740.315 INF 530714.4 SleeperVolume -952, 74, 454: Spawning -944, 74, 462 (-59, 28), group 'ZombieGhostTownGroupGS1', class zombieSteveCrawler, count 4
2024-11-06T04:19:14 530741.767 INF 530715.9 SleeperVolume -962, 74, 455: Spawning -960, 75, 462 (-60, 28), group 'zombieUtilityWorkerGroupGS1', class zombieUtilityWorker, count 5
2024-11-06T04:19:14 530741.946 INF 530716.1 SleeperVolume -962, 74, 455: Spawning -958, 74, 461 (-60, 28), group 'zombieUtilityWorkerGroupGS1', class zombieJanitor, count 5
2024-11-06T04:19:17 530744.899 INF Time: 8845.32m FPS: 19.87 Heap: 1661.4MB Max: 2384.6MB Chunks: 818 CGO: 38 Ply: 2 Zom: 7 Ent: 10 (66) Items: 1 CO: 2 RSS: 2830.0MB
2024-11-06T04:19:18 530746.553 INF 10603484 EntityBackpack id 1282, plyrId 172, (-946.6, 72.3, 478.8) (-60, 29), chunk True (-60, 4, 29), items 0  at (0, 0, 0, xz 0 0) : RemoveBackpack empty True, reason empty
2024-11-06T04:19:18 530746.553 INF 10603484 EntityBackpack id 1282, plyrId 172, (-946.6, 72.3, 478.8) (-60, 29), chunk True (-60, 4, 29), items 0  at (0, 0, 0, xz 0 0) : RemoveBackpack empty True, reason old
2024-11-06T04:19:18 530746.553 INF 10603484 EntityBackpack id 1282, plyrId 172, (-946.6, 72.3, 478.8) (-60, 29), chunk True (-60, 4, 29), items 0  at (0, 0, 0, xz 0 0) : OnEntityUnload markedForUnload False, IsDead True, IsDespawned False
2024-11-06T04:19:30 530758.475 INF Entity zombieTomClark 1279 killed by directorfitz 172
2024-11-06T04:19:47 530774.912 INF Time: 8845.82m FPS: 19.59 Heap: 1662.7MB Max: 2384.6MB Chunks: 818 CGO: 33 Ply: 2 Zom: 3 Ent: 7 (67) Items: 1 CO: 2 RSS: 2831.4MB
2024-11-06T04:19:49 530776.909 INF Entity zombieYo 1285 killed by directorfitz 172
2024-11-06T04:19:58 530786.088 INF Entity zombieArlene 1280 killed by directorfitz 172
2024-11-06T04:20:08 530796.533 INF 530770.7 SleeperVolume -962, 74, 455: Restoring -958, 74, 461 (-60, 28) 'zombieJanitor', count 1
2024-11-06T04:20:08 530796.692 INF 530770.8 SleeperVolume -962, 74, 455: Restoring -960, 75, 462 (-60, 28) 'zombieUtilityWorker', count 1
2024-11-06T04:20:17 530804.945 INF Time: 8846.32m FPS: 19.75 Heap: 1666.6MB Max: 2384.6MB Chunks: 818 CGO: 51 Ply: 2 Zom: 5 Ent: 10 (72) Items: 1 CO: 2 RSS: 2831.4MB
2024-11-06T04:20:19 530807.042 INF Entity zombieSteveCrawler 1286 killed by directorfitz 172
2024-11-06T04:20:33 530821.181 INF 530795.3 SleeperVolume 81, 59, 443: Spawning 82, 63, 448 (5, 28), group 'sleeperHordeStageGS14', class zombieJoe, count 4
2024-11-06T04:20:34 530821.805 INF 530795.9 SleeperVolume 84, 59, 453: Spawning 84, 63, 457 (5, 28), group 'sleeperHordeStageGS14', class zombieUtilityWorker, count 5
2024-11-06T04:20:34 530821.812 INF 530795.9 SleeperVolume 84, 59, 449: Spawning 84, 63, 450 (5, 28), group 'sleeperHordeStageGS14', class zombieJoe, count 5
2024-11-06T04:20:40 530827.869 INF Entity zombieJoe 1296 killed by CostaDelMars 171
2024-11-06T04:20:47 530834.945 INF Time: 8846.82m FPS: 19.67 Heap: 1664.7MB Max: 2384.6MB Chunks: 818 CGO: 44 Ply: 2 Zom: 6 Ent: 11 (59) Items: 0 CO: 2 RSS: 2832.2MB
2024-11-06T04:20:50 530838.131 INF Entity zombieJanitor 1290 killed by directorfitz 172
2024-11-06T04:20:51 530839.500 INF Entity zombieUtilityWorker 1291 killed by directorfitz 172
2024-11-06T04:20:55 530843.144 INF Entity zombieUtilityWorker 1295 killed by CostaDelMars 171
2024-11-06T04:21:00 530847.890 INF VehicleManager saving 0 (0 + 0)
2024-11-06T04:21:00 530847.890 INF DroneManager saving 0 (0 + 0)
2024-11-06T04:21:00 530847.891 INF TurretTracker saving 0 (0 + 0)
2024-11-06T04:21:00 530847.892 INF VehicleManager saved 9 bytes
2024-11-06T04:21:00 530847.892 INF DroneManager saved 9 bytes
2024-11-06T04:21:00 530847.893 INF TurretTracker saved 9 bytes
2024-11-06T04:21:01 530849.114 INF [DECO] written 75674, in 13ms
2024-11-06T04:21:01 530849.115 INF [DECO] write thread 1ms
2024-11-06T04:21:03 530851.510 INF 530825.7 SleeperVolume -966, 82, 463: Spawning -963, 83, 470 (-61, 29), group 'ZombieGhostTownGroupGS1', class zombieSteve, count 3
2024-11-06T04:21:03 530851.710 INF 530825.9 SleeperVolume -966, 82, 463: Spawning -958, 84, 477 (-60, 29), group 'ZombieGhostTownGroupGS1', class zombieArlene, count 3
2024-11-06T04:21:17 530864.976 INF Time: 8847.32m FPS: 19.99 Heap: 1665.7MB Max: 2384.6MB Chunks: 818 CGO: 49 Ply: 2 Zom: 5 Ent: 12 (61) Items: 0 CO: 2 RSS: 2832.2MB
2024-11-06T04:21:22 530870.650 INF Entity zombieSteve 1297 killed by directorfitz 172
2024-11-06T04:21:26 530873.965 INF Entity zombieJoe 1294 killed by CostaDelMars 171
2024-11-06T04:21:27 530875.337 INF Entity zombieArlene 1298 killed by directorfitz 172
2024-11-06T04:21:47 530895.056 INF Time: 8847.82m FPS: 19.58 Heap: 1667.3MB Max: 2384.6MB Chunks: 818 CGO: 49 Ply: 2 Zom: 2 Ent: 8 (61) Items: 0 CO: 2 RSS: 2832.7MB
2024-11-06T04:22:04 530911.783 INF 530885.9 SleeperVolume 81, 67, 443: Spawning 83, 68, 452 (5, 28), group 'ZombieBikerBarGroupGS1', class zombieJanitor, count 2
2024-11-06T04:22:04 530911.949 INF 530886.1 SleeperVolume 81, 67, 443: Spawning 84, 68, 444 (5, 27), group 'ZombieBikerBarGroupGS1', class zombieMoe, count 2
2024-11-06T04:22:04 530912.027 INF 530886.2 SleeperVolume 81, 67, 443: Spawning 83, 68, 443 (5, 27), group 'ZombieBikerBarGroupGS1', class zombieUtilityWorker, count 2
2024-11-06T04:22:04 530912.131 INF 530886.3 SleeperVolume 81, 67, 443: Spawning 84, 68, 443 (5, 27), group 'ZombieBikerBarGroupGS1', class zombieSkateboarder, count 2
2024-11-06T04:22:09 530916.824 INF Entity zombieSkateboarder 1302 killed by CostaDelMars 171
2024-11-06T04:22:17 530925.085 INF Time: 8848.32m FPS: 19.85 Heap: 1670.4MB Max: 2384.6MB Chunks: 818 CGO: 47 Ply: 2 Zom: 5 Ent: 9 (66) Items: 0 CO: 2 RSS: 2832.7MB
2024-11-06T04:22:31 530939.153 INF Entity zombieMoe 1300 killed by CostaDelMars 171
2024-11-06T04:22:36 530944.410 INF Entity zombieUtilityWorker 1301 killed by CostaDelMars 171
2024-11-06T04:22:47 530955.108 INF Time: 8848.82m FPS: 20.00 Heap: 1663.7MB Max: 2384.6MB Chunks: 818 CGO: 43 Ply: 2 Zom: 4 Ent: 8 (59) Items: 0 CO: 2 RSS: 2832.5MB
2024-11-06T04:22:55 530962.773 INF Entity zombieJanitor 1299 killed by CostaDelMars 171
2024-11-06T04:23:00 530967.924 INF VehicleManager saving 0 (0 + 0)
2024-11-06T04:23:00 530967.924 INF DroneManager saving 0 (0 + 0)
2024-11-06T04:23:00 530967.924 INF TurretTracker saving 0 (0 + 0)
2024-11-06T04:23:00 530967.925 INF VehicleManager saved 9 bytes
2024-11-06T04:23:00 530967.925 INF DroneManager saved 9 bytes
2024-11-06T04:23:00 530967.925 INF TurretTracker saved 9 bytes
2024-11-06T04:23:17 530985.151 INF Time: 8849.32m FPS: 19.55 Heap: 1665.3MB Max: 2384.6MB Chunks: 818 CGO: 69 Ply: 2 Zom: 6 Ent: 9 (62) Items: 0 CO: 2 RSS: 2833.0MB
2024-11-06T04:23:31 530999.663 INF 530973.8 SleeperVolume -862, 60, 628: Restoring -859, 72, 630 (-54, 39) 'zombieDarlene', count 6
2024-11-06T04:23:47 531015.218 INF Time: 8849.82m FPS: 19.87 Heap: 1667.6MB Max: 2384.6MB Chunks: 818 CGO: 65 Ply: 2 Zom: 7 Ent: 9 (63) Items: 0 CO: 2 RSS: 2833.2MB
2024-11-06T04:24:17 531045.241 INF Time: 8850.32m FPS: 19.75 Heap: 1669.0MB Max: 2384.6MB Chunks: 818 CGO: 63 Ply: 2 Zom: 7 Ent: 9 (63) Items: 0 CO: 2 RSS: 2833.2MB
2024-11-06T04:24:38 531065.868 INF 531040 SleeperVolume 56, 61, 439: Spawning 59, 61, 440 (3, 27), group 'sleeperHordeStageGS14', class zombieTomClark, count 7
2024-11-06T04:24:43 531071.247 INF Entity zombieDarlene 1308 killed by directorfitz 172
2024-11-06T04:24:47 531075.247 INF Time: 8850.82m FPS: 19.59 Heap: 1663.1MB Max: 2384.6MB Chunks: 818 CGO: 62 Ply: 2 Zom: 7 Ent: 10 (62) Items: 0 CO: 2 RSS: 2833.3MB
2024-11-06T04:24:47 531075.360 INF Entity zombieTomClark 1309 killed by CostaDelMars 171
2024-11-06T04:25:00 531087.953 INF VehicleManager saving 0 (0 + 0)
2024-11-06T04:25:00 531087.953 INF DroneManager saving 0 (0 + 0)
2024-11-06T04:25:00 531087.953 INF TurretTracker saving 0 (0 + 0)
2024-11-06T04:25:00 531087.955 INF VehicleManager saved 9 bytes
2024-11-06T04:25:00 531087.955 INF DroneManager saved 9 bytes
2024-11-06T04:25:00 531087.956 INF TurretTracker saved 9 bytes
2024-11-06T04:25:17 531105.310 INF Time: 8851.32m FPS: 19.89 Heap: 1664.2MB Max: 2384.6MB Chunks: 818 CGO: 57 Ply: 2 Zom: 6 Ent: 10 (63) Items: 0 CO: 2 RSS: 2833.3MB
2024-11-06T04:25:47 531135.318 INF Time: 8851.82m FPS: 19.51 Heap: 1665.3MB Max: 2384.6MB Chunks: 818 CGO: 48 Ply: 2 Zom: 6 Ent: 8 (63) Items: 0 CO: 2 RSS: 2833.6MB
2024-11-06T04:26:17 531165.338 INF Time: 8852.33m FPS: 19.78 Heap: 1666.6MB Max: 2384.6MB Chunks: 818 CGO: 30 Ply: 2 Zom: 4 Ent: 6 (63) Items: 0 CO: 2 RSS: 2833.6MB
2024-11-06T04:26:21 531169.471 INF 531143.6 SleeperVolume -129, 59, 585: Restoring -123, 65, 588 (-8, 36) 'zombieTomClark', count 4
2024-11-06T04:26:47 531195.352 INF Time: 8852.83m FPS: 19.81 Heap: 1662.6MB Max: 2384.6MB Chunks: 818 CGO: 39 Ply: 2 Zom: 5 Ent: 7 (61) Items: 0 CO: 2 RSS: 2833.6MB
2024-11-06T04:27:00 531207.966 INF VehicleManager saving 0 (0 + 0)
2024-11-06T04:27:00 531207.966 INF DroneManager saving 0 (0 + 0)
2024-11-06T04:27:00 531207.966 INF TurretTracker saving 0 (0 + 0)
2024-11-06T04:27:00 531207.967 INF VehicleManager saved 9 bytes
2024-11-06T04:27:00 531207.968 INF DroneManager saved 9 bytes
2024-11-06T04:27:00 531207.968 INF TurretTracker saved 9 bytes
2024-11-06T04:27:02 531210.532 INF Computed 415 chunk groups containing a total of 8472 chunks. Largest group contains 449 chunks.
2024-11-06T04:27:07 531214.846 INF Entity zombieTomClark 1304 killed by directorfitz 172
2024-11-06T04:27:10 531218.535 INF Entity zombieSteveCrawler 1306 killed by directorfitz 172
2024-11-06T04:27:17 531225.364 INF Time: 8853.33m FPS: 19.75 Heap: 1663.6MB Max: 2384.6MB Chunks: 818 CGO: 39 Ply: 2 Zom: 3 Ent: 7 (61) Items: 0 CO: 2 RSS: 2833.9MB
2024-11-06T04:27:47 531255.374 INF Time: 8853.83m FPS: 19.65 Heap: 1664.6MB Max: 2384.6MB Chunks: 818 CGO: 36 Ply: 2 Zom: 3 Ent: 6 (61) Items: 0 CO: 2 RSS: 2833.9MB
2024-11-06T04:28:17 531285.393 INF Time: 8854.33m FPS: 19.76 Heap: 1672.2MB Max: 2384.6MB Chunks: 818 CGO: 48 Ply: 2 Zom: 4 Ent: 6 (62) Items: 0 CO: 2 RSS: 2835.2MB
2024-11-06T04:28:47 531315.406 INF Time: 8854.83m FPS: 19.68 Heap: 1681.1MB Max: 2384.6MB Chunks: 818 CGO: 32 Ply: 2 Zom: 1 Ent: 4 (62) Items: 0 CO: 2 RSS: 2391.3MB
2024-11-06T04:29:00 531327.967 INF VehicleManager saving 0 (0 + 0)
2024-11-06T04:29:00 531327.967 INF DroneManager saving 0 (0 + 0)
2024-11-06T04:29:00 531327.967 INF TurretTracker saving 0 (0 + 0)
2024-11-06T04:29:00 531327.969 INF VehicleManager saved 9 bytes
2024-11-06T04:29:00 531327.969 INF TurretTracker saved 9 bytes
2024-11-06T04:29:00 531327.969 INF DroneManager saved 9 bytes
2024-11-06T04:29:17 531345.449 INF Time: 8855.33m FPS: 19.79 Heap: 1691.5MB Max: 2384.6MB Chunks: 818 CGO: 58 Ply: 2 Zom: 3 Ent: 7 (65) Items: 0 CO: 2 RSS: 2395.5MB
2024-11-06T04:29:47 531375.456 INF Time: 8855.83m FPS: 19.93 Heap: 1692.9MB Max: 2384.6MB Chunks: 818 CGO: 53 Ply: 2 Zom: 3 Ent: 7 (66) Items: 0 CO: 2 RSS: 2395.5MB
2024-11-06T04:30:17 531405.456 INF Time: 8856.33m FPS: 19.82 Heap: 1694.1MB Max: 2384.6MB Chunks: 818 CGO: 56 Ply: 2 Zom: 3 Ent: 7 (66) Items: 0 CO: 2 RSS: 2395.5MB
2024-11-06T04:30:47 531435.475 INF Time: 8856.83m FPS: 19.93 Heap: 1690.4MB Max: 2384.6MB Chunks: 818 CGO: 50 Ply: 2 Zom: 2 Ent: 6 (61) Items: 0 CO: 2 RSS: 2296.5MB
2024-11-06T04:31:00 531448.023 INF VehicleManager saving 0 (0 + 0)
2024-11-06T04:31:00 531448.023 INF DroneManager saving 0 (0 + 0)
2024-11-06T04:31:00 531448.023 INF TurretTracker saving 0 (0 + 0)
2024-11-06T04:31:00 531448.025 INF VehicleManager saved 9 bytes
2024-11-06T04:31:00 531448.025 INF DroneManager saved 9 bytes
2024-11-06T04:31:00 531448.025 INF TurretTracker saved 9 bytes
2024-11-06T04:31:17 531465.483 INF Time: 8857.33m FPS: 19.64 Heap: 1691.2MB Max: 2384.6MB Chunks: 818 CGO: 31 Ply: 2 Zom: 2 Ent: 4 (61) Items: 0 CO: 2 RSS: 2296.5MB
2024-11-06T04:31:47 531495.494 INF Time: 8857.83m FPS: 19.87 Heap: 1692.0MB Max: 2384.6MB Chunks: 818 CGO: 27 Ply: 2 Zom: 2 Ent: 4 (79) Items: 18 CO: 2 RSS: 2296.5MB
2024-11-06T04:32:17 531525.544 INF Time: 8858.33m FPS: 19.63 Heap: 1694.3MB Max: 2384.6MB Chunks: 818 CGO: 25 Ply: 2 Zom: 1 Ent: 3 (79) Items: 18 CO: 2 RSS: 2296.5MB
2024-11-06T04:32:47 531555.583 INF Time: 8858.83m FPS: 20.07 Heap: 1691.1MB Max: 2384.6MB Chunks: 818 CGO: 33 Ply: 2 Zom: 2 Ent: 4 (62) Items: 0 CO: 2 RSS: 2289.5MB
2024-11-06T04:33:00 531568.053 INF VehicleManager saving 0 (0 + 0)
2024-11-06T04:33:00 531568.053 INF DroneManager saving 0 (0 + 0)
2024-11-06T04:33:00 531568.053 INF TurretTracker saving 0 (0 + 0)
2024-11-06T04:33:00 531568.053 INF VehicleManager saved 9 bytes
2024-11-06T04:33:00 531568.053 INF DroneManager saved 9 bytes
2024-11-06T04:33:00 531568.053 INF TurretTracker saved 9 bytes
2024-11-06T04:33:17 531585.671 INF Time: 8859.33m FPS: 19.76 Heap: 1692.9MB Max: 2384.6MB Chunks: 818 CGO: 17 Ply: 2 Zom: 0 Ent: 2 (62) Items: 0 CO: 2 RSS: 2290.4MB
2024-11-06T04:33:47 531615.687 INF Time: 8859.83m FPS: 19.90 Heap: 1694.8MB Max: 2384.6MB Chunks: 818 CGO: 9 Ply: 2 Zom: 0 Ent: 2 (62) Items: 0 CO: 2 RSS: 2290.9MB
2024-11-06T04:34:17 531645.690 INF Time: 8860.33m FPS: 19.98 Heap: 1695.9MB Max: 2384.6MB Chunks: 818 CGO: 9 Ply: 2 Zom: 0 Ent: 2 (62) Items: 0 CO: 2 RSS: 2291.2MB
2024-11-06T04:34:48 531675.761 INF Time: 8860.83m FPS: 19.97 Heap: 1691.1MB Max: 2384.6MB Chunks: 818 CGO: 12 Ply: 2 Zom: 0 Ent: 2 (62) Items: 0 CO: 2 RSS: 2291.4MB
2024-11-06T04:34:52 531680.011 INF Player CostaDelMars disconnected after 119.6 minutes
2024-11-06T04:34:52 531680.184 INF DynamicMusic: 171 successfully removed from Bloodmoon state cache
2024-11-06T04:34:52 531680.184 INF Client disconnected from dy mesh: Id: 171 Total: 3
2024-11-06T04:34:52 531680.184 INF Player disconnected: EntityID=171, PltfmId='Steam_76561199036446150', CrossId='EOS_0002f1e01ad44091a9b0bde8c30901e7', OwnerID='Steam_76561199036446150', PlayerName='CostaDelMars', ClientNumber='2'
2024-11-06T04:34:52 531680.184 INF Exited thread NCS_Writer_1_0
2024-11-06T04:34:52 531680.184 INF Exited thread NCS_Reader_1_0
2024-11-06T04:34:52 531680.184 INF Exited thread NCS_Reader_1_1
2024-11-06T04:34:52 531680.184 INF [EOS-ACS] FreeUser: EntityID=171, PltfmId='Steam_76561199036446150', CrossId='EOS_0002f1e01ad44091a9b0bde8c30901e7', OwnerID='Steam_76561199036446150', PlayerName='CostaDelMars', ClientNumber='2'
2024-11-06T04:34:52 531680.184 INF Exited thread NCS_Writer_1_1
2024-11-06T04:34:52 531680.185 INF NET: LiteNetLib: Client disconnect from: 192.168.86.1:58577 / 1 (RemoteConnectionClose)
2024-11-06T04:34:52 531680.194 INF GMSG: Player 'CostaDelMars' left the game
2024-11-06T04:34:52 531680.194 INF NET: LiteNetLib: MT: Client disconnect from: 192.168.86.1:58577 / 1 (RemoteConnectionClose)
2024-11-06T04:34:59 531687.574 INF Player directorfitz disconnected after 120.0 minutes
2024-11-06T04:35:00 531687.767 INF DynamicMusic: 172 successfully removed from Bloodmoon state cache
2024-11-06T04:35:00 531687.767 INF Client disconnected from dy mesh: Id: 172 Total: 2
2024-11-06T04:35:00 531687.767 INF Player disconnected: EntityID=172, PltfmId='Steam_76561198053631854', CrossId='EOS_000204481cce44489a328d6fcefc5fd7', OwnerID='Steam_76561198053631854', PlayerName='directorfitz', ClientNumber='1'
2024-11-06T04:35:00 531687.767 INF Exited thread NCS_Reader_0_1
2024-11-06T04:35:00 531687.767 INF Exited thread NCS_Reader_0_0
2024-11-06T04:35:00 531687.767 INF Exited thread NCS_Writer_0_1
2024-11-06T04:35:00 531687.767 INF [EOS-ACS] FreeUser: EntityID=172, PltfmId='Steam_76561198053631854', CrossId='EOS_000204481cce44489a328d6fcefc5fd7', OwnerID='Steam_76561198053631854', PlayerName='directorfitz', ClientNumber='1'
2024-11-06T04:35:00 531687.767 INF Exited thread NCS_Writer_0_0
2024-11-06T04:35:00 531687.767 INF GMSG: Player 'directorfitz' left the game
2024-11-06T04:35:00 531687.767 INF NET: LiteNetLib: Client disconnect from: 173.92.204.14:63048 / 0 (RemoteConnectionClose)
2024-11-06T04:35:00 531687.767 INF NET: LiteNetLib: MT: Client disconnect from: 173.92.204.14:63048 / 0 (RemoteConnectionClose)
2024-11-06T04:35:07 531695.507 INF Clearing all pools
2024-11-06T04:35:18 531705.758 INF Time: 8861.33m FPS: 19.98 Heap: 1328.0MB Max: 2384.6MB Chunks: 355 CGO: 0 Ply: 0 Zom: 0 Ent: 0 (62) Items: 0 CO: 0 RSS: 2219.4MB
2024-11-08T22:08:35 767703.281 INF NET: LiteNetLib: Connect from: 185.39.64.31:5862 / 2
2024-11-08T22:08:35 767703.286 INF Started thread NCS_Reader_2_0
2024-11-08T22:08:35 767703.287 INF Started thread NCS_Writer_2_0
2024-11-08T22:08:35 767703.288 INF Started thread NCS_Reader_2_1
2024-11-08T22:08:35 767703.288 INF Started thread NCS_Writer_2_1
2024-11-08T22:08:35 767703.289 INF [NET] PlayerConnected EntityID=-1, PltfmId='Local_<none>', CrossId='<unknown/none>', OwnerID='<unknown/none>', PlayerName='', ClientNumber='4'
2024-11-08T22:08:35 767703.482 INF NPPL.Read
2024-11-08T22:08:35 767703.496 INF PlayerLogin: The_ZeyroXLP/V 1.1
2024-11-08T22:08:35 767703.496 INF Client IP: 185.39.64.31
2024-11-08T22:08:35 767703.497 INF [Auth] PlayerName authorization successful: EntityID=-1, PltfmId='Steam_76561199110470285', CrossId='EOS_000291d4518743dc94e5859056fdb03f', OwnerID='<unknown/none>', PlayerName='The_ZeyroXLP', ClientNumber='4'
2024-11-08T22:08:35 767703.497 INF [Auth] ServerState authorization successful: EntityID=-1, PltfmId='Steam_76561199110470285', CrossId='EOS_000291d4518743dc94e5859056fdb03f', OwnerID='<unknown/none>', PlayerName='The_ZeyroXLP', ClientNumber='4'
2024-11-08T22:08:35 767703.497 INF [Auth] MpHostAllowed authorization successful: EntityID=-1, PltfmId='Steam_76561199110470285', CrossId='EOS_000291d4518743dc94e5859056fdb03f', OwnerID='<unknown/none>', PlayerName='The_ZeyroXLP', ClientNumber='4'
2024-11-08T22:08:35 767703.497 INF [Auth] PlayerId authorization successful: EntityID=-1, PltfmId='Steam_76561199110470285', CrossId='EOS_000291d4518743dc94e5859056fdb03f', OwnerID='<unknown/none>', PlayerName='The_ZeyroXLP', ClientNumber='4'
2024-11-08T22:08:35 767703.497 INF [Auth] DuplicateUserId authorization successful: EntityID=-1, PltfmId='Steam_76561199110470285', CrossId='EOS_000291d4518743dc94e5859056fdb03f', OwnerID='<unknown/none>', PlayerName='The_ZeyroXLP', ClientNumber='4'
2024-11-08T22:08:35 767703.497 INF [Auth] VersionCheck authorization successful: EntityID=-1, PltfmId='Steam_76561199110470285', CrossId='EOS_000291d4518743dc94e5859056fdb03f', OwnerID='<unknown/none>', PlayerName='The_ZeyroXLP', ClientNumber='4'
2024-11-08T22:08:35 767703.498 INF [Auth] PlayerSlots authorization successful: EntityID=-1, PltfmId='Steam_76561199110470285', CrossId='EOS_000291d4518743dc94e5859056fdb03f', OwnerID='<unknown/none>', PlayerName='The_ZeyroXLP', ClientNumber='4'
2024-11-08T22:08:35 767703.498 INF [Auth] LegacyModAuthorizations authorization successful: EntityID=-1, PltfmId='Steam_76561199110470285', CrossId='EOS_000291d4518743dc94e5859056fdb03f', OwnerID='<unknown/none>', PlayerName='The_ZeyroXLP', ClientNumber='4'
2024-11-08T22:08:35 767703.498 INF [Steamworks.NET] Auth.AuthenticateUser()
2024-11-08T22:08:35 767703.505 INF [Steamworks.NET] Authenticating player: The_ZeyroXLP SteamId: 76561199110470285 TicketLen: 1024 Result: k_EBeginAuthSessionResultOK
2024-11-08T22:08:36 767704.736 INF [Steamworks.NET] Authentication callback. ID: 76561199110470285, owner: 76561199110470285, result: k_EAuthSessionResponseOK
2024-11-08T22:08:36 767704.736 INF [Auth] PlatformAuth authorization successful: EntityID=-1, PltfmId='Steam_76561199110470285', CrossId='EOS_000291d4518743dc94e5859056fdb03f', OwnerID='Steam_76561199110470285', PlayerName='The_ZeyroXLP', ClientNumber='4'
2024-11-08T22:08:36 767704.736 INF [Auth] SteamFamily authorization successful: EntityID=-1, PltfmId='Steam_76561199110470285', CrossId='EOS_000291d4518743dc94e5859056fdb03f', OwnerID='Steam_76561199110470285', PlayerName='The_ZeyroXLP', ClientNumber='4'
2024-11-08T22:08:36 767704.736 INF [Auth] SteamGroups authorization successful: EntityID=-1, PltfmId='Steam_76561199110470285', CrossId='EOS_000291d4518743dc94e5859056fdb03f', OwnerID='Steam_76561199110470285', PlayerName='The_ZeyroXLP', ClientNumber='4'
2024-11-08T22:08:36 767704.737 INF [EOS] Verifying token for 000291d4518743dc94e5859056fdb03f
2024-11-08T22:08:37 767704.858 INF [EOS] Device=, Platform=steam, AccType=Steam, AccId=76561199110470285, PUID=000291d4518743dc94e5859056fdb03f
2024-11-08T22:08:37 767705.315 INF [EOS] Player may have active sanctions
2024-11-08T22:08:37 767705.323 INF [EOS] SanctionsQuery finished with: 0 sanctions
2024-11-08T22:08:37 767705.323 INF [Auth] CrossplatformAuth authorization successful: EntityID=-1, PltfmId='Steam_76561199110470285', CrossId='EOS_000291d4518743dc94e5859056fdb03f', OwnerID='Steam_76561199110470285', PlayerName='The_ZeyroXLP', ClientNumber='4'
2024-11-08T22:08:37 767705.324 INF [Auth] BansAndWhitelist authorization successful: EntityID=-1, PltfmId='Steam_76561199110470285', CrossId='EOS_000291d4518743dc94e5859056fdb03f', OwnerID='Steam_76561199110470285', PlayerName='The_ZeyroXLP', ClientNumber='4'
2024-11-08T22:08:37 767705.324 INF [Auth] Crossplay authorization successful: EntityID=-1, PltfmId='Steam_76561199110470285', CrossId='EOS_000291d4518743dc94e5859056fdb03f', OwnerID='Steam_76561199110470285', PlayerName='The_ZeyroXLP', ClientNumber='4'
2024-11-08T22:08:37 767705.324 INF [EOS-ACS] Registering user: EntityID=-1, PltfmId='Steam_76561199110470285', CrossId='EOS_000291d4518743dc94e5859056fdb03f', OwnerID='Steam_76561199110470285', PlayerName='The_ZeyroXLP', ClientNumber='4'
2024-11-08T22:08:44 767712.073 INF [Auth] EAC authorization successful: EntityID=-1, PltfmId='Steam_76561199110470285', CrossId='EOS_000291d4518743dc94e5859056fdb03f', OwnerID='Steam_76561199110470285', PlayerName='The_ZeyroXLP', ClientNumber='4'
2024-11-08T22:08:44 767712.297 INF [Auth] Finalizer authorization successful: EntityID=-1, PltfmId='Steam_76561199110470285', CrossId='EOS_000291d4518743dc94e5859056fdb03f', OwnerID='Steam_76561199110470285', PlayerName='The_ZeyroXLP', ClientNumber='4'
2024-11-08T22:08:44 767712.304 INF Allowing player with id EOS_000291d4518743dc94e5859056fdb03f
2024-11-08T22:08:44 767712.601 INF RequestToEnterGame: EOS_000291d4518743dc94e5859056fdb03f/The_ZeyroXLP
2024-11-08T22:09:01 767728.879 INF Time: 12794.92m FPS: 20.11 Heap: 1303.4MB Max: 2384.6MB Chunks: 59 CGO: 0 Ply: 0 Zom: 0 Ent: 0 (62) Items: 0 CO: 0 RSS: 1286.5MB
2024-11-08T22:09:31 767758.918 INF Time: 12795.42m FPS: 20.00 Heap: 1303.8MB Max: 2384.6MB Chunks: 59 CGO: 0 Ply: 0 Zom: 0 Ent: 0 (62) Items: 0 CO: 0 RSS: 1286.5MB
2024-11-08T22:10:01 767788.986 INF Time: 12795.92m FPS: 19.89 Heap: 1299.7MB Max: 2384.6MB Chunks: 59 CGO: 0 Ply: 0 Zom: 0 Ent: 0 (62) Items: 0 CO: 0 RSS: 1287.0MB
2024-11-08T22:10:11 767799.226 INF Dymesh: Update items to send for The_ZeyroXLP id: -1  recieved: 0
2024-11-08T22:10:11 767799.229 INF Dymesh: Items to send: 0   Added: 8   chunks: 8
2024-11-08T22:10:12 767800.687 INF RequestToSpawnPlayer: 1337, The_ZeyroXLP, 6
2024-11-08T22:10:13 767801.406 WRN Parameter 'IsMale' not found in animator
2024-11-08T22:10:13 767801.416 INF Created player with id=1337
2024-11-08T22:10:14 767801.834 INF VehicleManager saving 0 (0 + 0)
2024-11-08T22:10:14 767801.834 INF DroneManager saving 0 (0 + 0)
2024-11-08T22:10:14 767801.834 INF TurretTracker saving 0 (0 + 0)
2024-11-08T22:10:14 767801.835 INF VehicleManager saved 9 bytes
2024-11-08T22:10:14 767801.835 INF DroneManager saved 9 bytes
2024-11-08T22:10:14 767801.836 INF TurretTracker saved 9 bytes
2024-11-08T22:10:17 767805.733 INF GMSG: Player 'The_ZeyroXLP' joined the game
2024-11-08T22:10:17 767805.733 INF PlayerSpawnedInWorld (reason: EnterMultiplayer, position: 508, 61, 947): EntityID=1337, PltfmId='Steam_76561199110470285', CrossId='EOS_000291d4518743dc94e5859056fdb03f', OwnerID='Steam_76561199110470285', PlayerName='The_ZeyroXLP', ClientNumber='4'
2024-11-08T22:10:20 767808.704 INF MinEventLogMessage: XP gained during the last level:
2024-11-08T22:10:20 767808.704 INF CVarLogValue: $xpFromLootThisLevel == 0
2024-11-08T22:10:20 767808.704 INF CVarLogValue: $xpFromHarvestingThisLevel == 0
2024-11-08T22:10:20 767808.704 INF CVarLogValue: $xpFromKillThisLevel == 0
2024-11-08T22:10:31 767819.608 INF Time: 12796.42m FPS: 20.11 Heap: 1518.6MB Max: 2384.6MB Chunks: 284 CGO: 25 Ply: 1 Zom: 2 Ent: 3 (65) Items: 0 CO: 1 RSS: 1606.7MB
2024-11-08T22:11:01 767849.654 INF Time: 12796.92m FPS: 19.76 Heap: 1669.8MB Max: 2384.6MB Chunks: 299 CGO: 47 Ply: 1 Zom: 4 Ent: 6 (68) Items: 0 CO: 1 RSS: 1764.2MB
2024-11-08T22:11:31 767879.680 INF Time: 12797.42m FPS: 19.98 Heap: 1672.9MB Max: 2384.6MB Chunks: 299 CGO: 32 Ply: 1 Zom: 3 Ent: 3 (69) Items: 0 CO: 1 RSS: 1781.2MB
2024-11-08T22:12:01 767909.703 INF Time: 12797.92m FPS: 19.77 Heap: 1672.6MB Max: 2384.6MB Chunks: 294 CGO: 16 Ply: 1 Zom: 1 Ent: 2 (66) Items: 0 CO: 1 RSS: 1786.7MB
2024-11-08T22:12:14 767921.849 INF VehicleManager saving 0 (0 + 0)
2024-11-08T22:12:14 767921.849 INF DroneManager saving 0 (0 + 0)
2024-11-08T22:12:14 767921.849 INF TurretTracker saving 0 (0 + 0)
2024-11-08T22:12:14 767921.850 INF VehicleManager saved 9 bytes
2024-11-08T22:12:14 767921.851 INF DroneManager saved 9 bytes
2024-11-08T22:12:14 767921.851 INF TurretTracker saved 9 bytes
2024-11-08T22:12:32 767939.770 INF Time: 12798.43m FPS: 19.75 Heap: 1674.4MB Max: 2384.6MB Chunks: 294 CGO: 23 Ply: 1 Zom: 1 Ent: 3 (68) Items: 0 CO: 1 RSS: 1798.4MB
2024-11-08T22:12:37 767945.598 INF [DECO] written 75681, in 25ms
2024-11-08T22:12:37 767945.601 INF [DECO] write thread 2ms
2024-11-08T22:13:02 767969.802 INF Time: 12798.93m FPS: 20.00 Heap: 1680.4MB Max: 2384.6MB Chunks: 294 CGO: 46 Ply: 1 Zom: 4 Ent: 7 (73) Items: 0 CO: 1 RSS: 1809.7MB
2024-11-08T22:13:28 767996.450 INF Player The_ZeyroXLP disconnected after 3.3 minutes
2024-11-08T22:13:28 767996.631 INF NET: LiteNetLib: Client disconnect from: 185.39.64.31:5862 / 2 (RemoteConnectionClose)
2024-11-08T22:13:28 767996.631 INF DynamicMusic: 1337 successfully removed from Bloodmoon state cache
2024-11-08T22:13:28 767996.631 INF Client disconnected from dy mesh: Id: 1337 Total: 2
2024-11-08T22:13:28 767996.631 INF Player disconnected: EntityID=1337, PltfmId='Steam_76561199110470285', CrossId='EOS_000291d4518743dc94e5859056fdb03f', OwnerID='Steam_76561199110470285', PlayerName='The_ZeyroXLP', ClientNumber='4'
2024-11-08T22:13:28 767996.631 INF Exited thread NCS_Reader_2_0
2024-11-08T22:13:28 767996.631 INF Exited thread NCS_Writer_2_0
2024-11-08T22:13:28 767996.631 INF Exited thread NCS_Reader_2_1
2024-11-08T22:13:28 767996.631 INF Exited thread NCS_Writer_2_1
2024-11-08T22:13:28 767996.631 INF [EOS-ACS] FreeUser: EntityID=1337, PltfmId='Steam_76561199110470285', CrossId='EOS_000291d4518743dc94e5859056fdb03f', OwnerID='Steam_76561199110470285', PlayerName='The_ZeyroXLP', ClientNumber='4'
2024-11-08T22:13:28 767996.632 INF GMSG: Player 'The_ZeyroXLP' left the game
2024-11-08T22:13:28 767996.633 INF NET: LiteNetLib: MT: Client disconnect from: 185.39.64.31:5862 / 2 (RemoteConnectionClose)
2024-11-08T22:13:32 767999.837 INF Time: 12799.43m FPS: 19.48 Heap: 1650.9MB Max: 2384.6MB Chunks: 294 CGO: 0 Ply: 0 Zom: 3 Ent: 0 (65) Items: 0 CO: 0 RSS: 1814.7MB
2024-11-08T22:13:36 768004.398 INF Clearing all pools
2024-11-08T22:13:37 768005.696 INF [DECO] written 75684, in 31ms
2024-11-08T22:13:37 768005.699 INF [DECO] write thread 3ms
2024-11-12T04:36:37 1050185.247 WRN [EOS] [LogHttp - Warning] 0x604850126170: invalid HTTP response code received. URL: https://api.epicgames.dev/telemetry/data/datarouter/api/v1/public/data?SessionID=%7BCD2D7BC2-3B68-461D-8874-D938D253358E%7D&AppID=EOSSDK.PhaseRelease.ReleaseBuild&AppVersion=1.16.3-32303053%20-%20%2B%2BEOSSDK%2BRelease-1.16.3-CL-32303053&UserID=&AppEnvironment=Production&UploadType=sdkevents, HTTP code: 0, content length: 0, actual payload size: 0
2024-11-12T04:36:37 1050185.248 WRN [EOS] [LogHttp - Warning] 0x604850126170: request failed, libcurl error: 6 (Couldn't resolve host name)
2024-11-12T04:36:37 1050185.248 WRN [EOS] [LogHttp - Warning] 0x604850126170: libcurl info message cache 0 (Found bundle for host: 0x7580a8061d50 [serially])
2024-11-12T04:36:37 1050185.249 WRN [EOS] [LogHttp - Warning] 0x604850126170: libcurl info message cache 1 (Could not resolve host: api.epicgames.dev)
2024-11-12T04:36:37 1050185.249 WRN [EOS] [LogHttp - Warning] 0x604850126170: libcurl info message cache 2 (Closing connection)
2024-11-12T04:36:37 1050185.249 WRN [EOS] [LogHttp - Warning] Retry exhausted on https://api.epicgames.dev/telemetry/data/datarouter/api/v1/public/data?SessionID=%7BCD2D7BC2-3B68-461D-8874-D938D253358E%7D&AppID=EOSSDK.PhaseRelease.ReleaseBuild&AppVersion=1.16.3-32303053%20-%20%2B%2BEOSSDK%2BRelease-1.16.3-CL-32303053&UserID=&AppEnvironment=Production&UploadType=sdkevents
2024-11-13T02:15:37 1128124.776 INF NET: LiteNetLib: Connect from: 173.92.69.216:43250 / 1
2024-11-13T02:15:37 1128124.779 INF [NET] PlayerConnected EntityID=-1, PltfmId='Local_<none>', CrossId='<unknown/none>', OwnerID='<unknown/none>', PlayerName='', ClientNumber='5'
2024-11-13T02:15:37 1128124.780 INF Started thread NCS_Reader_1_1
2024-11-13T02:15:37 1128124.780 INF Started thread NCS_Reader_1_0
2024-11-13T02:15:37 1128124.780 INF Started thread NCS_Writer_1_0
2024-11-13T02:15:37 1128124.781 INF Started thread NCS_Writer_1_1
2024-11-13T02:15:37 1128124.858 INF NPPL.Read
2024-11-13T02:15:37 1128124.881 INF PlayerLogin: conceptxo/V 1.1
2024-11-13T02:15:37 1128124.881 INF Client IP: 173.92.69.216
2024-11-13T02:15:37 1128124.881 INF [Auth] PlayerName authorization successful: EntityID=-1, PltfmId='Steam_76561197969472572', CrossId='EOS_00021eebf2db42e69d23b452b65f6d24', OwnerID='<unknown/none>', PlayerName='conceptxo', ClientNumber='5'
2024-11-13T02:15:37 1128124.881 INF [Auth] ServerState authorization successful: EntityID=-1, PltfmId='Steam_76561197969472572', CrossId='EOS_00021eebf2db42e69d23b452b65f6d24', OwnerID='<unknown/none>', PlayerName='conceptxo', ClientNumber='5'
2024-11-13T02:15:37 1128124.881 INF [Auth] MpHostAllowed authorization successful: EntityID=-1, PltfmId='Steam_76561197969472572', CrossId='EOS_00021eebf2db42e69d23b452b65f6d24', OwnerID='<unknown/none>', PlayerName='conceptxo', ClientNumber='5'
2024-11-13T02:15:37 1128124.881 INF [Auth] PlayerId authorization successful: EntityID=-1, PltfmId='Steam_76561197969472572', CrossId='EOS_00021eebf2db42e69d23b452b65f6d24', OwnerID='<unknown/none>', PlayerName='conceptxo', ClientNumber='5'
2024-11-13T02:15:37 1128124.881 INF [Auth] DuplicateUserId authorization successful: EntityID=-1, PltfmId='Steam_76561197969472572', CrossId='EOS_00021eebf2db42e69d23b452b65f6d24', OwnerID='<unknown/none>', PlayerName='conceptxo', ClientNumber='5'
2024-11-13T02:15:37 1128124.881 INF [Auth] VersionCheck authorization successful: EntityID=-1, PltfmId='Steam_76561197969472572', CrossId='EOS_00021eebf2db42e69d23b452b65f6d24', OwnerID='<unknown/none>', PlayerName='conceptxo', ClientNumber='5'
2024-11-13T02:15:37 1128124.882 INF [Auth] PlayerSlots authorization successful: EntityID=-1, PltfmId='Steam_76561197969472572', CrossId='EOS_00021eebf2db42e69d23b452b65f6d24', OwnerID='<unknown/none>', PlayerName='conceptxo', ClientNumber='5'
2024-11-13T02:15:37 1128124.882 INF [Auth] LegacyModAuthorizations authorization successful: EntityID=-1, PltfmId='Steam_76561197969472572', CrossId='EOS_00021eebf2db42e69d23b452b65f6d24', OwnerID='<unknown/none>', PlayerName='conceptxo', ClientNumber='5'
2024-11-13T02:15:37 1128124.882 INF [Steamworks.NET] Auth.AuthenticateUser()
2024-11-13T02:15:37 1128124.890 INF [Steamworks.NET] Authenticating player: conceptxo SteamId: 76561197969472572 TicketLen: 1024 Result: k_EBeginAuthSessionResultOK
2024-11-13T02:15:38 1128126.161 INF [Steamworks.NET] Authentication callback. ID: 76561197969472572, owner: 76561197969472572, result: k_EAuthSessionResponseOK
2024-11-13T02:15:38 1128126.161 INF [Auth] PlatformAuth authorization successful: EntityID=-1, PltfmId='Steam_76561197969472572', CrossId='EOS_00021eebf2db42e69d23b452b65f6d24', OwnerID='Steam_76561197969472572', PlayerName='conceptxo', ClientNumber='5'
2024-11-13T02:15:38 1128126.161 INF [Auth] SteamFamily authorization successful: EntityID=-1, PltfmId='Steam_76561197969472572', CrossId='EOS_00021eebf2db42e69d23b452b65f6d24', OwnerID='Steam_76561197969472572', PlayerName='conceptxo', ClientNumber='5'
2024-11-13T02:15:38 1128126.161 INF [Auth] SteamGroups authorization successful: EntityID=-1, PltfmId='Steam_76561197969472572', CrossId='EOS_00021eebf2db42e69d23b452b65f6d24', OwnerID='Steam_76561197969472572', PlayerName='conceptxo', ClientNumber='5'
2024-11-13T02:15:38 1128126.161 INF [EOS] Verifying token for 00021eebf2db42e69d23b452b65f6d24
2024-11-13T02:15:38 1128126.274 INF [EOS] Device=, Platform=steam, AccType=Steam, AccId=76561197969472572, PUID=00021eebf2db42e69d23b452b65f6d24
2024-11-13T02:15:39 1128126.758 INF [EOS] Player may have active sanctions
2024-11-13T02:15:39 1128126.758 INF [EOS] SanctionsQuery finished with: 0 sanctions
2024-11-13T02:15:39 1128126.758 INF [Auth] CrossplatformAuth authorization successful: EntityID=-1, PltfmId='Steam_76561197969472572', CrossId='EOS_00021eebf2db42e69d23b452b65f6d24', OwnerID='Steam_76561197969472572', PlayerName='conceptxo', ClientNumber='5'
2024-11-13T02:15:39 1128126.766 INF [Auth] BansAndWhitelist authorization successful: EntityID=-1, PltfmId='Steam_76561197969472572', CrossId='EOS_00021eebf2db42e69d23b452b65f6d24', OwnerID='Steam_76561197969472572', PlayerName='conceptxo', ClientNumber='5'
2024-11-13T02:15:39 1128126.766 INF [Auth] Crossplay authorization successful: EntityID=-1, PltfmId='Steam_76561197969472572', CrossId='EOS_00021eebf2db42e69d23b452b65f6d24', OwnerID='Steam_76561197969472572', PlayerName='conceptxo', ClientNumber='5'
2024-11-13T02:15:39 1128126.766 INF [EOS-ACS] Registering user: EntityID=-1, PltfmId='Steam_76561197969472572', CrossId='EOS_00021eebf2db42e69d23b452b65f6d24', OwnerID='Steam_76561197969472572', PlayerName='conceptxo', ClientNumber='5'
2024-11-13T02:15:45 1128133.044 INF [Auth] EAC authorization successful: EntityID=-1, PltfmId='Steam_76561197969472572', CrossId='EOS_00021eebf2db42e69d23b452b65f6d24', OwnerID='Steam_76561197969472572', PlayerName='conceptxo', ClientNumber='5'
2024-11-13T02:15:45 1128133.100 INF [Auth] Finalizer authorization successful: EntityID=-1, PltfmId='Steam_76561197969472572', CrossId='EOS_00021eebf2db42e69d23b452b65f6d24', OwnerID='Steam_76561197969472572', PlayerName='conceptxo', ClientNumber='5'
2024-11-13T02:15:45 1128133.118 INF Allowing player with id EOS_00021eebf2db42e69d23b452b65f6d24
2024-11-13T02:15:45 1128133.275 INF RequestToEnterGame: EOS_00021eebf2db42e69d23b452b65f6d24/conceptxo
2024-11-13T02:15:50 1128138.672 INF NET: LiteNetLib: Connect from: 173.92.204.14:61063 / 0
2024-11-13T02:15:50 1128138.680 INF Started thread NCS_Reader_0_0
2024-11-13T02:15:50 1128138.681 INF Started thread NCS_Writer_0_0
2024-11-13T02:15:50 1128138.681 INF Started thread NCS_Reader_0_1
2024-11-13T02:15:50 1128138.681 INF Started thread NCS_Writer_0_1
2024-11-13T02:15:50 1128138.681 INF [NET] PlayerConnected EntityID=-1, PltfmId='Local_<none>', CrossId='<unknown/none>', OwnerID='<unknown/none>', PlayerName='', ClientNumber='6'
2024-11-13T02:15:51 1128138.816 INF NPPL.Read
2024-11-13T02:15:51 1128138.846 INF PlayerLogin: directorfitz/V 1.1
2024-11-13T02:15:51 1128138.846 INF Client IP: 173.92.204.14
2024-11-13T02:15:51 1128138.847 INF [Auth] PlayerName authorization successful: EntityID=-1, PltfmId='Steam_76561198053631854', CrossId='EOS_000204481cce44489a328d6fcefc5fd7', OwnerID='<unknown/none>', PlayerName='directorfitz', ClientNumber='6'
2024-11-13T02:15:51 1128138.847 INF [Auth] ServerState authorization successful: EntityID=-1, PltfmId='Steam_76561198053631854', CrossId='EOS_000204481cce44489a328d6fcefc5fd7', OwnerID='<unknown/none>', PlayerName='directorfitz', ClientNumber='6'
2024-11-13T02:15:51 1128138.847 INF [Auth] MpHostAllowed authorization successful: EntityID=-1, PltfmId='Steam_76561198053631854', CrossId='EOS_000204481cce44489a328d6fcefc5fd7', OwnerID='<unknown/none>', PlayerName='directorfitz', ClientNumber='6'
2024-11-13T02:15:51 1128138.847 INF [Auth] PlayerId authorization successful: EntityID=-1, PltfmId='Steam_76561198053631854', CrossId='EOS_000204481cce44489a328d6fcefc5fd7', OwnerID='<unknown/none>', PlayerName='directorfitz', ClientNumber='6'
2024-11-13T02:15:51 1128138.847 INF [Auth] DuplicateUserId authorization successful: EntityID=-1, PltfmId='Steam_76561198053631854', CrossId='EOS_000204481cce44489a328d6fcefc5fd7', OwnerID='<unknown/none>', PlayerName='directorfitz', ClientNumber='6'
2024-11-13T02:15:51 1128138.847 INF [Auth] VersionCheck authorization successful: EntityID=-1, PltfmId='Steam_76561198053631854', CrossId='EOS_000204481cce44489a328d6fcefc5fd7', OwnerID='<unknown/none>', PlayerName='directorfitz', ClientNumber='6'
2024-11-13T02:15:51 1128138.847 INF [Auth] PlayerSlots authorization successful: EntityID=-1, PltfmId='Steam_76561198053631854', CrossId='EOS_000204481cce44489a328d6fcefc5fd7', OwnerID='<unknown/none>', PlayerName='directorfitz', ClientNumber='6'
2024-11-13T02:15:51 1128138.847 INF [Auth] LegacyModAuthorizations authorization successful: EntityID=-1, PltfmId='Steam_76561198053631854', CrossId='EOS_000204481cce44489a328d6fcefc5fd7', OwnerID='<unknown/none>', PlayerName='directorfitz', ClientNumber='6'
2024-11-13T02:15:51 1128138.847 INF [Steamworks.NET] Auth.AuthenticateUser()
2024-11-13T02:15:51 1128138.847 INF [Steamworks.NET] Authenticating player: directorfitz SteamId: 76561198053631854 TicketLen: 1024 Result: k_EBeginAuthSessionResultOK
2024-11-13T02:15:52 1128140.135 INF [Steamworks.NET] Authentication callback. ID: 76561198053631854, owner: 76561198053631854, result: k_EAuthSessionResponseOK
2024-11-13T02:15:52 1128140.135 INF [Auth] PlatformAuth authorization successful: EntityID=-1, PltfmId='Steam_76561198053631854', CrossId='EOS_000204481cce44489a328d6fcefc5fd7', OwnerID='Steam_76561198053631854', PlayerName='directorfitz', ClientNumber='6'
2024-11-13T02:15:52 1128140.135 INF [Auth] SteamFamily authorization successful: EntityID=-1, PltfmId='Steam_76561198053631854', CrossId='EOS_000204481cce44489a328d6fcefc5fd7', OwnerID='Steam_76561198053631854', PlayerName='directorfitz', ClientNumber='6'
2024-11-13T02:15:52 1128140.135 INF [Auth] SteamGroups authorization successful: EntityID=-1, PltfmId='Steam_76561198053631854', CrossId='EOS_000204481cce44489a328d6fcefc5fd7', OwnerID='Steam_76561198053631854', PlayerName='directorfitz', ClientNumber='6'
2024-11-13T02:15:52 1128140.136 INF [EOS] Verifying token for 000204481cce44489a328d6fcefc5fd7
2024-11-13T02:15:52 1128140.243 INF [EOS] Device=, Platform=steam, AccType=Steam, AccId=76561198053631854, PUID=000204481cce44489a328d6fcefc5fd7
2024-11-13T02:15:53 1128140.776 INF [EOS] Player may have active sanctions
2024-11-13T02:15:53 1128140.776 INF [EOS] SanctionsQuery finished with: 0 sanctions
2024-11-13T02:15:53 1128140.776 INF [Auth] CrossplatformAuth authorization successful: EntityID=-1, PltfmId='Steam_76561198053631854', CrossId='EOS_000204481cce44489a328d6fcefc5fd7', OwnerID='Steam_76561198053631854', PlayerName='directorfitz', ClientNumber='6'
2024-11-13T02:15:53 1128140.776 INF [Auth] BansAndWhitelist authorization successful: EntityID=-1, PltfmId='Steam_76561198053631854', CrossId='EOS_000204481cce44489a328d6fcefc5fd7', OwnerID='Steam_76561198053631854', PlayerName='directorfitz', ClientNumber='6'
2024-11-13T02:15:53 1128140.776 INF [Auth] Crossplay authorization successful: EntityID=-1, PltfmId='Steam_76561198053631854', CrossId='EOS_000204481cce44489a328d6fcefc5fd7', OwnerID='Steam_76561198053631854', PlayerName='directorfitz', ClientNumber='6'
2024-11-13T02:15:53 1128140.776 INF [EOS-ACS] Registering user: EntityID=-1, PltfmId='Steam_76561198053631854', CrossId='EOS_000204481cce44489a328d6fcefc5fd7', OwnerID='Steam_76561198053631854', PlayerName='directorfitz', ClientNumber='6'
2024-11-13T02:16:00 1128148.267 INF [Auth] EAC authorization successful: EntityID=-1, PltfmId='Steam_76561198053631854', CrossId='EOS_000204481cce44489a328d6fcefc5fd7', OwnerID='Steam_76561198053631854', PlayerName='directorfitz', ClientNumber='6'
2024-11-13T02:16:00 1128148.425 INF [Auth] Finalizer authorization successful: EntityID=-1, PltfmId='Steam_76561198053631854', CrossId='EOS_000204481cce44489a328d6fcefc5fd7', OwnerID='Steam_76561198053631854', PlayerName='directorfitz', ClientNumber='6'
2024-11-13T02:16:00 1128148.433 INF Allowing player with id EOS_000204481cce44489a328d6fcefc5fd7
2024-11-13T02:16:00 1128148.693 INF RequestToEnterGame: EOS_000204481cce44489a328d6fcefc5fd7/directorfitz
2024-11-13T02:16:05 1128153.699 INF Time: 18801.80m FPS: 19.70 Heap: 1336.6MB Max: 2384.6MB Chunks: 65 CGO: 0 Ply: 0 Zom: 0 Ent: 0 (65) Items: 0 CO: 0 RSS: 1429.3MB
2024-11-13T02:16:20 1128168.653 INF RequestToSpawnPlayer: 675, conceptxo, 6
2024-11-13T02:16:21 1128168.741 WRN Parameter 'IsMale' not found in animator
2024-11-13T02:16:21 1128168.742 INF Created player with id=675
2024-11-13T02:16:21 1128168.838 INF Dymesh: Update items to send for conceptxo id: 675  recieved: 8
2024-11-13T02:16:21 1128168.838 INF Dymesh: Items to send: 0   Added: 5   chunks: 8
2024-11-13T02:16:24 1128171.943 INF GMSG: Player 'conceptxo' joined the game
2024-11-13T02:16:24 1128171.943 INF PlayerSpawnedInWorld (reason: JoinMultiplayer, position: -202, 61, 675): EntityID=675, PltfmId='Steam_76561197969472572', CrossId='EOS_00021eebf2db42e69d23b452b65f6d24', OwnerID='Steam_76561197969472572', PlayerName='conceptxo', ClientNumber='5'
2024-11-13T02:16:36 1128183.769 INF Time: 18802.30m FPS: 18.75 Heap: 1526.6MB Max: 2384.6MB Chunks: 305 CGO: 9 Ply: 1 Zom: 0 Ent: 1 (66) Items: 0 CO: 1 RSS: 1638.0MB
2024-11-13T02:17:02 1128209.922 INF Dymesh: Update items to send for directorfitz id: -1  recieved: 8
2024-11-13T02:17:02 1128209.922 INF Dymesh: Items to send: 0   Added: 5   chunks: 8
2024-11-13T02:17:02 1128210.431 INF RequestToSpawnPlayer: 172, directorfitz, 7
2024-11-13T02:17:02 1128210.484 WRN Parameter 'IsMale' not found in animator
2024-11-13T02:17:02 1128210.485 INF Created player with id=172
2024-11-13T02:17:06 1128213.794 INF Time: 18802.80m FPS: 18.18 Heap: 1603.6MB Max: 2384.6MB Chunks: 354 CGO: 18 Ply: 2 Zom: 1 Ent: 3 (68) Items: 0 CO: 2 RSS: 1724.9MB
2024-11-13T02:17:06 1128214.026 INF VehicleManager saving 0 (0 + 0)
2024-11-13T02:17:06 1128214.027 INF DroneManager saving 0 (0 + 0)
2024-11-13T02:17:06 1128214.028 INF TurretTracker saving 0 (0 + 0)
2024-11-13T02:17:06 1128214.037 INF VehicleManager saved 9 bytes
2024-11-13T02:17:06 1128214.038 INF DroneManager saved 9 bytes
2024-11-13T02:17:06 1128214.039 INF TurretTracker saved 9 bytes
2024-11-13T02:17:07 1128215.033 INF GMSG: Player 'directorfitz' joined the game
2024-11-13T02:17:07 1128215.033 INF PlayerSpawnedInWorld (reason: JoinMultiplayer, position: -205, 61, 676): EntityID=172, PltfmId='Steam_76561198053631854', CrossId='EOS_000204481cce44489a328d6fcefc5fd7', OwnerID='Steam_76561198053631854', PlayerName='directorfitz', ClientNumber='6'
2024-11-13T02:17:13 1128221.432 INF AIDirector: Wandering StartSpawning Horde
2024-11-13T02:17:13 1128221.433 INF AIDirector: FindWanderingTargets at player '[type=EntityPlayer, name=conceptxo, id=675]', dist 40.67142
2024-11-13T02:17:13 1128221.433 INF Party of 2, game stage 15, enemy max 8, bonus every 12
2024-11-13T02:17:13 1128221.433 INF Party members: 
2024-11-13T02:17:13 1128221.433 INF Player id 675, gameStage 4
2024-11-13T02:17:13 1128221.433 INF Player id 172, gameStage 13
2024-11-13T02:17:13 1128221.626 INF AIDirector: Spawned wandering horde (group ZombieBikerBarGroup, zombie [type=EntityZombie, name=zombieBiker, id=1354])
2024-11-13T02:17:14 1128222.729 INF AIDirector: Spawned wandering horde (group ZombieBikerBarGroup, zombie [type=EntityZombie, name=zombiePartyGirl, id=1355])
2024-11-13T02:17:16 1128223.866 INF AIDirector: Spawned wandering horde (group ZombieBikerBarGroup, zombie [type=EntityZombie, name=zombieBiker, id=1356])
2024-11-13T02:17:17 1128225.021 INF AIDirector: Spawned wandering horde (group ZombieBikerBarGroup, zombie [type=EntityZombie, name=zombiePartyGirl, id=1357])
2024-11-13T02:17:18 1128226.096 INF AIDirector: Spawned wandering horde (group ZombieBikerBarGroup, zombie [type=EntityZombie, name=zombieBiker, id=1358])
2024-11-13T02:17:19 1128227.231 INF AIDirector: Spawned wandering horde (group ZombieBikerBarGroup, zombie [type=EntityZombie, name=zombiePartyGirl, id=1359])
2024-11-13T02:17:20 1128228.331 INF AIDirector: Spawned wandering horde (group ZombieBikerBarGroup, zombie [type=EntityZombie, name=zombiePartyGirl, id=1360])
2024-11-13T02:17:21 1128229.532 INF AIDirector: Spawned wandering horde (group ZombieBikerBarGroup, zombie [type=EntityZombie, name=zombieJanitor, id=1361])
2024-11-13T02:17:21 1128229.566 INF AIDirectorGameStagePartySpawner: groups done (1)
2024-11-13T02:17:36 1128243.811 INF Time: 18803.30m FPS: 18.31 Heap: 1612.8MB Max: 2384.6MB Chunks: 380 CGO: 30 Ply: 2 Zom: 9 Ent: 11 (76) Items: 0 CO: 4 RSS: 1744.9MB
2024-11-13T02:17:49 1128257.227 INF NET: LiteNetLib: Connect from: 192.168.86.1:49916 / 2
2024-11-13T02:17:49 1128257.228 INF Started thread NCS_Reader_2_0
2024-11-13T02:17:49 1128257.228 INF Started thread NCS_Writer_2_0
2024-11-13T02:17:49 1128257.228 INF Started thread NCS_Reader_2_1
2024-11-13T02:17:49 1128257.228 INF [NET] PlayerConnected EntityID=-1, PltfmId='Local_<none>', CrossId='<unknown/none>', OwnerID='<unknown/none>', PlayerName='', ClientNumber='7'
2024-11-13T02:17:49 1128257.228 INF Started thread NCS_Writer_2_1
2024-11-13T02:17:49 1128257.302 INF NPPL.Read
2024-11-13T02:17:49 1128257.318 INF PlayerLogin: CostaDelMars/V 1.1
2024-11-13T02:17:49 1128257.318 INF Client IP: 192.168.86.1
2024-11-13T02:17:49 1128257.318 INF [Auth] PlayerName authorization successful: EntityID=-1, PltfmId='Steam_76561199036446150', CrossId='EOS_0002f1e01ad44091a9b0bde8c30901e7', OwnerID='<unknown/none>', PlayerName='CostaDelMars', ClientNumber='7'
2024-11-13T02:17:49 1128257.318 INF [Auth] ServerState authorization successful: EntityID=-1, PltfmId='Steam_76561199036446150', CrossId='EOS_0002f1e01ad44091a9b0bde8c30901e7', OwnerID='<unknown/none>', PlayerName='CostaDelMars', ClientNumber='7'
2024-11-13T02:17:49 1128257.318 INF [Auth] MpHostAllowed authorization successful: EntityID=-1, PltfmId='Steam_76561199036446150', CrossId='EOS_0002f1e01ad44091a9b0bde8c30901e7', OwnerID='<unknown/none>', PlayerName='CostaDelMars', ClientNumber='7'
2024-11-13T02:17:49 1128257.318 INF [Auth] PlayerId authorization successful: EntityID=-1, PltfmId='Steam_76561199036446150', CrossId='EOS_0002f1e01ad44091a9b0bde8c30901e7', OwnerID='<unknown/none>', PlayerName='CostaDelMars', ClientNumber='7'
2024-11-13T02:17:49 1128257.318 INF [Auth] DuplicateUserId authorization successful: EntityID=-1, PltfmId='Steam_76561199036446150', CrossId='EOS_0002f1e01ad44091a9b0bde8c30901e7', OwnerID='<unknown/none>', PlayerName='CostaDelMars', ClientNumber='7'
2024-11-13T02:17:49 1128257.318 INF [Auth] VersionCheck authorization successful: EntityID=-1, PltfmId='Steam_76561199036446150', CrossId='EOS_0002f1e01ad44091a9b0bde8c30901e7', OwnerID='<unknown/none>', PlayerName='CostaDelMars', ClientNumber='7'
2024-11-13T02:17:49 1128257.327 INF [Auth] PlayerSlots authorization successful: EntityID=-1, PltfmId='Steam_76561199036446150', CrossId='EOS_0002f1e01ad44091a9b0bde8c30901e7', OwnerID='<unknown/none>', PlayerName='CostaDelMars', ClientNumber='7'
2024-11-13T02:17:49 1128257.327 INF [Auth] LegacyModAuthorizations authorization successful: EntityID=-1, PltfmId='Steam_76561199036446150', CrossId='EOS_0002f1e01ad44091a9b0bde8c30901e7', OwnerID='<unknown/none>', PlayerName='CostaDelMars', ClientNumber='7'
2024-11-13T02:17:49 1128257.327 INF [Steamworks.NET] Auth.AuthenticateUser()
2024-11-13T02:17:49 1128257.327 INF [Steamworks.NET] Authenticating player: CostaDelMars SteamId: 76561199036446150 TicketLen: 1024 Result: k_EBeginAuthSessionResultOK
2024-11-13T02:17:50 1128258.537 INF [Steamworks.NET] Authentication callback. ID: 76561199036446150, owner: 76561199036446150, result: k_EAuthSessionResponseOK
2024-11-13T02:17:50 1128258.537 INF [Auth] PlatformAuth authorization successful: EntityID=-1, PltfmId='Steam_76561199036446150', CrossId='EOS_0002f1e01ad44091a9b0bde8c30901e7', OwnerID='Steam_76561199036446150', PlayerName='CostaDelMars', ClientNumber='7'
2024-11-13T02:17:50 1128258.537 INF [Auth] SteamFamily authorization successful: EntityID=-1, PltfmId='Steam_76561199036446150', CrossId='EOS_0002f1e01ad44091a9b0bde8c30901e7', OwnerID='Steam_76561199036446150', PlayerName='CostaDelMars', ClientNumber='7'
2024-11-13T02:17:50 1128258.537 INF [Auth] SteamGroups authorization successful: EntityID=-1, PltfmId='Steam_76561199036446150', CrossId='EOS_0002f1e01ad44091a9b0bde8c30901e7', OwnerID='Steam_76561199036446150', PlayerName='CostaDelMars', ClientNumber='7'
2024-11-13T02:17:50 1128258.537 INF [EOS] Verifying token for 0002f1e01ad44091a9b0bde8c30901e7
2024-11-13T02:17:51 1128258.777 INF [EOS] Device=, Platform=steam, AccType=Steam, AccId=76561199036446150, PUID=0002f1e01ad44091a9b0bde8c30901e7
2024-11-13T02:17:51 1128259.297 INF [EOS] Player may have active sanctions
2024-11-13T02:17:51 1128259.297 INF [EOS] SanctionsQuery finished with: 0 sanctions
2024-11-13T02:17:51 1128259.297 INF [Auth] CrossplatformAuth authorization successful: EntityID=-1, PltfmId='Steam_76561199036446150', CrossId='EOS_0002f1e01ad44091a9b0bde8c30901e7', OwnerID='Steam_76561199036446150', PlayerName='CostaDelMars', ClientNumber='7'
2024-11-13T02:17:51 1128259.297 INF [Auth] BansAndWhitelist authorization successful: EntityID=-1, PltfmId='Steam_76561199036446150', CrossId='EOS_0002f1e01ad44091a9b0bde8c30901e7', OwnerID='Steam_76561199036446150', PlayerName='CostaDelMars', ClientNumber='7'
2024-11-13T02:17:51 1128259.297 INF [Auth] Crossplay authorization successful: EntityID=-1, PltfmId='Steam_76561199036446150', CrossId='EOS_0002f1e01ad44091a9b0bde8c30901e7', OwnerID='Steam_76561199036446150', PlayerName='CostaDelMars', ClientNumber='7'
2024-11-13T02:17:51 1128259.297 INF [EOS-ACS] Registering user: EntityID=-1, PltfmId='Steam_76561199036446150', CrossId='EOS_0002f1e01ad44091a9b0bde8c30901e7', OwnerID='Steam_76561199036446150', PlayerName='CostaDelMars', ClientNumber='7'
2024-11-13T02:17:58 1128266.054 INF [Auth] EAC authorization successful: EntityID=-1, PltfmId='Steam_76561199036446150', CrossId='EOS_0002f1e01ad44091a9b0bde8c30901e7', OwnerID='Steam_76561199036446150', PlayerName='CostaDelMars', ClientNumber='7'
2024-11-13T02:17:58 1128266.127 INF [Auth] Finalizer authorization successful: EntityID=-1, PltfmId='Steam_76561199036446150', CrossId='EOS_0002f1e01ad44091a9b0bde8c30901e7', OwnerID='Steam_76561199036446150', PlayerName='CostaDelMars', ClientNumber='7'
2024-11-13T02:17:58 1128266.147 INF Allowing player with id EOS_0002f1e01ad44091a9b0bde8c30901e7
2024-11-13T02:17:58 1128266.327 INF RequestToEnterGame: EOS_0002f1e01ad44091a9b0bde8c30901e7/CostaDelMars
2024-11-13T02:18:06 1128273.824 INF Time: 18803.81m FPS: 18.20 Heap: 1633.9MB Max: 2384.6MB Chunks: 370 CGO: 36 Ply: 2 Zom: 9 Ent: 11 (68) Items: 0 CO: 5 RSS: 1771.9MB
2024-11-13T02:18:36 1128303.908 INF Time: 18804.31m FPS: 18.31 Heap: 1644.4MB Max: 2384.6MB Chunks: 482 CGO: 38 Ply: 2 Zom: 9 Ent: 11 (68) Items: 0 CO: 5 RSS: 1779.9MB
2024-11-13T02:18:42 1128310.362 INF AIDirector: Wandering horde zombie '[type=EntityZombie, name=zombiePartyGirl, id=1360]' removed from control
2024-11-13T02:18:43 1128311.193 INF AIDirector: Wandering horde zombie '[type=EntityZombie, name=zombiePartyGirl, id=1355]' removed from control
2024-11-13T02:18:43 1128311.537 INF AIDirector: Wandering horde zombie '[type=EntityZombie, name=zombiePartyGirl, id=1357]' removed from control
2024-11-13T02:18:44 1128311.936 INF AIDirector: Wandering horde zombie '[type=EntityZombie, name=zombiePartyGirl, id=1359]' removed from horde control. Was killed or investigating
2024-11-13T02:18:44 1128311.936 INF AIDirector: Wandering horde zombie '[type=EntityZombie, name=zombiePartyGirl, id=1359]' removed from control
2024-11-13T02:18:50 1128318.360 INF Dymesh: Update items to send for CostaDelMars id: -1  recieved: 8
2024-11-13T02:18:50 1128318.360 INF Dymesh: Items to send: 0   Added: 5   chunks: 8
2024-11-13T02:18:51 1128319.207 INF RequestToSpawnPlayer: 171, CostaDelMars, 7
2024-11-13T02:18:51 1128319.218 WRN Parameter 'IsMale' not found in animator
2024-11-13T02:18:51 1128319.219 INF Created player with id=171
2024-11-13T02:18:55 1128323.560 INF GMSG: Player 'CostaDelMars' joined the game
2024-11-13T02:18:55 1128323.560 INF PlayerSpawnedInWorld (reason: JoinMultiplayer, position: -213, 61, 676): EntityID=171, PltfmId='Steam_76561199036446150', CrossId='EOS_0002f1e01ad44091a9b0bde8c30901e7', OwnerID='Steam_76561199036446150', PlayerName='CostaDelMars', ClientNumber='7'
2024-11-13T02:18:56 1128324.533 INF AIDirector: Wandering horde zombie '[type=EntityZombie, name=zombieJanitor, id=1361]' removed from horde control. Was killed or investigating
2024-11-13T02:18:56 1128324.533 INF AIDirector: Wandering horde zombie '[type=EntityZombie, name=zombieJanitor, id=1361]' removed from control
2024-11-13T02:19:06 1128333.918 INF Time: 18804.81m FPS: 17.56 Heap: 1681.3MB Max: 2384.6MB Chunks: 592 CGO: 51 Ply: 3 Zom: 9 Ent: 13 (70) Items: 0 CO: 5 RSS: 1823.0MB
2024-11-13T02:19:06 1128334.071 INF VehicleManager saving 0 (0 + 0)
2024-11-13T02:19:06 1128334.071 INF DroneManager saving 0 (0 + 0)
2024-11-13T02:19:06 1128334.071 INF VehicleManager saved 9 bytes
2024-11-13T02:19:06 1128334.071 INF TurretTracker saving 0 (0 + 0)
2024-11-13T02:19:06 1128334.072 INF TurretTracker saved 9 bytes
2024-11-13T02:19:06 1128334.072 INF DroneManager saved 9 bytes
2024-11-13T02:19:06 1128334.284 INF Entity zombiePartyGirl 1355 killed by conceptxo 675
2024-11-13T02:19:06 1128334.685 INF AIDirector: Wandering horde zombie '[type=EntityZombie, name=zombieBiker, id=1358]' removed from horde control. Was killed or investigating
2024-11-13T02:19:06 1128334.685 INF AIDirector: Wandering horde zombie '[type=EntityZombie, name=zombieBiker, id=1358]' removed from control
2024-11-13T02:19:07 1128335.074 INF AIDirector: Wandering horde zombie '[type=EntityZombie, name=zombieBiker, id=1354]' removed from horde control. Was killed or investigating
2024-11-13T02:19:07 1128335.074 INF AIDirector: Wandering horde zombie '[type=EntityZombie, name=zombieBiker, id=1354]' removed from control
2024-11-13T02:19:16 1128344.276 INF AIDirector: Wandering horde zombie '[type=EntityZombie, name=zombieBiker, id=1356]' removed from horde control. Was killed or investigating
2024-11-13T02:19:16 1128344.276 INF AIDirector: Wandering horde zombie '[type=EntityZombie, name=zombieBiker, id=1356]' removed from control
2024-11-13T02:19:16 1128344.333 INF AIDirector: Wandering spawner finished Horde
2024-11-13T02:19:23 1128351.569 INF Entity zombiePartyGirl 1360 killed by conceptxo 675
2024-11-13T02:19:32 1128360.300 INF Entity zombieJanitor 1361 killed by CostaDelMars 171
2024-11-13T02:19:33 1128361.067 INF Entity zombiePartyGirl 1357 killed by conceptxo 675
2024-11-13T02:19:36 1128363.925 INF Time: 18805.31m FPS: 17.41 Heap: 1694.2MB Max: 2384.6MB Chunks: 605 CGO: 48 Ply: 3 Zom: 5 Ent: 13 (70) Items: 0 CO: 3 RSS: 1839.7MB
2024-11-13T02:19:41 1128368.960 INF Entity zombiePartyGirl 1359 killed by conceptxo 675
2024-11-13T02:20:06 1128393.943 INF Time: 18805.81m FPS: 17.76 Heap: 1648.2MB Max: 2384.6MB Chunks: 600 CGO: 44 Ply: 3 Zom: 4 Ent: 12 (68) Items: 0 CO: 3 RSS: 1842.4MB
2024-11-13T02:20:15 1128403.054 INF Entity zombieBiker 1354 killed by conceptxo 675
2024-11-13T02:20:26 1128414.047 INF Entity zombieBiker 1358 killed by CostaDelMars 171
2024-11-13T02:20:36 1128423.958 INF Time: 18806.31m FPS: 18.23 Heap: 1652.0MB Max: 2384.6MB Chunks: 612 CGO: 43 Ply: 3 Zom: 2 Ent: 8 (68) Items: 0 CO: 3 RSS: 1842.4MB
2024-11-13T02:21:00 1128448.341 INF GMSG: Player 'conceptxo' died
2024-11-13T02:21:00 1128448.343 INF 22483937 EntityBackpack id 1363, plyrId 675, (0.0, 0.0, 0.0) (0, 0), chunk False (0, 0, 0), items 24 resourceFeather, foodEgg at (0, 0, 0, xz 0 0) : Read
2024-11-13T02:21:00 1128448.344 INF 22483937 EntityBackpack id 1363, plyrId 675, (-203.5, 63.2, 703.6) (-13, 43), chunk True (-13, 3, 43), items 24 resourceFeather, foodEgg at (0, 0, 0, xz 0 0) : Write
2024-11-13T02:21:00 1128448.344 INF 22483937 EntityBackpack id 1363, plyrId 675, (-203.5, 63.2, 703.6) (-13, 43), chunk True (-13, 3, 43), items 24 resourceFeather, foodEgg at (0, 0, 0, xz 0 0) : Write
2024-11-13T02:21:00 1128448.350 INF 22483937 EntityBackpack id 1363, plyrId 675, (-203.5, 63.2, 703.6) (-13, 43), chunk True (-13, 3, 43), items 24 resourceFeather, foodEgg at (0, 0, 0, xz 0 0) : Start
2024-11-13T02:21:06 1128453.955 INF Time: 18806.81m FPS: 18.20 Heap: 1668.6MB Max: 2384.6MB Chunks: 645 CGO: 50 Ply: 3 Zom: 2 Ent: 9 (70) Items: 1 CO: 3 RSS: 1845.2MB
2024-11-13T02:21:06 1128454.129 INF VehicleManager saving 0 (0 + 0)
2024-11-13T02:21:06 1128454.129 INF DroneManager saving 0 (0 + 0)
2024-11-13T02:21:06 1128454.130 INF TurretTracker saving 0 (0 + 0)
2024-11-13T02:21:06 1128454.132 INF DroneManager saved 9 bytes
2024-11-13T02:21:06 1128454.133 INF VehicleManager saved 9 bytes
2024-11-13T02:21:06 1128454.133 INF TurretTracker saved 9 bytes
2024-11-13T02:21:12 1128460.713 INF 22484163 EntityBackpack id 1363, plyrId 675, (-204.5, 61.3, 703.4) (-13, 43), chunk True (-13, 3, 43), items 24 resourceFeather, foodEgg at (0, 0, 0, xz 0 0) : Write
2024-11-13T02:21:24 1128471.807 INF PlayerSpawnedInWorld (reason: Died, position: -212, 61, 679): EntityID=675, PltfmId='Steam_76561197969472572', CrossId='EOS_00021eebf2db42e69d23b452b65f6d24', OwnerID='Steam_76561197969472572', PlayerName='conceptxo', ClientNumber='5'
2024-11-13T02:21:27 1128475.731 INF Entity zombieBiker 1356 killed by CostaDelMars 171
2024-11-13T02:21:36 1128483.971 INF Time: 18807.31m FPS: 17.73 Heap: 1722.3MB Max: 2384.6MB Chunks: 645 CGO: 70 Ply: 3 Zom: 4 Ent: 14 (76) Items: 2 CO: 3 RSS: 1878.5MB
2024-11-13T02:21:36 1128484.567 INF Entity animalBoar 1364 killed by directorfitz 172
2024-11-13T02:21:43 1128490.751 INF 22484695 EntityBackpack id 1363, plyrId 675, (-204.6, 61.3, 703.5) (-13, 43), chunk True (-13, 3, 43), items 24 resourceFeather, foodEgg at (0, 0, 0, xz 0 0) : Write
2024-11-13T02:21:49 1128497.453 INF 22484813 EntityBackpack id 1363, plyrId 675, (-204.6, 61.3, 703.5) (-13, 43), chunk True (-13, 3, 43), items 0  at (0, 0, 0, xz 0 0) : RemoveBackpack empty True, reason empty
2024-11-13T02:21:49 1128497.453 INF 22484813 EntityBackpack id 1363, plyrId 675, (-204.6, 61.3, 703.5) (-13, 43), chunk True (-13, 3, 43), items 0  at (0, 0, 0, xz 0 0) : RemoveBackpack empty True, reason old
2024-11-13T02:21:49 1128497.453 INF 22484813 EntityBackpack id 1363, plyrId 675, (-204.6, 61.3, 703.5) (-13, 43), chunk True (-13, 3, 43), items 0  at (0, 0, 0, xz 0 0) : OnEntityUnload markedForUnload False, IsDead True, IsDespawned False
2024-11-13T02:22:00 1128507.744 INF [DECO] written 75685, in 10ms
2024-11-13T02:22:00 1128507.746 INF [DECO] write thread 1ms
2024-11-13T02:22:06 1128513.986 INF Time: 18807.81m FPS: 18.23 Heap: 1677.4MB Max: 2384.6MB Chunks: 644 CGO: 60 Ply: 3 Zom: 2 Ent: 10 (73) Items: 2 CO: 3 RSS: 1880.1MB
2024-11-13T02:22:36 1128544.032 INF Time: 18808.31m FPS: 18.62 Heap: 1678.6MB Max: 2384.6MB Chunks: 644 CGO: 30 Ply: 3 Zom: 2 Ent: 6 (75) Items: 2 CO: 3 RSS: 1880.1MB
2024-11-13T02:23:06 1128574.059 INF Time: 18808.81m FPS: 18.30 Heap: 1680.5MB Max: 2384.6MB Chunks: 644 CGO: 47 Ply: 3 Zom: 2 Ent: 8 (77) Items: 2 CO: 3 RSS: 1880.1MB
2024-11-13T02:23:06 1128574.194 INF VehicleManager saving 0 (0 + 0)
2024-11-13T02:23:06 1128574.194 INF DroneManager saving 0 (0 + 0)
2024-11-13T02:23:06 1128574.195 INF TurretTracker saving 0 (0 + 0)
2024-11-13T02:23:06 1128574.195 INF VehicleManager saved 9 bytes
2024-11-13T02:23:06 1128574.196 INF DroneManager saved 9 bytes
2024-11-13T02:23:06 1128574.197 INF TurretTracker saved 9 bytes
2024-11-13T02:23:36 1128604.065 INF Time: 18809.31m FPS: 17.73 Heap: 1684.9MB Max: 2384.6MB Chunks: 644 CGO: 52 Ply: 3 Zom: 2 Ent: 8 (77) Items: 2 CO: 3 RSS: 1880.2MB
2024-11-13T02:23:47 1128615.455 INF Player CostaDelMars disconnected after 4.9 minutes
2024-11-13T02:23:47 1128615.649 INF DynamicMusic: 171 successfully removed from Bloodmoon state cache
2024-11-13T02:23:47 1128615.649 INF Client disconnected from dy mesh: Id: 171 Total: 4
2024-11-13T02:23:47 1128615.649 INF Player disconnected: EntityID=171, PltfmId='Steam_76561199036446150', CrossId='EOS_0002f1e01ad44091a9b0bde8c30901e7', OwnerID='Steam_76561199036446150', PlayerName='CostaDelMars', ClientNumber='7'
2024-11-13T02:23:47 1128615.649 INF Exited thread NCS_Writer_2_1
2024-11-13T02:23:47 1128615.649 INF [EOS-ACS] FreeUser: EntityID=171, PltfmId='Steam_76561199036446150', CrossId='EOS_0002f1e01ad44091a9b0bde8c30901e7', OwnerID='Steam_76561199036446150', PlayerName='CostaDelMars', ClientNumber='7'
2024-11-13T02:23:47 1128615.649 INF Exited thread NCS_Reader_2_0
2024-11-13T02:23:47 1128615.649 INF Exited thread NCS_Reader_2_1
2024-11-13T02:23:47 1128615.649 INF Exited thread NCS_Writer_2_0
2024-11-13T02:23:47 1128615.649 INF NET: LiteNetLib: Client disconnect from: 192.168.86.1:49916 / 2 (RemoteConnectionClose)
2024-11-13T02:23:47 1128615.660 INF GMSG: Player 'CostaDelMars' left the game
2024-11-13T02:23:47 1128615.660 INF NET: LiteNetLib: MT: Client disconnect from: 192.168.86.1:49916 / 2 (RemoteConnectionClose)
2024-11-13T02:23:53 1128620.810 INF Entity zombieJoe 1353 killed
2024-11-13T02:24:06 1128634.081 INF Time: 18809.81m FPS: 18.52 Heap: 1818.1MB Max: 2384.6MB Chunks: 644 CGO: 52 Ply: 2 Zom: 1 Ent: 7 (74) Items: 1 CO: 2 RSS: 2013.0MB
2024-11-13T02:24:06 1128634.586 INF NET: LiteNetLib: Connect from: 68.42.33.162:61548 / 2
2024-11-13T02:24:06 1128634.587 INF Started thread NCS_Reader_2_0
2024-11-13T02:24:06 1128634.587 INF Started thread NCS_Writer_2_0
2024-11-13T02:24:06 1128634.587 INF Started thread NCS_Reader_2_1
2024-11-13T02:24:06 1128634.588 INF [NET] PlayerConnected EntityID=-1, PltfmId='Local_<none>', CrossId='<unknown/none>', OwnerID='<unknown/none>', PlayerName='', ClientNumber='8'
2024-11-13T02:24:06 1128634.588 INF Started thread NCS_Writer_2_1
2024-11-13T02:24:06 1128634.707 INF NPPL.Read
2024-11-13T02:24:07 1128634.744 INF PlayerLogin: Seegee417/V 1.1
2024-11-13T02:24:07 1128634.744 INF Client IP: 68.42.33.162
2024-11-13T02:24:07 1128634.744 INF [Auth] PlayerName authorization successful: EntityID=-1, PltfmId='Steam_76561198346392358', CrossId='EOS_00024a1acbf648c0a055194d215e49f5', OwnerID='<unknown/none>', PlayerName='Seegee417', ClientNumber='8'
2024-11-13T02:24:07 1128634.744 INF [Auth] ServerState authorization successful: EntityID=-1, PltfmId='Steam_76561198346392358', CrossId='EOS_00024a1acbf648c0a055194d215e49f5', OwnerID='<unknown/none>', PlayerName='Seegee417', ClientNumber='8'
2024-11-13T02:24:07 1128634.744 INF [Auth] MpHostAllowed authorization successful: EntityID=-1, PltfmId='Steam_76561198346392358', CrossId='EOS_00024a1acbf648c0a055194d215e49f5', OwnerID='<unknown/none>', PlayerName='Seegee417', ClientNumber='8'
2024-11-13T02:24:07 1128634.744 INF [Auth] PlayerId authorization successful: EntityID=-1, PltfmId='Steam_76561198346392358', CrossId='EOS_00024a1acbf648c0a055194d215e49f5', OwnerID='<unknown/none>', PlayerName='Seegee417', ClientNumber='8'
2024-11-13T02:24:07 1128634.744 INF [Auth] DuplicateUserId authorization successful: EntityID=-1, PltfmId='Steam_76561198346392358', CrossId='EOS_00024a1acbf648c0a055194d215e49f5', OwnerID='<unknown/none>', PlayerName='Seegee417', ClientNumber='8'
2024-11-13T02:24:07 1128634.744 INF [Auth] VersionCheck authorization successful: EntityID=-1, PltfmId='Steam_76561198346392358', CrossId='EOS_00024a1acbf648c0a055194d215e49f5', OwnerID='<unknown/none>', PlayerName='Seegee417', ClientNumber='8'
2024-11-13T02:24:07 1128634.744 INF [Auth] PlayerSlots authorization successful: EntityID=-1, PltfmId='Steam_76561198346392358', CrossId='EOS_00024a1acbf648c0a055194d215e49f5', OwnerID='<unknown/none>', PlayerName='Seegee417', ClientNumber='8'
2024-11-13T02:24:07 1128634.744 INF [Auth] LegacyModAuthorizations authorization successful: EntityID=-1, PltfmId='Steam_76561198346392358', CrossId='EOS_00024a1acbf648c0a055194d215e49f5', OwnerID='<unknown/none>', PlayerName='Seegee417', ClientNumber='8'
2024-11-13T02:24:07 1128634.744 INF [Steamworks.NET] Auth.AuthenticateUser()
2024-11-13T02:24:07 1128634.745 INF [Steamworks.NET] Authenticating player: Seegee417 SteamId: 76561198346392358 TicketLen: 1024 Result: k_EBeginAuthSessionResultOK
2024-11-13T02:24:08 1128636.059 INF [Steamworks.NET] Authentication callback. ID: 76561198346392358, owner: 76561198346392358, result: k_EAuthSessionResponseOK
2024-11-13T02:24:08 1128636.059 INF [Auth] PlatformAuth authorization successful: EntityID=-1, PltfmId='Steam_76561198346392358', CrossId='EOS_00024a1acbf648c0a055194d215e49f5', OwnerID='Steam_76561198346392358', PlayerName='Seegee417', ClientNumber='8'
2024-11-13T02:24:08 1128636.059 INF [Auth] SteamFamily authorization successful: EntityID=-1, PltfmId='Steam_76561198346392358', CrossId='EOS_00024a1acbf648c0a055194d215e49f5', OwnerID='Steam_76561198346392358', PlayerName='Seegee417', ClientNumber='8'
2024-11-13T02:24:08 1128636.059 INF [Auth] SteamGroups authorization successful: EntityID=-1, PltfmId='Steam_76561198346392358', CrossId='EOS_00024a1acbf648c0a055194d215e49f5', OwnerID='Steam_76561198346392358', PlayerName='Seegee417', ClientNumber='8'
2024-11-13T02:24:08 1128636.059 INF [EOS] Verifying token for 00024a1acbf648c0a055194d215e49f5
2024-11-13T02:24:08 1128636.178 INF [EOS] Device=, Platform=steam, AccType=Steam, AccId=76561198346392358, PUID=00024a1acbf648c0a055194d215e49f5
2024-11-13T02:24:08 1128636.676 INF [EOS] Player may have active sanctions
2024-11-13T02:24:08 1128636.676 INF [EOS] SanctionsQuery finished with: 0 sanctions
2024-11-13T02:24:08 1128636.676 INF [Auth] CrossplatformAuth authorization successful: EntityID=-1, PltfmId='Steam_76561198346392358', CrossId='EOS_00024a1acbf648c0a055194d215e49f5', OwnerID='Steam_76561198346392358', PlayerName='Seegee417', ClientNumber='8'
2024-11-13T02:24:08 1128636.676 INF [Auth] BansAndWhitelist authorization successful: EntityID=-1, PltfmId='Steam_76561198346392358', CrossId='EOS_00024a1acbf648c0a055194d215e49f5', OwnerID='Steam_76561198346392358', PlayerName='Seegee417', ClientNumber='8'
2024-11-13T02:24:08 1128636.676 INF [Auth] Crossplay authorization successful: EntityID=-1, PltfmId='Steam_76561198346392358', CrossId='EOS_00024a1acbf648c0a055194d215e49f5', OwnerID='Steam_76561198346392358', PlayerName='Seegee417', ClientNumber='8'
2024-11-13T02:24:08 1128636.676 INF [EOS-ACS] Registering user: EntityID=-1, PltfmId='Steam_76561198346392358', CrossId='EOS_00024a1acbf648c0a055194d215e49f5', OwnerID='Steam_76561198346392358', PlayerName='Seegee417', ClientNumber='8'
2024-11-13T02:24:15 1128643.683 INF [Auth] EAC authorization successful: EntityID=-1, PltfmId='Steam_76561198346392358', CrossId='EOS_00024a1acbf648c0a055194d215e49f5', OwnerID='Steam_76561198346392358', PlayerName='Seegee417', ClientNumber='8'
2024-11-13T02:24:16 1128643.798 INF [Auth] Finalizer authorization successful: EntityID=-1, PltfmId='Steam_76561198346392358', CrossId='EOS_00024a1acbf648c0a055194d215e49f5', OwnerID='Steam_76561198346392358', PlayerName='Seegee417', ClientNumber='8'
2024-11-13T02:24:16 1128643.816 INF Allowing player with id EOS_00024a1acbf648c0a055194d215e49f5
2024-11-13T02:24:16 1128643.948 INF RequestToEnterGame: EOS_00024a1acbf648c0a055194d215e49f5/Seegee417
2024-11-13T02:24:24 1128651.744 INF NET: LiteNetLib: Connect from: 192.168.86.1:61156 / 3
2024-11-13T02:24:24 1128651.744 INF Started thread NCS_Reader_3_0
2024-11-13T02:24:24 1128651.744 INF Started thread NCS_Writer_3_0
2024-11-13T02:24:24 1128651.745 INF Started thread NCS_Reader_3_1
2024-11-13T02:24:24 1128651.745 INF Started thread NCS_Writer_3_1
2024-11-13T02:24:24 1128651.757 INF [NET] PlayerConnected EntityID=-1, PltfmId='Local_<none>', CrossId='<unknown/none>', OwnerID='<unknown/none>', PlayerName='', ClientNumber='9'
2024-11-13T02:24:24 1128651.812 INF NPPL.Read
2024-11-13T02:24:24 1128651.812 INF PlayerLogin: CostaDelMars/V 1.1
2024-11-13T02:24:24 1128651.812 INF Client IP: 192.168.86.1
2024-11-13T02:24:24 1128651.812 INF [Auth] PlayerName authorization successful: EntityID=-1, PltfmId='Steam_76561199036446150', CrossId='EOS_0002f1e01ad44091a9b0bde8c30901e7', OwnerID='<unknown/none>', PlayerName='CostaDelMars', ClientNumber='9'
2024-11-13T02:24:24 1128651.812 INF [Auth] ServerState authorization successful: EntityID=-1, PltfmId='Steam_76561199036446150', CrossId='EOS_0002f1e01ad44091a9b0bde8c30901e7', OwnerID='<unknown/none>', PlayerName='CostaDelMars', ClientNumber='9'
2024-11-13T02:24:24 1128651.812 INF [Auth] MpHostAllowed authorization successful: EntityID=-1, PltfmId='Steam_76561199036446150', CrossId='EOS_0002f1e01ad44091a9b0bde8c30901e7', OwnerID='<unknown/none>', PlayerName='CostaDelMars', ClientNumber='9'
2024-11-13T02:24:24 1128651.812 INF [Auth] PlayerId authorization successful: EntityID=-1, PltfmId='Steam_76561199036446150', CrossId='EOS_0002f1e01ad44091a9b0bde8c30901e7', OwnerID='<unknown/none>', PlayerName='CostaDelMars', ClientNumber='9'
2024-11-13T02:24:24 1128651.812 INF [Auth] DuplicateUserId authorization successful: EntityID=-1, PltfmId='Steam_76561199036446150', CrossId='EOS_0002f1e01ad44091a9b0bde8c30901e7', OwnerID='<unknown/none>', PlayerName='CostaDelMars', ClientNumber='9'
2024-11-13T02:24:24 1128651.813 INF [Auth] VersionCheck authorization successful: EntityID=-1, PltfmId='Steam_76561199036446150', CrossId='EOS_0002f1e01ad44091a9b0bde8c30901e7', OwnerID='<unknown/none>', PlayerName='CostaDelMars', ClientNumber='9'
2024-11-13T02:24:24 1128651.813 INF [Auth] PlayerSlots authorization successful: EntityID=-1, PltfmId='Steam_76561199036446150', CrossId='EOS_0002f1e01ad44091a9b0bde8c30901e7', OwnerID='<unknown/none>', PlayerName='CostaDelMars', ClientNumber='9'
2024-11-13T02:24:24 1128651.813 INF [Auth] LegacyModAuthorizations authorization successful: EntityID=-1, PltfmId='Steam_76561199036446150', CrossId='EOS_0002f1e01ad44091a9b0bde8c30901e7', OwnerID='<unknown/none>', PlayerName='CostaDelMars', ClientNumber='9'
2024-11-13T02:24:24 1128651.813 INF [Steamworks.NET] Auth.AuthenticateUser()
2024-11-13T02:24:24 1128651.813 INF [Steamworks.NET] Authenticating player: CostaDelMars SteamId: 76561199036446150 TicketLen: 1024 Result: k_EBeginAuthSessionResultOK
2024-11-13T02:24:25 1128653.064 INF [Steamworks.NET] Authentication callback. ID: 76561199036446150, owner: 76561199036446150, result: k_EAuthSessionResponseOK
2024-11-13T02:24:25 1128653.065 INF [Auth] PlatformAuth authorization successful: EntityID=-1, PltfmId='Steam_76561199036446150', CrossId='EOS_0002f1e01ad44091a9b0bde8c30901e7', OwnerID='Steam_76561199036446150', PlayerName='CostaDelMars', ClientNumber='9'
2024-11-13T02:24:25 1128653.066 INF [Auth] SteamFamily authorization successful: EntityID=-1, PltfmId='Steam_76561199036446150', CrossId='EOS_0002f1e01ad44091a9b0bde8c30901e7', OwnerID='Steam_76561199036446150', PlayerName='CostaDelMars', ClientNumber='9'
2024-11-13T02:24:25 1128653.066 INF [Auth] SteamGroups authorization successful: EntityID=-1, PltfmId='Steam_76561199036446150', CrossId='EOS_0002f1e01ad44091a9b0bde8c30901e7', OwnerID='Steam_76561199036446150', PlayerName='CostaDelMars', ClientNumber='9'
2024-11-13T02:24:25 1128653.066 INF [EOS] Verifying token for 0002f1e01ad44091a9b0bde8c30901e7
2024-11-13T02:24:25 1128653.208 INF [EOS] Device=, Platform=steam, AccType=Steam, AccId=76561199036446150, PUID=0002f1e01ad44091a9b0bde8c30901e7
2024-11-13T02:24:25 1128653.680 INF [EOS] Player may have active sanctions
2024-11-13T02:24:25 1128653.680 INF [EOS] SanctionsQuery finished with: 0 sanctions
2024-11-13T02:24:25 1128653.680 INF [Auth] CrossplatformAuth authorization successful: EntityID=-1, PltfmId='Steam_76561199036446150', CrossId='EOS_0002f1e01ad44091a9b0bde8c30901e7', OwnerID='Steam_76561199036446150', PlayerName='CostaDelMars', ClientNumber='9'
2024-11-13T02:24:25 1128653.680 INF [Auth] BansAndWhitelist authorization successful: EntityID=-1, PltfmId='Steam_76561199036446150', CrossId='EOS_0002f1e01ad44091a9b0bde8c30901e7', OwnerID='Steam_76561199036446150', PlayerName='CostaDelMars', ClientNumber='9'
2024-11-13T02:24:25 1128653.681 INF [Auth] Crossplay authorization successful: EntityID=-1, PltfmId='Steam_76561199036446150', CrossId='EOS_0002f1e01ad44091a9b0bde8c30901e7', OwnerID='Steam_76561199036446150', PlayerName='CostaDelMars', ClientNumber='9'
2024-11-13T02:24:25 1128653.681 INF [EOS-ACS] Registering user: EntityID=-1, PltfmId='Steam_76561199036446150', CrossId='EOS_0002f1e01ad44091a9b0bde8c30901e7', OwnerID='Steam_76561199036446150', PlayerName='CostaDelMars', ClientNumber='9'
2024-11-13T02:24:33 1128660.918 INF [Auth] EAC authorization successful: EntityID=-1, PltfmId='Steam_76561199036446150', CrossId='EOS_0002f1e01ad44091a9b0bde8c30901e7', OwnerID='Steam_76561199036446150', PlayerName='CostaDelMars', ClientNumber='9'
2024-11-13T02:24:33 1128661.033 INF [Auth] Finalizer authorization successful: EntityID=-1, PltfmId='Steam_76561199036446150', CrossId='EOS_0002f1e01ad44091a9b0bde8c30901e7', OwnerID='Steam_76561199036446150', PlayerName='CostaDelMars', ClientNumber='9'
2024-11-13T02:24:33 1128661.080 INF Allowing player with id EOS_0002f1e01ad44091a9b0bde8c30901e7
2024-11-13T02:24:33 1128661.292 INF RequestToEnterGame: EOS_0002f1e01ad44091a9b0bde8c30901e7/CostaDelMars
2024-11-13T02:24:36 1128664.083 INF Time: 18810.31m FPS: 18.45 Heap: 1876.7MB Max: 2384.6MB Chunks: 644 CGO: 48 Ply: 2 Zom: 1 Ent: 7 (74) Items: 1 CO: 2 RSS: 2073.0MB
2024-11-13T02:24:45 1128672.814 INF Dymesh: Update items to send for Seegee417 id: -1  recieved: 0
2024-11-13T02:24:45 1128672.814 INF Dymesh: Items to send: 0   Added: 9   chunks: 9
2024-11-13T02:24:46 1128674.534 INF RequestToSpawnPlayer: 1377, Seegee417, 7
2024-11-13T02:24:46 1128674.650 WRN Parameter 'IsMale' not found in animator
2024-11-13T02:24:46 1128674.651 INF Created player with id=1377
2024-11-13T02:24:49 1128677.719 INF GMSG: Player 'Seegee417' joined the game
2024-11-13T02:24:49 1128677.720 INF PlayerSpawnedInWorld (reason: EnterMultiplayer, position: -917, 60, 619): EntityID=1377, PltfmId='Steam_76561198346392358', CrossId='EOS_00024a1acbf648c0a055194d215e49f5', OwnerID='Steam_76561198346392358', PlayerName='Seegee417', ClientNumber='8'
2024-11-13T02:24:52 1128679.809 INF MinEventLogMessage: XP gained during the last level:
2024-11-13T02:24:52 1128679.809 INF CVarLogValue: $xpFromLootThisLevel == 0
2024-11-13T02:24:52 1128679.809 INF CVarLogValue: $xpFromHarvestingThisLevel == 0
2024-11-13T02:24:52 1128679.809 INF CVarLogValue: $xpFromKillThisLevel == 0
2024-11-13T02:25:00 1128688.136 INF [DECO] written 75685, in 14ms
2024-11-13T02:25:00 1128688.138 INF [DECO] write thread 1ms
2024-11-13T02:25:06 1128694.172 INF Time: 18810.81m FPS: 18.29 Heap: 1989.5MB Max: 2384.6MB Chunks: 901 CGO: 50 Ply: 3 Zom: 1 Ent: 7 (75) Items: 1 CO: 3 RSS: 2175.2MB
2024-11-13T02:25:06 1128694.201 INF VehicleManager saving 0 (0 + 0)
2024-11-13T02:25:06 1128694.201 INF DroneManager saving 0 (0 + 0)
2024-11-13T02:25:06 1128694.201 INF TurretTracker saving 0 (0 + 0)
2024-11-13T02:25:06 1128694.202 INF VehicleManager saved 9 bytes
2024-11-13T02:25:06 1128694.202 INF DroneManager saved 9 bytes
2024-11-13T02:25:06 1128694.202 INF TurretTracker saved 9 bytes
2024-11-13T02:25:09 1128696.805 INF RequestToSpawnPlayer: 171, CostaDelMars, 7
2024-11-13T02:25:09 1128696.812 WRN Parameter 'IsMale' not found in animator
2024-11-13T02:25:09 1128696.812 INF Created player with id=171
2024-11-13T02:25:10 1128698.695 INF Dymesh: Update items to send for CostaDelMars id: 171  recieved: 9
2024-11-13T02:25:10 1128698.695 INF Dymesh: Items to send: 0   Added: 8   chunks: 9
2024-11-13T02:25:12 1128700.410 INF GMSG: Player 'CostaDelMars' joined the game
2024-11-13T02:25:12 1128700.410 INF PlayerSpawnedInWorld (reason: JoinMultiplayer, position: -201, 61, 700): EntityID=171, PltfmId='Steam_76561199036446150', CrossId='EOS_0002f1e01ad44091a9b0bde8c30901e7', OwnerID='Steam_76561199036446150', PlayerName='CostaDelMars', ClientNumber='9'
2024-11-13T02:25:36 1128724.205 INF Time: 18811.31m FPS: 18.18 Heap: 2002.5MB Max: 2384.6MB Chunks: 934 CGO: 39 Ply: 4 Zom: 1 Ent: 7 (76) Items: 1 CO: 4 RSS: 2189.7MB
2024-11-13T02:26:06 1128754.288 INF Time: 18811.81m FPS: 18.30 Heap: 1669.1MB Max: 2384.6MB Chunks: 680 CGO: 44 Ply: 4 Zom: 1 Ent: 7 (76) Items: 1 CO: 4 RSS: 2190.5MB
2024-11-13T02:26:36 1128784.316 INF Time: 18812.31m FPS: 18.16 Heap: 1671.1MB Max: 2384.6MB Chunks: 680 CGO: 42 Ply: 4 Zom: 1 Ent: 7 (76) Items: 1 CO: 4 RSS: 2190.7MB
2024-11-13T02:27:06 1128814.206 INF VehicleManager saving 0 (0 + 0)
2024-11-13T02:27:06 1128814.206 INF DroneManager saving 0 (0 + 0)
2024-11-13T02:27:06 1128814.207 INF TurretTracker saving 0 (0 + 0)
2024-11-13T02:27:06 1128814.208 INF VehicleManager saved 9 bytes
2024-11-13T02:27:06 1128814.209 INF TurretTracker saved 9 bytes
2024-11-13T02:27:06 1128814.209 INF DroneManager saved 9 bytes
2024-11-13T02:27:06 1128814.341 INF Time: 18812.81m FPS: 18.30 Heap: 1677.2MB Max: 2384.6MB Chunks: 680 CGO: 43 Ply: 4 Zom: 1 Ent: 7 (76) Items: 1 CO: 4 RSS: 2191.1MB
2024-11-13T02:27:36 1128844.354 INF Time: 18813.31m FPS: 18.81 Heap: 1887.6MB Max: 2384.6MB Chunks: 680 CGO: 66 Ply: 4 Zom: 2 Ent: 10 (79) Items: 1 CO: 4 RSS: 2193.0MB
2024-11-13T02:28:06 1128874.385 INF Time: 18813.81m FPS: 18.56 Heap: 1856.7MB Max: 2384.6MB Chunks: 680 CGO: 49 Ply: 4 Zom: 1 Ent: 8 (77) Items: 1 CO: 4 RSS: 2197.7MB
2024-11-13T02:28:36 1128904.471 INF Time: 18814.32m FPS: 17.94 Heap: 1862.7MB Max: 2384.6MB Chunks: 680 CGO: 35 Ply: 4 Zom: 1 Ent: 7 (77) Items: 1 CO: 4 RSS: 2199.0MB
2024-11-13T02:29:00 1128928.633 INF [DECO] written 75685, in 25ms
2024-11-13T02:29:00 1128928.635 INF [DECO] write thread 2ms
2024-11-13T02:29:06 1128934.300 INF VehicleManager saving 0 (0 + 0)
2024-11-13T02:29:06 1128934.300 INF DroneManager saving 0 (0 + 0)
2024-11-13T02:29:06 1128934.300 INF TurretTracker saving 0 (0 + 0)
2024-11-13T02:29:06 1128934.300 INF VehicleManager saved 9 bytes
2024-11-13T02:29:06 1128934.301 INF DroneManager saved 9 bytes
2024-11-13T02:29:06 1128934.302 INF TurretTracker saved 9 bytes
2024-11-13T02:29:06 1128934.499 INF Time: 18814.82m FPS: 18.72 Heap: 1867.0MB Max: 2384.6MB Chunks: 680 CGO: 36 Ply: 4 Zom: 1 Ent: 7 (77) Items: 1 CO: 4 RSS: 2199.0MB
2024-11-13T02:29:36 1128964.521 INF Time: 18815.32m FPS: 18.51 Heap: 1873.6MB Max: 2384.6MB Chunks: 680 CGO: 36 Ply: 4 Zom: 1 Ent: 7 (77) Items: 1 CO: 4 RSS: 2199.0MB
2024-11-13T02:30:01 1128988.779 INF [DECO] written 75685, in 9ms
2024-11-13T02:30:01 1128988.780 INF [DECO] write thread 1ms
2024-11-13T02:30:06 1128994.556 INF Time: 18815.82m FPS: 18.59 Heap: 1858.4MB Max: 2384.6MB Chunks: 680 CGO: 55 Ply: 4 Zom: 4 Ent: 10 (80) Items: 1 CO: 4 RSS: 2200.7MB
2024-11-13T02:30:10 1128997.924 INF Entity zombieBiker 1373 killed
2024-11-13T02:30:36 1129024.587 INF Time: 18816.32m FPS: 18.43 Heap: 1860.2MB Max: 2384.6MB Chunks: 680 CGO: 54 Ply: 4 Zom: 3 Ent: 10 (80) Items: 1 CO: 4 RSS: 2201.0MB
2024-11-13T02:31:06 1129054.341 INF VehicleManager saving 0 (0 + 0)
2024-11-13T02:31:06 1129054.341 INF DroneManager saving 0 (0 + 0)
2024-11-13T02:31:06 1129054.341 INF TurretTracker saving 0 (0 + 0)
2024-11-13T02:31:06 1129054.341 INF VehicleManager saved 9 bytes
2024-11-13T02:31:06 1129054.341 INF DroneManager saved 9 bytes
2024-11-13T02:31:06 1129054.341 INF TurretTracker saved 9 bytes
2024-11-13T02:31:06 1129054.588 INF Time: 18816.82m FPS: 17.99 Heap: 1863.4MB Max: 2384.6MB Chunks: 680 CGO: 39 Ply: 4 Zom: 2 Ent: 8 (80) Items: 1 CO: 4 RSS: 2201.0MB
2024-11-13T02:31:36 1129084.639 INF Time: 18817.32m FPS: 18.05 Heap: 1876.1MB Max: 2384.6MB Chunks: 680 CGO: 36 Ply: 4 Zom: 2 Ent: 8 (81) Items: 1 CO: 4 RSS: 2201.5MB
2024-11-13T02:32:06 1129114.702 INF Time: 18817.82m FPS: 18.36 Heap: 1854.7MB Max: 2384.6MB Chunks: 680 CGO: 45 Ply: 4 Zom: 3 Ent: 9 (76) Items: 1 CO: 4 RSS: 2201.8MB
2024-11-13T02:32:36 1129144.728 INF Time: 18818.32m FPS: 17.97 Heap: 1856.2MB Max: 2384.6MB Chunks: 680 CGO: 50 Ply: 4 Zom: 3 Ent: 9 (77) Items: 1 CO: 4 RSS: 2202.9MB
2024-11-13T02:33:06 1129174.432 INF VehicleManager saving 0 (0 + 0)
2024-11-13T02:33:06 1129174.432 INF DroneManager saving 0 (0 + 0)
2024-11-13T02:33:06 1129174.432 INF TurretTracker saving 0 (0 + 0)
2024-11-13T02:33:06 1129174.433 INF VehicleManager saved 9 bytes
2024-11-13T02:33:06 1129174.434 INF DroneManager saved 9 bytes
2024-11-13T02:33:06 1129174.434 INF TurretTracker saved 9 bytes
2024-11-13T02:33:07 1129174.766 INF Time: 18818.82m FPS: 17.41 Heap: 1858.5MB Max: 2384.6MB Chunks: 680 CGO: 45 Ply: 4 Zom: 3 Ent: 9 (77) Items: 1 CO: 4 RSS: 2202.9MB
2024-11-13T02:33:37 1129204.772 INF Time: 18819.32m FPS: 18.54 Heap: 1862.8MB Max: 2384.6MB Chunks: 680 CGO: 39 Ply: 4 Zom: 3 Ent: 9 (77) Items: 1 CO: 4 RSS: 2202.9MB
2024-11-13T02:34:07 1129234.772 INF Time: 18819.82m FPS: 18.38 Heap: 1852.7MB Max: 2384.6MB Chunks: 680 CGO: 32 Ply: 4 Zom: 3 Ent: 9 (74) Items: 1 CO: 4 RSS: 2202.9MB
2024-11-13T02:34:37 1129264.816 INF Time: 18820.32m FPS: 17.25 Heap: 1855.9MB Max: 2384.6MB Chunks: 680 CGO: 36 Ply: 4 Zom: 3 Ent: 9 (74) Items: 1 CO: 4 RSS: 2201.9MB
2024-11-13T02:34:38 1129266.017 INF Entity zombieYo 1383 killed by CostaDelMars 171
2024-11-13T02:35:06 1129294.439 INF VehicleManager saving 0 (0 + 0)
2024-11-13T02:35:06 1129294.439 INF DroneManager saving 0 (0 + 0)
2024-11-13T02:35:06 1129294.439 INF TurretTracker saving 0 (0 + 0)
2024-11-13T02:35:06 1129294.439 INF VehicleManager saved 9 bytes
2024-11-13T02:35:06 1129294.439 INF TurretTracker saved 9 bytes
2024-11-13T02:35:06 1129294.439 INF DroneManager saved 9 bytes
2024-11-13T02:35:07 1129294.819 INF Time: 18820.82m FPS: 17.64 Heap: 1863.3MB Max: 2384.6MB Chunks: 680 CGO: 39 Ply: 4 Zom: 1 Ent: 8 (75) Items: 2 CO: 4 RSS: 2201.9MB
2024-11-13T02:35:37 1129324.866 INF Time: 18821.32m FPS: 18.53 Heap: 1868.4MB Max: 2384.6MB Chunks: 680 CGO: 38 Ply: 4 Zom: 1 Ent: 8 (77) Items: 3 CO: 4 RSS: 2201.9MB
2024-11-13T02:36:01 1129349.479 INF [DECO] written 75684, in 11ms
2024-11-13T02:36:01 1129349.480 INF [DECO] write thread 1ms
2024-11-13T02:36:07 1129354.870 INF Time: 18821.82m FPS: 17.46 Heap: 1856.7MB Max: 2384.6MB Chunks: 680 CGO: 34 Ply: 4 Zom: 1 Ent: 9 (75) Items: 3 CO: 4 RSS: 2201.9MB
2024-11-13T02:36:13 1129360.868 INF Entity zombieSteveFeral 1387 killed
2024-11-13T02:36:37 1129384.893 INF Time: 18822.32m FPS: 17.99 Heap: 1863.2MB Max: 2384.6MB Chunks: 680 CGO: 35 Ply: 4 Zom: 0 Ent: 8 (75) Items: 3 CO: 4 RSS: 2203.0MB
2024-11-13T02:36:53 1129401.470 INF RECEIVED item with meta 0 
2024-11-13T02:36:53 1129401.471 INF SENDING item with meta 0 
2024-11-13T02:36:56 1129404.111 INF RECEIVED item with meta 0 
2024-11-13T02:36:56 1129404.111 INF SENDING item with meta 0 
2024-11-13T02:37:06 1129414.463 INF VehicleManager saving 0 (0 + 0)
2024-11-13T02:37:06 1129414.463 INF DroneManager saving 0 (0 + 0)
2024-11-13T02:37:06 1129414.464 INF TurretTracker saving 0 (0 + 0)
2024-11-13T02:37:06 1129414.465 INF VehicleManager saved 9 bytes
2024-11-13T02:37:06 1129414.465 INF TurretTracker saved 9 bytes
2024-11-13T02:37:06 1129414.466 INF DroneManager saved 9 bytes
2024-11-13T02:37:07 1129414.903 INF Time: 18822.82m FPS: 17.56 Heap: 1868.1MB Max: 2384.6MB Chunks: 680 CGO: 47 Ply: 4 Zom: 1 Ent: 7 (77) Items: 3 CO: 4 RSS: 2203.2MB
2024-11-13T02:37:37 1129444.963 INF Time: 18823.32m FPS: 18.16 Heap: 1877.3MB Max: 2384.6MB Chunks: 680 CGO: 45 Ply: 4 Zom: 1 Ent: 7 (77) Items: 3 CO: 4 RSS: 2201.3MB
2024-11-13T02:38:07 1129475.010 INF Time: 18823.82m FPS: 18.54 Heap: 1856.5MB Max: 2384.6MB Chunks: 679 CGO: 42 Ply: 4 Zom: 1 Ent: 7 (72) Items: 1 CO: 4 RSS: 2143.4MB
2024-11-13T02:38:37 1129505.094 INF Time: 18824.32m FPS: 17.68 Heap: 1862.6MB Max: 2384.6MB Chunks: 679 CGO: 41 Ply: 4 Zom: 1 Ent: 8 (73) Items: 1 CO: 4 RSS: 2143.4MB
2024-11-13T02:39:02 1129529.878 INF [DECO] written 75683, in 17ms
2024-11-13T02:39:02 1129529.888 INF [DECO] write thread 9ms
2024-11-13T02:39:06 1129534.582 INF VehicleManager saving 0 (0 + 0)
2024-11-13T02:39:06 1129534.582 INF DroneManager saving 0 (0 + 0)
2024-11-13T02:39:06 1129534.583 INF TurretTracker saving 0 (0 + 0)
2024-11-13T02:39:06 1129534.584 INF VehicleManager saved 9 bytes
2024-11-13T02:39:06 1129534.584 INF TurretTracker saved 9 bytes
2024-11-13T02:39:06 1129534.585 INF DroneManager saved 9 bytes
2024-11-13T02:39:07 1129535.099 INF Time: 18824.82m FPS: 17.78 Heap: 1872.6MB Max: 2384.6MB Chunks: 679 CGO: 32 Ply: 4 Zom: 1 Ent: 7 (73) Items: 1 CO: 4 RSS: 2144.0MB
2024-11-13T02:39:37 1129565.146 INF Time: 18825.33m FPS: 18.38 Heap: 1877.7MB Max: 2384.6MB Chunks: 679 CGO: 32 Ply: 4 Zom: 1 Ent: 7 (73) Items: 1 CO: 4 RSS: 2144.0MB
2024-11-13T02:39:41 1129568.838 INF RECEIVED item with meta 0 
2024-11-13T02:39:41 1129568.838 INF SENDING item with meta 0 
2024-11-13T02:40:07 1129595.233 INF Time: 18825.83m FPS: 18.12 Heap: 1858.5MB Max: 2384.6MB Chunks: 679 CGO: 32 Ply: 4 Zom: 1 Ent: 7 (72) Items: 1 CO: 4 RSS: 2116.4MB
2024-11-13T02:40:37 1129625.337 INF Time: 18826.33m FPS: 18.19 Heap: 1861.3MB Max: 2384.6MB Chunks: 679 CGO: 22 Ply: 4 Zom: 0 Ent: 6 (72) Items: 1 CO: 4 RSS: 2116.6MB
2024-11-13T02:41:02 1129650.221 INF [DECO] written 75683, in 22ms
2024-11-13T02:41:02 1129650.224 INF [DECO] write thread 2ms
2024-11-13T02:41:06 1129654.594 INF VehicleManager saving 0 (0 + 0)
2024-11-13T02:41:06 1129654.594 INF DroneManager saving 0 (0 + 0)
2024-11-13T02:41:06 1129654.595 INF TurretTracker saving 0 (0 + 0)
2024-11-13T02:41:06 1129654.596 INF VehicleManager saved 9 bytes
2024-11-13T02:41:06 1129654.597 INF DroneManager saved 9 bytes
2024-11-13T02:41:06 1129654.597 INF TurretTracker saved 9 bytes
2024-11-13T02:41:07 1129655.334 INF Time: 18826.83m FPS: 17.75 Heap: 1866.4MB Max: 2384.6MB Chunks: 679 CGO: 24 Ply: 4 Zom: 0 Ent: 6 (72) Items: 1 CO: 4 RSS: 2116.6MB
2024-11-13T02:41:37 1129685.357 INF Time: 18827.33m FPS: 18.12 Heap: 1874.2MB Max: 2384.6MB Chunks: 679 CGO: 25 Ply: 4 Zom: 0 Ent: 6 (72) Items: 1 CO: 4 RSS: 2116.8MB
2024-11-13T02:42:02 1129710.236 INF [DECO] written 75683, in 9ms
2024-11-13T02:42:02 1129710.238 INF [DECO] write thread 1ms
2024-11-13T02:42:07 1129715.358 INF Time: 18827.83m FPS: 18.15 Heap: 1856.4MB Max: 2384.6MB Chunks: 679 CGO: 26 Ply: 4 Zom: 0 Ent: 6 (72) Items: 1 CO: 4 RSS: 2093.5MB
2024-11-13T02:42:37 1129745.374 INF Time: 18828.33m FPS: 18.27 Heap: 1858.4MB Max: 2384.6MB Chunks: 679 CGO: 47 Ply: 4 Zom: 1 Ent: 7 (73) Items: 1 CO: 4 RSS: 2093.7MB
2024-11-13T02:43:06 1129774.596 INF VehicleManager saving 0 (0 + 0)
2024-11-13T02:43:06 1129774.596 INF DroneManager saving 0 (0 + 0)
2024-11-13T02:43:06 1129774.596 INF TurretTracker saving 0 (0 + 0)
2024-11-13T02:43:06 1129774.597 INF VehicleManager saved 9 bytes
2024-11-13T02:43:06 1129774.597 INF DroneManager saved 9 bytes
2024-11-13T02:43:06 1129774.597 INF TurretTracker saved 9 bytes
2024-11-13T02:43:07 1129775.452 INF Time: 18828.83m FPS: 17.88 Heap: 1862.8MB Max: 2384.6MB Chunks: 682 CGO: 51 Ply: 4 Zom: 2 Ent: 8 (74) Items: 1 CO: 4 RSS: 2093.7MB
2024-11-13T02:43:37 1129805.499 INF Time: 18829.33m FPS: 18.26 Heap: 1876.1MB Max: 2384.6MB Chunks: 682 CGO: 36 Ply: 4 Zom: 1 Ent: 7 (75) Items: 1 CO: 4 RSS: 2096.3MB
2024-11-13T02:44:07 1129835.610 INF Time: 18829.83m FPS: 18.20 Heap: 1860.9MB Max: 2384.6MB Chunks: 682 CGO: 54 Ply: 4 Zom: 1 Ent: 9 (74) Items: 1 CO: 4 RSS: 2097.6MB
2024-11-13T02:44:13 1129840.916 INF MinEventLogMessage: XP gained during the last level:
2024-11-13T02:44:13 1129840.916 INF CVarLogValue: $xpFromLootThisLevel == 0
2024-11-13T02:44:13 1129840.916 INF CVarLogValue: $xpFromHarvestingThisLevel == 0
2024-11-13T02:44:13 1129840.916 INF CVarLogValue: $xpFromKillThisLevel == 0
2024-11-13T02:44:37 1129865.614 INF Time: 18830.33m FPS: 17.72 Heap: 1868.4MB Max: 2384.6MB Chunks: 682 CGO: 48 Ply: 4 Zom: 2 Ent: 8 (75) Items: 1 CO: 4 RSS: 2097.6MB
2024-11-13T02:45:06 1129894.606 INF VehicleManager saving 0 (0 + 0)
2024-11-13T02:45:06 1129894.606 INF DroneManager saving 0 (0 + 0)
2024-11-13T02:45:06 1129894.607 INF TurretTracker saving 0 (0 + 0)
2024-11-13T02:45:06 1129894.616 INF DroneManager saved 9 bytes
2024-11-13T02:45:06 1129894.616 INF VehicleManager saved 9 bytes
2024-11-13T02:45:06 1129894.616 INF TurretTracker saved 9 bytes
2024-11-13T02:45:07 1129895.630 INF Time: 18830.84m FPS: 17.38 Heap: 1874.5MB Max: 2384.6MB Chunks: 682 CGO: 60 Ply: 4 Zom: 3 Ent: 10 (77) Items: 1 CO: 4 RSS: 2098.2MB
2024-11-13T02:45:37 1129925.718 INF Time: 18831.34m FPS: 17.86 Heap: 1883.2MB Max: 2384.6MB Chunks: 682 CGO: 68 Ply: 4 Zom: 3 Ent: 10 (78) Items: 1 CO: 4 RSS: 2102.7MB
2024-11-13T02:46:00 1129948.737 INF Computed 415 chunk groups containing a total of 8472 chunks. Largest group contains 449 chunks.
2024-11-13T02:46:08 1129955.749 INF Time: 18831.84m FPS: 16.59 Heap: 1861.4MB Max: 2384.6MB Chunks: 682 CGO: 89 Ply: 4 Zom: 5 Ent: 14 (79) Items: 2 CO: 4 RSS: 2091.9MB
2024-11-13T02:46:22 1129969.847 INF Entity zombieBusinessManFeral 1398 killed
2024-11-13T02:46:38 1129985.774 INF Time: 18832.34m FPS: 17.85 Heap: 1864.1MB Max: 2384.6MB Chunks: 682 CGO: 86 Ply: 4 Zom: 4 Ent: 13 (79) Items: 2 CO: 4 RSS: 2091.9MB
2024-11-13T02:47:06 1130014.650 INF VehicleManager saving 0 (0 + 0)
2024-11-13T02:47:06 1130014.651 INF DroneManager saving 0 (0 + 0)
2024-11-13T02:47:06 1130014.651 INF TurretTracker saving 0 (0 + 0)
2024-11-13T02:47:06 1130014.652 INF VehicleManager saved 9 bytes
2024-11-13T02:47:06 1130014.653 INF DroneManager saved 9 bytes
2024-11-13T02:47:06 1130014.654 INF TurretTracker saved 9 bytes
2024-11-13T02:47:08 1130015.863 INF Time: 18832.84m FPS: 17.13 Heap: 1872.6MB Max: 2384.6MB Chunks: 682 CGO: 81 Ply: 4 Zom: 4 Ent: 13 (80) Items: 3 CO: 4 RSS: 2092.2MB
2024-11-13T02:47:38 1130045.854 INF Time: 18833.34m FPS: 17.50 Heap: 1892.3MB Max: 2384.6MB Chunks: 784 CGO: 59 Ply: 4 Zom: 1 Ent: 8 (80) Items: 3 CO: 4 RSS: 2103.9MB
2024-11-13T02:48:08 1130075.862 INF Time: 18833.84m FPS: 17.62 Heap: 1884.6MB Max: 2384.6MB Chunks: 903 CGO: 39 Ply: 4 Zom: 0 Ent: 6 (75) Items: 1 CO: 4 RSS: 2104.4MB
2024-11-13T02:48:38 1130105.935 INF Time: 18834.34m FPS: 17.97 Heap: 1894.9MB Max: 2384.6MB Chunks: 940 CGO: 38 Ply: 4 Zom: 0 Ent: 6 (75) Items: 1 CO: 4 RSS: 2106.4MB
2024-11-13T02:48:40 1130107.777 INF 1130062 SleeperVolume -589, 61, 738: Restoring -587, 61, 746 (-37, 46) 'animalSnake', count 0
2024-11-13T02:48:40 1130107.966 INF 1130062 SleeperVolume -589, 61, 738: Restoring -571, 61, 761 (-36, 47) 'animalSnake', count 0
2024-11-13T02:49:03 1130131.246 INF [DECO] written 75683, in 9ms
2024-11-13T02:49:03 1130131.247 INF [DECO] write thread 1ms
2024-11-13T02:49:06 1130134.716 INF VehicleManager saving 0 (0 + 0)
2024-11-13T02:49:06 1130134.716 INF DroneManager saving 0 (0 + 0)
2024-11-13T02:49:06 1130134.717 INF TurretTracker saving 0 (0 + 0)
2024-11-13T02:49:06 1130134.718 INF VehicleManager saved 9 bytes
2024-11-13T02:49:06 1130134.718 INF DroneManager saved 9 bytes
2024-11-13T02:49:06 1130134.719 INF TurretTracker saved 9 bytes
2024-11-13T02:49:08 1130135.976 INF Time: 18834.84m FPS: 17.12 Heap: 1902.6MB Max: 2384.6MB Chunks: 947 CGO: 56 Ply: 4 Zom: 2 Ent: 8 (78) Items: 1 CO: 4 RSS: 2114.7MB
2024-11-13T02:49:38 1130166.121 INF Time: 18835.34m FPS: 17.56 Heap: 1886.1MB Max: 2384.6MB Chunks: 947 CGO: 71 Ply: 4 Zom: 3 Ent: 10 (77) Items: 1 CO: 4 RSS: 2132.1MB
2024-11-13T02:49:53 1130181.257 INF 1130136 SleeperVolume -209, 71, 674: Restoring -207, 71, 682 (-13, 42) 'zombieSpider', count 3
2024-11-13T02:49:53 1130181.359 INF 1130136 SleeperVolume -209, 71, 674: Restoring -207, 71, 674 (-13, 42) 'zombieSpider', count 3
2024-11-13T02:49:58 1130185.742 INF Entity zombieTomClark 1412 killed by directorfitz 172
2024-11-13T02:50:03 1130191.331 INF [DECO] written 75683, in 13ms
2024-11-13T02:50:03 1130191.332 INF [DECO] write thread 1ms
2024-11-13T02:50:08 1130196.247 INF Time: 18835.84m FPS: 17.68 Heap: 1891.7MB Max: 2384.6MB Chunks: 947 CGO: 51 Ply: 4 Zom: 2 Ent: 10 (81) Items: 1 CO: 4 RSS: 2134.1MB
2024-11-13T02:50:28 1130216.024 INF Entity zombieSpider 1416 killed
2024-11-13T02:50:38 1130226.240 INF Time: 18836.34m FPS: 17.25 Heap: 1896.0MB Max: 2384.6MB Chunks: 947 CGO: 77 Ply: 4 Zom: 3 Ent: 13 (84) Items: 1 CO: 4 RSS: 2135.7MB
2024-11-13T02:50:40 1130228.680 INF Entity zombieSpider 1415 killed by conceptxo 675
2024-11-13T02:51:07 1130254.763 INF VehicleManager saving 0 (0 + 0)
2024-11-13T02:51:07 1130254.763 INF DroneManager saving 0 (0 + 0)
2024-11-13T02:51:07 1130254.763 INF TurretTracker saving 0 (0 + 0)
2024-11-13T02:51:07 1130254.763 INF VehicleManager saved 9 bytes
2024-11-13T02:51:07 1130254.764 INF DroneManager saved 9 bytes
2024-11-13T02:51:07 1130254.764 INF TurretTracker saved 9 bytes
2024-11-13T02:51:08 1130256.247 INF Time: 18836.84m FPS: 17.37 Heap: 1903.5MB Max: 2384.6MB Chunks: 947 CGO: 79 Ply: 4 Zom: 4 Ent: 13 (87) Items: 1 CO: 4 RSS: 2136.6MB
2024-11-13T02:51:38 1130286.288 INF Time: 18837.35m FPS: 17.26 Heap: 1893.3MB Max: 2384.6MB Chunks: 947 CGO: 103 Ply: 4 Zom: 7 Ent: 14 (77) Items: 1 CO: 4 RSS: 2138.5MB
2024-11-13T02:51:43 1130290.848 INF Entity zombieMoe 1420 killed by CostaDelMars 171
2024-11-13T02:51:53 1130301.011 INF 1130255 SleeperVolume -1285, 62, 832: Spawning -1278, 63, 832 (-80, 52), group 'sleeperHordeStageGS14', class zombieMoe, count 7
2024-11-13T02:51:58 1130305.885 INF Entity zombieDarlene 1425 killed by directorfitz 172
2024-11-13T02:52:03 1130311.622 INF [DECO] written 75682, in 9ms
2024-11-13T02:52:03 1130311.624 INF [DECO] write thread 1ms
2024-11-13T02:52:08 1130316.406 INF Time: 18837.85m FPS: 17.32 Heap: 1895.3MB Max: 2384.6MB Chunks: 947 CGO: 113 Ply: 4 Zom: 8 Ent: 16 (81) Items: 1 CO: 4 RSS: 2139.1MB
2024-11-13T02:52:08 1130316.487 INF Entity zombieFatHawaiian 1421 killed by CostaDelMars 171
2024-11-13T02:52:10 1130317.940 INF 1130272 SleeperVolume -1286, 63, 823: Spawning -1278, 64, 823 (-80, 51), group 'sleeperHordeStageGS14', class zombieJoe, count 7
2024-11-13T02:52:10 1130318.025 INF 1130273 SleeperVolume -1286, 63, 823: Spawning -1280, 64, 823 (-80, 51), group 'sleeperHordeStageGS14', class zombieMoe, count 7
2024-11-13T02:52:38 1130346.434 INF Time: 18838.35m FPS: 17.22 Heap: 1902.0MB Max: 2384.6MB Chunks: 947 CGO: 67 Ply: 4 Zom: 6 Ent: 13 (83) Items: 1 CO: 4 RSS: 2139.3MB
2024-11-13T02:52:41 1130348.881 INF 1130303 SleeperVolume -1285, 62, 832: Spawning -1278, 63, 832 (-80, 52), group 'sleeperHordeStageGS27', class zombieSteve, count 3
2024-11-13T02:52:43 1130351.001 INF 1130305 SleeperVolume -1286, 63, 823: Spawning -1278, 64, 823 (-80, 51), group 'sleeperHordeStageGS27', class zombieBusinessMan, count 4
2024-11-13T02:52:43 1130351.147 INF 1130306 SleeperVolume -1286, 63, 823: Spawning -1280, 64, 823 (-80, 51), group 'sleeperHordeStageGS27', class zombieTomClark, count 4
2024-11-13T02:52:49 1130357.636 INF 1130312 SleeperVolume -1279, 57, 822: Spawning -1278, 58, 831 (-80, 51), group 'sleeperHordeStageGS27', class zombiePartyGirl, count 6
2024-11-13T02:52:51 1130358.892 INF AIDirector: Wandering StartSpawning Horde
2024-11-13T02:52:51 1130358.893 INF AIDirector: FindWanderingTargets at player '[type=EntityPlayer, name=CostaDelMars, id=171]', dist 55.6144
2024-11-13T02:52:51 1130358.893 INF Party of 2, game stage 27, enemy max 6, bonus every 12
2024-11-13T02:52:51 1130358.893 INF Party members: 
2024-11-13T02:52:51 1130358.893 INF Player id 171, gameStage 20
2024-11-13T02:52:51 1130358.893 INF Player id 172, gameStage 14
2024-11-13T02:52:51 1130359.034 INF AIDirector: Spawned wandering horde (group VultureGroup, zombie [type=EntityVulture, name=animalZombieVulture, id=1438])
2024-11-13T02:52:52 1130360.247 INF AIDirector: Spawned wandering horde (group VultureGroup, zombie [type=EntityVulture, name=animalZombieVulture, id=1439])
2024-11-13T02:52:53 1130361.256 INF AIDirector: Spawned wandering horde (group VultureGroup, zombie [type=EntityVulture, name=animalZombieVulture, id=1440])
2024-11-13T02:52:54 1130362.485 INF AIDirector: Spawned wandering horde (group VultureGroup, zombie [type=EntityVulture, name=animalZombieVulture, id=1441])
2024-11-13T02:52:55 1130363.527 INF AIDirector: Spawned wandering horde (group VultureGroup, zombie [type=EntityVulture, name=animalZombieVulture, id=1442])
2024-11-13T02:52:56 1130363.885 INF GMSG: Player 'conceptxo' died
2024-11-13T02:52:56 1130363.887 INF 22518381 EntityBackpack id 1443, plyrId 675, (0.0, 0.0, 0.0) (0, 0), chunk False (0, 0, 0), items 27 resourceFeather, resourceWood at (0, 0, 0, xz 0 0) : Read
2024-11-13T02:52:56 1130363.887 INF 22518381 EntityBackpack id 1443, plyrId 675, (-186.3, 63.6, 679.8) (-12, 42), chunk True (-12, 3, 42), items 27 resourceFeather, resourceWood at (0, 0, 0, xz 0 0) : Write
2024-11-13T02:52:56 1130363.887 INF 22518381 EntityBackpack id 1443, plyrId 675, (-186.3, 63.6, 679.8) (-12, 42), chunk True (-12, 3, 42), items 27 resourceFeather, resourceWood at (0, 0, 0, xz 0 0) : Write
2024-11-13T02:52:56 1130363.895 INF 22518381 EntityBackpack id 1443, plyrId 675, (-186.3, 63.6, 679.8) (-12, 42), chunk True (-12, 3, 42), items 27 resourceFeather, resourceWood at (0, 0, 0, xz 0 0) : Start
2024-11-13T02:52:56 1130364.666 INF AIDirector: Spawned wandering horde (group VultureGroup, zombie [type=EntityVulture, name=animalZombieVulture, id=1444])
2024-11-13T02:52:56 1130364.724 INF AIDirectorGameStagePartySpawner: groups done (1)
2024-11-13T02:52:57 1130364.846 INF Entity zombiePartyGirl 1437 killed by directorfitz 172
2024-11-13T02:53:03 1130370.749 INF 22518502 EntityBackpack id 1443, plyrId 675, (-185.9, 61.2, 679.8) (-12, 42), chunk True (-12, 3, 42), items 27 resourceFeather, resourceWood at (0, 0, 0, xz 0 0) : Write
2024-11-13T02:53:04 1130371.742 INF [DECO] written 75681, in 10ms
2024-11-13T02:53:04 1130371.744 INF [DECO] write thread 1ms
2024-11-13T02:53:07 1130374.770 INF VehicleManager saving 0 (0 + 0)
2024-11-13T02:53:07 1130374.770 INF DroneManager saving 0 (0 + 0)
2024-11-13T02:53:07 1130374.770 INF TurretTracker saving 0 (0 + 0)
2024-11-13T02:53:07 1130374.770 INF VehicleManager saved 9 bytes
2024-11-13T02:53:07 1130374.771 INF DroneManager saved 9 bytes
2024-11-13T02:53:07 1130374.771 INF TurretTracker saved 9 bytes
2024-11-13T02:53:07 1130375.405 INF Entity zombieSteveCrawler 1428 killed by CostaDelMars 171
2024-11-13T02:53:08 1130376.501 INF Time: 18838.85m FPS: 17.89 Heap: 1918.2MB Max: 2384.6MB Chunks: 947 CGO: 82 Ply: 4 Zom: 11 Ent: 20 (97) Items: 4 CO: 9 RSS: 2142.4MB
2024-11-13T02:53:17 1130385.634 INF PlayerSpawnedInWorld (reason: Died, position: -212, 61, 679): EntityID=675, PltfmId='Steam_76561197969472572', CrossId='EOS_00021eebf2db42e69d23b452b65f6d24', OwnerID='Steam_76561197969472572', PlayerName='conceptxo', ClientNumber='5'
2024-11-13T02:53:29 1130396.750 INF 22518949 EntityBackpack id 1443, plyrId 675, (-185.9, 61.2, 679.8) (-12, 42), chunk True (-12, 3, 42), items 27 resourceFeather, resourceWood at (0, 0, 0, xz 0 0) : Write
2024-11-13T02:53:38 1130406.523 INF Time: 18839.35m FPS: 16.72 Heap: 1900.6MB Max: 2384.6MB Chunks: 947 CGO: 97 Ply: 4 Zom: 11 Ent: 20 (83) Items: 2 CO: 10 RSS: 2162.8MB
2024-11-13T02:53:40 1130408.125 INF 22519145 EntityBackpack id 1443, plyrId 675, (-185.9, 61.2, 679.8) (-12, 42), chunk True (-12, 3, 42), items 0  at (0, 0, 0, xz 0 0) : RemoveBackpack empty True, reason empty
2024-11-13T02:53:40 1130408.125 INF 22519145 EntityBackpack id 1443, plyrId 675, (-185.9, 61.2, 679.8) (-12, 42), chunk True (-12, 3, 42), items 0  at (0, 0, 0, xz 0 0) : RemoveBackpack empty True, reason old
2024-11-13T02:53:40 1130408.125 INF 22519145 EntityBackpack id 1443, plyrId 675, (-185.9, 61.2, 679.8) (-12, 42), chunk True (-12, 3, 42), items 0  at (0, 0, 0, xz 0 0) : OnEntityUnload markedForUnload False, IsDead True, IsDespawned False
2024-11-13T02:53:45 1130412.993 INF Entity zombieSteve 1432 killed by CostaDelMars 171
2024-11-13T02:54:08 1130436.536 INF Time: 18839.85m FPS: 17.28 Heap: 1908.5MB Max: 2384.6MB Chunks: 947 CGO: 99 Ply: 4 Zom: 10 Ent: 17 (83) Items: 2 CO: 10 RSS: 2164.9MB
2024-11-13T02:54:15 1130443.515 INF Entity zombieTomClark 1434 killed by directorfitz 172
2024-11-13T02:54:17 1130445.060 INF Entity zombieBusinessMan 1433 killed by CostaDelMars 171
2024-11-13T02:54:25 1130453.629 INF 1130408 SleeperVolume -1286, 67, 827: Spawning -1282, 68, 827 (-81, 51), group 'sleeperHordeStageGS27', class zombieBusinessMan, count 8
2024-11-13T02:54:26 1130453.741 INF 1130408 SleeperVolume -1286, 67, 827: Spawning -1283, 71, 830 (-81, 51), group 'sleeperHordeStageGS27', class zombieDarlene, count 8
2024-11-13T02:54:26 1130454.004 INF 1130408 SleeperVolume -1286, 67, 827: Spawning -1281, 71, 829 (-81, 51), group 'sleeperHordeStageGS27', class zombieJoe, count 10
2024-11-13T02:54:38 1130466.644 INF Time: 18840.35m FPS: 16.99 Heap: 1919.0MB Max: 2384.6MB Chunks: 947 CGO: 88 Ply: 4 Zom: 11 Ent: 18 (86) Items: 2 CO: 9 RSS: 2166.4MB
2024-11-13T02:54:40 1130468.470 INF Entity zombieDarlene 1447 killed by directorfitz 172
2024-11-13T02:54:46 1130474.499 INF Entity zombieJoe 1448 killed by directorfitz 172
2024-11-13T02:54:49 1130477.141 INF Entity zombieBusinessMan 1446 killed by CostaDelMars 171
2024-11-13T02:55:07 1130494.856 INF VehicleManager saving 0 (0 + 0)
2024-11-13T02:55:07 1130494.856 INF DroneManager saving 0 (0 + 0)
2024-11-13T02:55:07 1130494.856 INF TurretTracker saving 0 (0 + 0)
2024-11-13T02:55:07 1130494.857 INF VehicleManager saved 9 bytes
2024-11-13T02:55:07 1130494.858 INF DroneManager saved 9 bytes
2024-11-13T02:55:07 1130494.858 INF TurretTracker saved 9 bytes
2024-11-13T02:55:07 1130495.433 INF MinEventLogMessage: XP gained during the last level:
2024-11-13T02:55:07 1130495.433 INF CVarLogValue: $xpFromLootThisLevel == 0
2024-11-13T02:55:07 1130495.433 INF CVarLogValue: $xpFromHarvestingThisLevel == 0
2024-11-13T02:55:07 1130495.433 INF CVarLogValue: $xpFromKillThisLevel == 0
2024-11-13T02:55:08 1130496.666 INF Time: 18840.85m FPS: 17.57 Heap: 1939.7MB Max: 2384.6MB Chunks: 947 CGO: 92 Ply: 4 Zom: 7 Ent: 15 (86) Items: 2 CO: 10 RSS: 2169.7MB
2024-11-13T02:55:39 1130526.750 INF Time: 18841.35m FPS: 16.64 Heap: 1913.7MB Max: 2384.6MB Chunks: 947 CGO: 86 Ply: 4 Zom: 7 Ent: 12 (82) Items: 0 CO: 10 RSS: 2190.2MB
2024-11-13T02:56:04 1130552.078 INF [DECO] written 75681, in 15ms
2024-11-13T02:56:04 1130552.087 INF [DECO] write thread 8ms
2024-11-13T02:56:09 1130556.758 INF Time: 18841.85m FPS: 17.72 Heap: 1917.1MB Max: 2384.6MB Chunks: 947 CGO: 90 Ply: 4 Zom: 7 Ent: 12 (82) Items: 0 CO: 10 RSS: 2192.7MB
2024-11-13T02:56:39 1130586.774 INF Time: 18842.35m FPS: 17.97 Heap: 1922.3MB Max: 2384.6MB Chunks: 947 CGO: 86 Ply: 4 Zom: 7 Ent: 12 (82) Items: 0 CO: 10 RSS: 2195.2MB
2024-11-13T02:57:07 1130614.861 INF VehicleManager saving 0 (0 + 0)
2024-11-13T02:57:07 1130614.861 INF DroneManager saving 0 (0 + 0)
2024-11-13T02:57:07 1130614.862 INF TurretTracker saving 0 (0 + 0)
2024-11-13T02:57:07 1130614.863 INF VehicleManager saved 9 bytes
2024-11-13T02:57:07 1130614.863 INF DroneManager saved 9 bytes
2024-11-13T02:57:07 1130614.863 INF TurretTracker saved 9 bytes
2024-11-13T02:57:09 1130616.784 INF Time: 18842.85m FPS: 17.16 Heap: 1940.3MB Max: 2384.6MB Chunks: 947 CGO: 107 Ply: 4 Zom: 8 Ent: 14 (84) Items: 0 CO: 10 RSS: 2197.5MB
2024-11-13T02:57:11 1130618.993 INF 1130573 SleeperVolume -1307, 59, 691: Restoring -1304, 63, 697 (-82, 43) 'zombieSteve', count 8
2024-11-13T02:57:11 1130619.001 INF 1130573 SleeperVolume -1307, 59, 700: Spawning -1300, 60, 700 (-82, 43), group 'ZombieGhostTownGroupGS1', class zombieJoe, count 8
2024-11-13T02:57:11 1130619.037 INF 1130574 SleeperVolume -1322, 59, 687: Restoring -1309, 60, 704 (-82, 44) 'zombieSteveCrawler', count 8
2024-11-13T02:57:11 1130619.125 INF 1130574 SleeperVolume -1307, 59, 691: Restoring -1304, 63, 693 (-82, 43) 'zombieJanitor', count 8
2024-11-13T02:57:11 1130619.129 INF 1130574 SleeperVolume -1307, 59, 700: Spawning -1301, 60, 702 (-82, 43), group 'ZombieGhostTownGroupGS1', class zombieSteveCrawler, count 8
2024-11-13T02:57:27 1130635.281 INF Entity zombieJanitor 1455 killed by CostaDelMars 171
2024-11-13T02:57:39 1130646.838 INF Time: 18843.35m FPS: 17.22 Heap: 1922.9MB Max: 2384.6MB Chunks: 993 CGO: 104 Ply: 4 Zom: 12 Ent: 19 (83) Items: 0 CO: 10 RSS: 2209.3MB
2024-11-13T02:57:44 1130652.085 INF Entity zombieSteve 1452 killed by CostaDelMars 171
2024-11-13T02:57:46 1130654.506 INF Entity zombieSteveCrawler 1454 killed by directorfitz 172
2024-11-13T02:58:04 1130672.311 INF Entity zombieSteveCrawler 1456 killed by directorfitz 172
2024-11-13T02:58:07 1130674.873 INF Entity zombieJoe 1453 killed by directorfitz 172
2024-11-13T02:58:09 1130676.878 INF Time: 18843.85m FPS: 16.73 Heap: 1932.2MB Max: 2384.6MB Chunks: 1084 CGO: 119 Ply: 4 Zom: 9 Ent: 20 (84) Items: 0 CO: 10 RSS: 2226.6MB
2024-11-13T02:58:39 1130706.900 INF Time: 18844.36m FPS: 17.76 Heap: 1940.5MB Max: 2384.6MB Chunks: 1084 CGO: 108 Ply: 4 Zom: 9 Ent: 17 (84) Items: 0 CO: 10 RSS: 2231.4MB
2024-11-13T02:58:56 1130724.134 INF Entity zombieSkateboarder 1451 killed by CostaDelMars 171
2024-11-13T02:59:07 1130734.897 INF VehicleManager saving 0 (0 + 0)
2024-11-13T02:59:07 1130734.898 INF DroneManager saving 0 (0 + 0)
2024-11-13T02:59:07 1130734.898 INF TurretTracker saving 0 (0 + 0)
2024-11-13T02:59:07 1130734.899 INF VehicleManager saved 9 bytes
2024-11-13T02:59:07 1130734.899 INF DroneManager saved 9 bytes
2024-11-13T02:59:07 1130734.900 INF TurretTracker saved 9 bytes
2024-11-13T02:59:09 1130736.909 INF Time: 18844.86m FPS: 17.82 Heap: 1951.4MB Max: 2384.6MB Chunks: 1128 CGO: 117 Ply: 4 Zom: 8 Ent: 15 (84) Items: 0 CO: 10 RSS: 2237.7MB
2024-11-13T02:59:39 1130766.897 INF Time: 18845.36m FPS: 16.74 Heap: 1938.5MB Max: 2384.6MB Chunks: 1156 CGO: 113 Ply: 4 Zom: 8 Ent: 15 (84) Items: 0 CO: 10 RSS: 2253.3MB
2024-11-13T03:00:09 1130796.929 INF Time: 18845.86m FPS: 18.78 Heap: 1979.4MB Max: 2384.6MB Chunks: 1156 CGO: 114 Ply: 4 Zom: 7 Ent: 14 (85) Items: 0 CO: 10 RSS: 2286.4MB
2024-11-13T03:00:20 1130808.513 INF Entity animalChicken 1374 killed by Seegee417 1377
2024-11-13T03:00:39 1130826.999 INF Time: 18846.36m FPS: 19.34 Heap: 1984.9MB Max: 2384.6MB Chunks: 1156 CGO: 95 Ply: 4 Zom: 7 Ent: 13 (85) Items: 0 CO: 10 RSS: 2286.1MB
2024-11-13T03:01:07 1130854.937 INF VehicleManager saving 0 (0 + 0)
2024-11-13T03:01:07 1130854.938 INF DroneManager saving 0 (0 + 0)
2024-11-13T03:01:07 1130854.938 INF TurretTracker saving 0 (0 + 0)
2024-11-13T03:01:07 1130854.940 INF VehicleManager saved 9 bytes
2024-11-13T03:01:07 1130854.940 INF DroneManager saved 9 bytes
2024-11-13T03:01:07 1130854.941 INF TurretTracker saved 9 bytes
2024-11-13T03:01:09 1130857.008 INF Time: 18846.86m FPS: 17.41 Heap: 1992.0MB Max: 2384.6MB Chunks: 1156 CGO: 113 Ply: 4 Zom: 9 Ent: 15 (87) Items: 0 CO: 9 RSS: 2286.3MB
2024-11-13T03:01:39 1130887.062 INF Time: 18847.36m FPS: 17.71 Heap: 1974.4MB Max: 2384.6MB Chunks: 1156 CGO: 103 Ply: 4 Zom: 9 Ent: 13 (84) Items: 0 CO: 10 RSS: 2286.3MB
2024-11-13T03:02:09 1130917.108 INF Time: 18847.86m FPS: 17.22 Heap: 1983.9MB Max: 2384.6MB Chunks: 1156 CGO: 104 Ply: 4 Zom: 9 Ent: 14 (85) Items: 0 CO: 10 RSS: 2289.9MB
2024-11-13T03:02:39 1130947.129 INF Time: 18848.36m FPS: 17.31 Heap: 1993.3MB Max: 2384.6MB Chunks: 1220 CGO: 116 Ply: 4 Zom: 8 Ent: 13 (85) Items: 0 CO: 10 RSS: 2292.1MB
2024-11-13T03:03:07 1130975.001 INF VehicleManager saving 0 (0 + 0)
2024-11-13T03:03:07 1130975.001 INF DroneManager saving 0 (0 + 0)
2024-11-13T03:03:07 1130975.001 INF TurretTracker saving 0 (0 + 0)
2024-11-13T03:03:07 1130975.002 INF VehicleManager saved 9 bytes
2024-11-13T03:03:07 1130975.002 INF DroneManager saved 9 bytes
2024-11-13T03:03:07 1130975.003 INF TurretTracker saved 9 bytes
2024-11-13T03:03:09 1130977.149 INF Time: 18848.86m FPS: 17.63 Heap: 2006.2MB Max: 2384.6MB Chunks: 1254 CGO: 93 Ply: 4 Zom: 7 Ent: 11 (85) Items: 0 CO: 10 RSS: 2293.0MB
2024-11-13T03:03:39 1131007.194 INF Time: 18849.36m FPS: 17.36 Heap: 2046.2MB Max: 2384.6MB Chunks: 1270 CGO: 94 Ply: 4 Zom: 7 Ent: 12 (84) Items: 0 CO: 10 RSS: 2365.5MB
2024-11-13T03:03:49 1131016.784 INF AIDirector: Spawning Scouts at (-268.0, 65.0, 621.0), to (-208.0, 61.0, 675.0)
2024-11-13T03:03:49 1131016.794 INF Spawning this wave: 1
2024-11-13T03:03:49 1131016.891 INF Spawned [type=EntityZombie, name=zombieScreamer, id=1464] at (-274.5, 73.0, 623.5) Day=7 TotalInWave=1 CurrentWave=1
2024-11-13T03:03:49 1131016.892 INF AIDirector: scout horde spawned '[type=EntityZombie, name=zombieScreamer, id=1464]'. Moving to point of interest
2024-11-13T03:03:52 1131020.697 INF Start a new wave 'Scouts'. timeout=1s. worldtime=0
2024-11-13T03:04:09 1131037.212 INF Time: 18849.86m FPS: 17.53 Heap: 2054.4MB Max: 2384.6MB Chunks: 1357 CGO: 115 Ply: 4 Zom: 9 Ent: 14 (87) Items: 0 CO: 11 RSS: 2398.7MB
2024-11-13T03:04:39 1131067.273 INF Time: 18850.36m FPS: 17.92 Heap: 2181.5MB Max: 2384.6MB Chunks: 1357 CGO: 94 Ply: 4 Zom: 8 Ent: 13 (87) Items: 0 CO: 11 RSS: 2511.5MB
2024-11-13T03:05:07 1131095.058 INF VehicleManager saving 0 (0 + 0)
2024-11-13T03:05:07 1131095.058 INF DroneManager saving 0 (0 + 0)
2024-11-13T03:05:07 1131095.058 INF TurretTracker saving 0 (0 + 0)
2024-11-13T03:05:07 1131095.059 INF VehicleManager saved 9 bytes
2024-11-13T03:05:07 1131095.060 INF DroneManager saved 9 bytes
2024-11-13T03:05:07 1131095.060 INF TurretTracker saved 9 bytes
2024-11-13T03:05:09 1131097.287 INF Time: 18850.86m FPS: 18.15 Heap: 2187.5MB Max: 2384.6MB Chunks: 1357 CGO: 87 Ply: 4 Zom: 8 Ent: 13 (87) Items: 0 CO: 11 RSS: 2511.7MB
2024-11-13T03:05:14 1131102.225 INF AIDirector: Scout spawned a zombie horde
2024-11-13T03:05:14 1131102.229 INF Party of 2, game stage 4, enemy max 1, bonus every 12
2024-11-13T03:05:14 1131102.230 INF Party members: 
2024-11-13T03:05:14 1131102.230 INF Player id 675, gameStage 4
2024-11-13T03:05:14 1131102.230 INF Player id 1377, gameStage 1
2024-11-13T03:05:14 1131102.235 INF Screamer spawned zombieMoe from scoutHordeStageGS2
2024-11-13T03:05:14 1131102.307 INF AIDirectorGameStagePartySpawner: groups done (1)
2024-11-13T03:05:35 1131123.587 INF AIDirector: Scout spawned a zombie horde
2024-11-13T03:05:35 1131123.587 INF Party of 2, game stage 4, enemy max 1, bonus every 12
2024-11-13T03:05:35 1131123.587 INF Party members: 
2024-11-13T03:05:35 1131123.587 INF Player id 1377, gameStage 1
2024-11-13T03:05:35 1131123.587 INF Player id 675, gameStage 4
2024-11-13T03:05:35 1131123.590 INF Screamer spawned zombieJoe from scoutHordeStageGS2
2024-11-13T03:05:35 1131123.648 INF AIDirectorGameStagePartySpawner: groups done (1)
2024-11-13T03:05:39 1131127.311 INF Time: 18851.36m FPS: 17.64 Heap: 2172.3MB Max: 2384.6MB Chunks: 1357 CGO: 91 Ply: 4 Zom: 9 Ent: 14 (84) Items: 0 CO: 11 RSS: 2519.0MB
2024-11-13T03:05:39 1131127.704 INF Entity zombieScreamer 1464 killed by Seegee417 1377
2024-11-13T03:05:39 1131127.709 INF AIDirector: scout horde '[type=EntityZombie, name=zombieScreamer, id=1464]' removed from control
2024-11-13T03:05:39 1131127.709 INF AIDirector: Scout triggered horde finished (all mobs spawned)
2024-11-13T03:05:39 1131127.720 INF AIDirector: Scout horde spawn finished (all mobs spawned)
2024-11-13T03:06:09 1131157.319 INF Time: 18851.86m FPS: 17.47 Heap: 2175.3MB Max: 2384.6MB Chunks: 1357 CGO: 74 Ply: 4 Zom: 9 Ent: 14 (84) Items: 0 CO: 10 RSS: 2518.9MB
2024-11-13T03:06:38 1131185.907 INF Entity zombieJoe 1467 killed by Seegee417 1377
2024-11-13T03:06:39 1131187.040 INF MinEventLogMessage: XP gained during the last level:
2024-11-13T03:06:39 1131187.040 INF CVarLogValue: $xpFromLootThisLevel == 0
2024-11-13T03:06:39 1131187.040 INF CVarLogValue: $xpFromHarvestingThisLevel == 0
2024-11-13T03:06:39 1131187.040 INF CVarLogValue: $xpFromKillThisLevel == 0
2024-11-13T03:06:39 1131187.420 INF Time: 18852.37m FPS: 17.40 Heap: 2182.9MB Max: 2384.6MB Chunks: 1357 CGO: 79 Ply: 4 Zom: 8 Ent: 13 (84) Items: 0 CO: 10 RSS: 2522.0MB
2024-11-13T03:07:07 1131215.140 INF VehicleManager saving 0 (0 + 0)
2024-11-13T03:07:07 1131215.141 INF DroneManager saving 0 (0 + 0)
2024-11-13T03:07:07 1131215.141 INF TurretTracker saving 0 (0 + 0)
2024-11-13T03:07:07 1131215.143 INF VehicleManager saved 9 bytes
2024-11-13T03:07:07 1131215.143 INF TurretTracker saved 9 bytes
2024-11-13T03:07:07 1131215.143 INF DroneManager saved 9 bytes
2024-11-13T03:07:09 1131217.464 INF Time: 18852.87m FPS: 17.36 Heap: 2189.1MB Max: 2384.6MB Chunks: 1357 CGO: 74 Ply: 4 Zom: 8 Ent: 13 (84) Items: 0 CO: 10 RSS: 2522.5MB
2024-11-13T03:07:30 1131238.708 INF 22533784 Vehicle PostInit [type=EntityBicycle, name=vehicleBicycle, id=1468], (-530.24, 61.14, 531.74) (chunk -34, 33), rbPos (0.00, 0.00, 0.00)
2024-11-13T03:07:37 1131245.332 INF Entity zombieMoe 1466 killed by Seegee417 1377
2024-11-13T03:07:39 1131247.471 INF Time: 18853.37m FPS: 17.42 Heap: 2176.7MB Max: 2384.6MB Chunks: 1357 CGO: 90 Ply: 4 Zom: 7 Ent: 13 (85) Items: 0 CO: 10 RSS: 2534.7MB
2024-11-13T03:07:40 1131248.580 INF VehicleManager saving 1 (1 + 0)
2024-11-13T03:07:40 1131248.582 INF 22533955 VehicleManager write #0, id 1468, vehicleBicycle, (-474.3, 61.0, 525.0), chunk -30, 32
2024-11-13T03:07:40 1131248.583 INF VehicleManager saved 356 bytes
2024-11-13T03:08:09 1131277.520 INF Time: 18853.87m FPS: 17.26 Heap: 2181.2MB Max: 2384.6MB Chunks: 1357 CGO: 81 Ply: 4 Zom: 6 Ent: 12 (85) Items: 0 CO: 10 RSS: 2522.8MB
2024-11-13T03:08:16 1131284.040 INF 1131239 SleeperVolume -117, 59, 603: Restoring -117, 62, 607 (-8, 37) 'zombieMoe', count 6
2024-11-13T03:08:21 1131289.634 INF 1131244 SleeperVolume -112, 61, 615: Restoring -96, 61, 615 (-6, 38) 'animalZombieDog', count 7
2024-11-13T03:08:39 1131307.526 INF Time: 18854.37m FPS: 17.14 Heap: 2188.6MB Max: 2384.6MB Chunks: 1357 CGO: 100 Ply: 4 Zom: 9 Ent: 15 (89) Items: 0 CO: 10 RSS: 2525.3MB
2024-11-13T03:08:42 1131309.821 INF AIAirDrop: Computed flight paths for 1 aircraft.
2024-11-13T03:08:42 1131309.821 INF AIAirDrop: Waiting for supply crate chunk locations to load...
ERROR: Shader Legacy Shaders/Transparent/VertexLit shader is not supported on this GPU (none of subshaders/fallbacks are suitable)
WARNING: Shader Unsupported: 'Legacy Shaders/Transparent/Specular' - All subshaders removed
WARNING: Shader Did you use #pragma only_renderers and omit this platform?
WARNING: Shader If subshaders removal was intentional, you may have forgotten turning Fallback off?
ERROR: Shader Legacy Shaders/Transparent/Specular shader is not supported on this GPU (none of subshaders/fallbacks are suitable)
WARNING: Shader Unsupported: 'Legacy Shaders/Transparent/Specular' - All subshaders removed
WARNING: Shader Did you use #pragma only_renderers and omit this platform?
WARNING: Shader If subshaders removal was intentional, you may have forgotten turning Fallback off?
2024-11-13T03:08:48 1131315.975 INF AIAirDrop: Spawned aircraft at ((-1385.9, 241.1, 862.2)), heading ((0.9, -0.5))
There is no texture data available to upload.
2024-11-13T03:08:53 1131320.981 INF AIAirDrop: Spawned supply crate at (-865.1, 231.1, 543.0), plane is at (-874.38, 241.09, 548.66)
2024-11-13T03:09:07 1131335.165 INF DroneManager saving 0 (0 + 0)
2024-11-13T03:09:07 1131335.165 INF TurretTracker saving 0 (0 + 0)
2024-11-13T03:09:07 1131335.166 INF DroneManager saved 9 bytes
2024-11-13T03:09:07 1131335.166 INF TurretTracker saved 9 bytes
2024-11-13T03:09:09 1131337.662 INF Time: 18854.87m FPS: 16.84 Heap: 2934.7MB Max: 2934.7MB Chunks: 1357 CGO: 124 Ply: 4 Zom: 12 Ent: 19 (95) Items: 0 CO: 11 RSS: 3252.7MB
2024-11-13T03:09:39 1131367.700 INF Time: 18855.37m FPS: 17.56 Heap: 2916.7MB Max: 2934.7MB Chunks: 1357 CGO: 123 Ply: 4 Zom: 11 Ent: 17 (90) Items: 0 CO: 11 RSS: 3261.0MB
2024-11-13T03:09:40 1131368.686 INF VehicleManager saving 1 (1 + 0)
2024-11-13T03:09:40 1131368.686 INF 22536041 VehicleManager write #0, id 1468, vehicleBicycle, (212.9, 60.5, 131.8), chunk 13, 8
2024-11-13T03:09:40 1131368.687 INF VehicleManager saved 356 bytes
2024-11-13T03:09:59 1131386.996 INF 1131341 SleeperVolume 321, 61, 65: Spawning 327, 61, 69 (20, 4), group 'sleeperHordeStageGS36', class zombieMoe, count 11
2024-11-13T03:10:06 1131393.826 INF [DECO] written 75685, in 21ms
2024-11-13T03:10:06 1131393.829 INF [DECO] write thread 2ms
2024-11-13T03:10:09 1131397.728 INF Time: 18855.87m FPS: 17.24 Heap: 2925.0MB Max: 2934.7MB Chunks: 1357 CGO: 124 Ply: 4 Zom: 11 Ent: 17 (94) Items: 0 CO: 11 RSS: 3264.7MB
2024-11-13T03:10:40 1131427.781 INF Time: 18856.37m FPS: 17.50 Heap: 2939.3MB Max: 2939.3MB Chunks: 1357 CGO: 138 Ply: 4 Zom: 12 Ent: 18 (104) Items: 0 CO: 10 RSS: 3284.9MB
2024-11-13T03:10:43 1131431.141 WRN Occlusion: RemoveEntity [type=EntityBicycle, name=vehicleBicycle, id=1468] missing
2024-11-13T03:10:43 1131431.150 INF 22537118 VehicleManager RemoveTrackedVehicle [type=EntityBicycle, name=vehicleBicycle, id=1468], Killed
2024-11-13T03:10:53 1131441.043 INF VehicleManager saving 0 (0 + 0)
2024-11-13T03:10:53 1131441.045 INF VehicleManager saved 9 bytes
2024-11-13T03:11:06 1131454.032 INF [DECO] written 75695, in 10ms
2024-11-13T03:11:06 1131454.033 INF [DECO] write thread 1ms
2024-11-13T03:11:07 1131455.176 INF DroneManager saving 0 (0 + 0)
2024-11-13T03:11:07 1131455.176 INF TurretTracker saving 0 (0 + 0)
2024-11-13T03:11:07 1131455.176 INF TurretTracker saved 9 bytes
2024-11-13T03:11:07 1131455.176 INF DroneManager saved 9 bytes
2024-11-13T03:11:10 1131457.790 INF Time: 18856.87m FPS: 16.79 Heap: 2955.7MB Max: 2955.7MB Chunks: 1357 CGO: 142 Ply: 4 Zom: 13 Ent: 19 (108) Items: 0 CO: 10 RSS: 3308.3MB
2024-11-13T03:11:40 1131487.808 INF Time: 18857.37m FPS: 16.69 Heap: 2945.8MB Max: 2955.7MB Chunks: 1357 CGO: 140 Ply: 4 Zom: 11 Ent: 18 (94) Items: 0 CO: 10 RSS: 3333.6MB
2024-11-13T03:12:10 1131517.811 INF Time: 18857.87m FPS: 17.36 Heap: 2952.8MB Max: 2955.7MB Chunks: 1461 CGO: 162 Ply: 4 Zom: 14 Ent: 21 (97) Items: 0 CO: 10 RSS: 3339.7MB
2024-11-13T03:12:26 1131533.916 INF Entity zombieSteve 1500 killed by directorfitz 172
2024-11-13T03:12:40 1131547.841 INF Time: 18858.37m FPS: 17.11 Heap: 2964.2MB Max: 2964.2MB Chunks: 1544 CGO: 181 Ply: 4 Zom: 13 Ent: 22 (99) Items: 1 CO: 10 RSS: 3348.3MB
2024-11-13T03:12:47 1131555.416 INF Entity sc_General 1476 killed
2024-11-13T03:12:53 1131561.141 INF VehicleManager saving 0 (0 + 0)
2024-11-13T03:12:53 1131561.141 INF VehicleManager saved 9 bytes
2024-11-13T03:12:54 1131561.904 INF 22539370 Vehicle PostInit [type=EntityBicycle, name=vehicleBicycle, id=1505], (302.91, 73.10, -182.46) (chunk 18, -12), rbPos (0.00, 0.00, 0.00)
2024-11-13T03:12:56 1131564.338 INF 1131519 SleeperVolume -278, 66, 1029: Spawning -270, 67, 1032 (-17, 64), group 'sleeperHordeStageGS14', class zombieSteveCrawler, count 16
2024-11-13T03:12:56 1131564.338 WRN Spawn zombieSteveCrawler can't walk on block sleeperIdle 23997 with walkType 21
2024-11-13T03:12:56 1131564.338 INF 1131519 SleeperVolume -268, 61, 1030: None spawned, canSpawn True, respawnCnt 0
2024-11-13T03:12:56 1131564.434 INF 1131519 SleeperVolume -278, 66, 1029: Spawning -263, 67, 1032 (-17, 64), group 'sleeperHordeStageGS14', class zombieMoe, count 16
2024-11-13T03:12:56 1131564.645 INF 1131519 SleeperVolume -278, 66, 1029: Spawning -277, 67, 1030 (-18, 64), group 'sleeperHordeStageGS14', class zombieNurse, count 16
2024-11-13T03:13:04 1131571.922 INF VehicleManager saving 1 (1 + 0)
2024-11-13T03:13:04 1131571.922 INF 22539537 VehicleManager write #0, id 1505, vehicleBicycle, (282.3, 74.7, -141.0), chunk 17, -9
2024-11-13T03:13:04 1131571.922 INF VehicleManager saved 356 bytes
2024-11-13T03:13:06 1131574.303 INF [DECO] written 75695, in 16ms
2024-11-13T03:13:06 1131574.304 INF [DECO] write thread 1ms
2024-11-13T03:13:07 1131575.180 INF DroneManager saving 0 (0 + 0)
2024-11-13T03:13:07 1131575.180 INF TurretTracker saving 0 (0 + 0)
2024-11-13T03:13:07 1131575.189 INF TurretTracker saved 9 bytes
2024-11-13T03:13:07 1131575.189 INF DroneManager saved 9 bytes
2024-11-13T03:13:08 1131575.940 INF 1131530 SleeperVolume -280, 62, 1016: Spawning -274, 63, 1025 (-18, 64), group 'sleeperHordeStageGS14', class zombieMarlene, count 17
2024-11-13T03:13:08 1131575.943 INF 1131530 SleeperVolume -280, 57, 1010: Spawning -276, 57, 1015 (-18, 63), group 'sleeperHordeStageGS14', class zombieUtilityWorker, count 17
2024-11-13T03:13:08 1131576.044 INF 1131530 SleeperVolume -273, 62, 1027: None spawned, canSpawn True, respawnCnt 0
2024-11-13T03:13:08 1131576.064 INF 1131531 SleeperVolume -280, 62, 1016: Spawning -280, 62, 1032 (-18, 64), group 'sleeperHordeStageGS14', class zombiePartyGirl, count 17
2024-11-13T03:13:08 1131576.069 INF 1131531 SleeperVolume -280, 57, 1010: Spawning -278, 57, 1013 (-18, 63), group 'sleeperHordeStageGS14', class zombieJanitor, count 17
2024-11-13T03:13:08 1131576.225 INF 1131531 SleeperVolume -280, 62, 1016: Spawning -271, 62, 1034 (-17, 64), group 'sleeperHordeStageGS14', class zombieYo, count 17
2024-11-13T03:13:08 1131576.230 INF 1131531 SleeperVolume -280, 57, 1010: Spawning -278, 57, 1020 (-18, 63), group 'sleeperHordeStageGS14', class zombieUtilityWorker, count 17
2024-11-13T03:13:10 1131577.910 INF Time: 18858.87m FPS: 17.39 Heap: 2980.8MB Max: 2980.8MB Chunks: 1550 CGO: 164 Ply: 4 Zom: 21 Ent: 31 (115) Items: 1 CO: 10 RSS: 3352.8MB
2024-11-13T03:13:25 1131593.160 INF Entity zombieMoe 1507 killed by directorfitz 172
2024-11-13T03:13:36 1131604.642 INF 1131559 SleeperVolume 292, 61, 68: Spawning 294, 61, 71 (18, 4), group 'SnakeGroup', class animalSnake, count 20
2024-11-13T03:13:40 1131607.950 INF Time: 18859.37m FPS: 16.48 Heap: 2945.9MB Max: 2980.8MB Chunks: 1606 CGO: 160 Ply: 4 Zom: 23 Ent: 32 (93) Items: 1 CO: 10 RSS: 3391.4MB
2024-11-13T03:13:42 1131610.251 INF Entity zombieNurse 1508 killed by directorfitz 172
2024-11-13T03:13:46 1131614.547 WRN Received NetPackageEntityRelPosAndRot with invalid entityId 1505 from EntityID=171, PltfmId='Steam_76561199036446150', CrossId='EOS_0002f1e01ad44091a9b0bde8c30901e7', OwnerID='Steam_76561199036446150', PlayerName='CostaDelMars', ClientNumber='9'
2024-11-13T03:14:10 1131638.037 INF Time: 18859.87m FPS: 16.98 Heap: 2950.0MB Max: 2980.8MB Chunks: 1609 CGO: 153 Ply: 4 Zom: 21 Ent: 29 (98) Items: 1 CO: 10 RSS: 3393.3MB
2024-11-13T03:14:10 1131638.324 INF 1131593 SleeperVolume -274, 57, 1010: None spawned, canSpawn True, respawnCnt 0
2024-11-13T03:14:12 1131640.260 INF Entity zombieMarlene 1509 killed by directorfitz 172
2024-11-13T03:14:32 1131660.202 INF Entity zombiePartyGirl 1511 killed by directorfitz 172
2024-11-13T03:14:40 1131668.067 INF Time: 18860.38m FPS: 17.37 Heap: 2961.0MB Max: 2980.8MB Chunks: 1632 CGO: 139 Ply: 4 Zom: 15 Ent: 24 (103) Items: 1 CO: 10 RSS: 3395.5MB
2024-11-13T03:15:01 1131689.148 INF Entity zombieYo 1513 killed by directorfitz 172
2024-11-13T03:15:04 1131691.929 INF VehicleManager saving 1 (1 + 0)
2024-11-13T03:15:04 1131691.929 INF 22541589 VehicleManager write #0, id 1505, vehicleBicycle, (-160.4, 61.0, 404.9), chunk -11, 25
2024-11-13T03:15:04 1131691.930 INF VehicleManager saved 356 bytes
2024-11-13T03:15:07 1131695.187 INF DroneManager saving 0 (0 + 0)
2024-11-13T03:15:07 1131695.187 INF TurretTracker saving 0 (0 + 0)
2024-11-13T03:15:07 1131695.188 INF DroneManager saved 9 bytes
2024-11-13T03:15:07 1131695.188 INF TurretTracker saved 9 bytes
2024-11-13T03:15:10 1131698.110 INF Time: 18860.88m FPS: 17.17 Heap: 2978.8MB Max: 2980.8MB Chunks: 1632 CGO: 120 Ply: 4 Zom: 11 Ent: 20 (104) Items: 1 CO: 10 RSS: 3395.6MB
2024-11-13T03:15:40 1131728.156 INF Time: 18861.38m FPS: 17.31 Heap: 2955.6MB Max: 2980.8MB Chunks: 1632 CGO: 107 Ply: 4 Zom: 12 Ent: 19 (94) Items: 1 CO: 10 RSS: 3415.2MB
2024-11-13T03:15:51 1131739.229 INF Entity zombieUtilityWorker 1514 killed by directorfitz 172
2024-11-13T03:15:58 1131746.287 INF Entity zombieJanitor 1512 killed by directorfitz 172
2024-11-13T03:16:02 1131750.069 WRN Received NetPackageEntityRelPosAndRot with invalid entityId 1505 from EntityID=171, PltfmId='Steam_76561199036446150', CrossId='EOS_0002f1e01ad44091a9b0bde8c30901e7', OwnerID='Steam_76561199036446150', PlayerName='CostaDelMars', ClientNumber='9'
2024-11-13T03:16:04 1131752.488 INF Entity zombieUtilityWorker 1510 killed by directorfitz 172
2024-11-13T03:16:10 1131758.156 INF Time: 18861.88m FPS: 16.97 Heap: 2959.4MB Max: 2980.8MB Chunks: 1632 CGO: 97 Ply: 4 Zom: 9 Ent: 18 (94) Items: 1 CO: 10 RSS: 3417.2MB
2024-11-13T03:16:20 1131768.065 WRN Occlusion: RemoveEntity [type=EntityBicycle, name=vehicleBicycle, id=1505] missing
2024-11-13T03:16:20 1131768.065 INF 22542896 VehicleManager RemoveTrackedVehicle [type=EntityBicycle, name=vehicleBicycle, id=1505], Killed
2024-11-13T03:16:30 1131778.061 INF VehicleManager saving 0 (0 + 0)
2024-11-13T03:16:30 1131778.062 INF VehicleManager saved 9 bytes
2024-11-13T03:16:40 1131788.204 INF Time: 18862.38m FPS: 17.52 Heap: 2965.2MB Max: 2980.8MB Chunks: 1632 CGO: 101 Ply: 4 Zom: 9 Ent: 16 (94) Items: 1 CO: 10 RSS: 3417.2MB
2024-11-13T03:17:07 1131815.260 INF DroneManager saving 0 (0 + 0)
2024-11-13T03:17:07 1131815.260 INF TurretTracker saving 0 (0 + 0)
2024-11-13T03:17:07 1131815.262 INF DroneManager saved 9 bytes
2024-11-13T03:17:07 1131815.262 INF TurretTracker saved 9 bytes
2024-11-13T03:17:10 1131818.288 INF Time: 18862.88m FPS: 17.57 Heap: 2973.7MB Max: 2980.8MB Chunks: 1632 CGO: 95 Ply: 4 Zom: 9 Ent: 14 (94) Items: 1 CO: 10 RSS: 3417.2MB
2024-11-13T03:17:40 1131848.399 INF Time: 18863.38m FPS: 17.20 Heap: 2950.1MB Max: 2980.8MB Chunks: 1632 CGO: 105 Ply: 4 Zom: 9 Ent: 14 (94) Items: 1 CO: 10 RSS: 3432.1MB
2024-11-13T03:18:10 1131878.412 INF Time: 18863.88m FPS: 17.40 Heap: 2955.9MB Max: 2980.8MB Chunks: 1632 CGO: 107 Ply: 4 Zom: 8 Ent: 13 (94) Items: 1 CO: 10 RSS: 3433.2MB
2024-11-13T03:18:30 1131898.164 INF VehicleManager saving 0 (0 + 0)
2024-11-13T03:18:30 1131898.166 INF VehicleManager saved 9 bytes
2024-11-13T03:18:40 1131908.421 INF Time: 18864.38m FPS: 17.60 Heap: 2960.9MB Max: 2980.8MB Chunks: 1632 CGO: 103 Ply: 4 Zom: 8 Ent: 13 (94) Items: 1 CO: 10 RSS: 3436.5MB
2024-11-13T03:18:55 1131923.349 INF Entity zombieMoe 1501 killed by directorfitz 172
2024-11-13T03:19:07 1131935.280 INF DroneManager saving 0 (0 + 0)
2024-11-13T03:19:07 1131935.280 INF TurretTracker saving 0 (0 + 0)
2024-11-13T03:19:07 1131935.281 INF DroneManager saved 9 bytes
2024-11-13T03:19:07 1131935.281 INF TurretTracker saved 9 bytes
2024-11-13T03:19:10 1131938.453 INF Time: 18864.88m FPS: 17.13 Heap: 2970.5MB Max: 2980.8MB Chunks: 1632 CGO: 122 Ply: 4 Zom: 9 Ent: 15 (96) Items: 1 CO: 10 RSS: 3436.8MB
2024-11-13T03:19:40 1131968.531 INF Time: 18865.38m FPS: 17.53 Heap: 2950.0MB Max: 2980.8MB Chunks: 1632 CGO: 99 Ply: 4 Zom: 8 Ent: 14 (92) Items: 1 CO: 10 RSS: 3440.1MB
2024-11-13T03:20:00 1131988.422 INF Entity zombieArlene 1530 killed by directorfitz 172
2024-11-13T03:20:07 1131995.077 INF [DECO] written 75695, in 9ms
2024-11-13T03:20:07 1131995.078 INF [DECO] write thread 1ms
2024-11-13T03:20:10 1131998.546 INF Time: 18865.88m FPS: 17.80 Heap: 2955.2MB Max: 2980.8MB Chunks: 1632 CGO: 100 Ply: 4 Zom: 7 Ent: 12 (93) Items: 1 CO: 10 RSS: 3440.2MB
2024-11-13T03:20:30 1132018.168 INF VehicleManager saving 0 (0 + 0)
2024-11-13T03:20:30 1132018.169 INF VehicleManager saved 9 bytes
2024-11-13T03:20:40 1132028.567 INF Time: 18866.38m FPS: 17.53 Heap: 2960.8MB Max: 2980.8MB Chunks: 1632 CGO: 87 Ply: 4 Zom: 6 Ent: 11 (94) Items: 1 CO: 10 RSS: 3429.5MB
2024-11-13T03:21:07 1132055.186 INF [DECO] written 75694, in 9ms
2024-11-13T03:21:07 1132055.194 INF [DECO] write thread 8ms
2024-11-13T03:21:07 1132055.303 INF DroneManager saving 0 (0 + 0)
2024-11-13T03:21:07 1132055.303 INF TurretTracker saving 0 (0 + 0)
2024-11-13T03:21:07 1132055.304 INF DroneManager saved 9 bytes
2024-11-13T03:21:07 1132055.304 INF TurretTracker saved 9 bytes
2024-11-13T03:21:10 1132058.590 INF Time: 18866.88m FPS: 17.73 Heap: 2968.7MB Max: 2980.8MB Chunks: 1632 CGO: 70 Ply: 4 Zom: 6 Ent: 10 (94) Items: 1 CO: 10 RSS: 3429.5MB
2024-11-13T03:21:40 1132088.663 INF Time: 18867.38m FPS: 17.99 Heap: 2948.6MB Max: 2980.8MB Chunks: 1632 CGO: 78 Ply: 4 Zom: 7 Ent: 11 (91) Items: 0 CO: 10 RSS: 3429.5MB
2024-11-13T03:22:10 1132118.698 INF Time: 18867.88m FPS: 17.78 Heap: 2952.6MB Max: 2980.8MB Chunks: 1632 CGO: 67 Ply: 4 Zom: 7 Ent: 11 (91) Items: 0 CO: 10 RSS: 3430.1MB
2024-11-13T03:22:30 1132138.196 INF VehicleManager saving 0 (0 + 0)
2024-11-13T03:22:30 1132138.197 INF VehicleManager saved 9 bytes
2024-11-13T03:22:40 1132148.739 INF Time: 18868.38m FPS: 17.97 Heap: 2959.2MB Max: 2980.8MB Chunks: 1632 CGO: 96 Ply: 4 Zom: 7 Ent: 12 (92) Items: 0 CO: 10 RSS: 3430.1MB
2024-11-13T03:23:07 1132175.304 INF DroneManager saving 0 (0 + 0)
2024-11-13T03:23:07 1132175.304 INF TurretTracker saving 0 (0 + 0)
2024-11-13T03:23:07 1132175.305 INF DroneManager saved 9 bytes
2024-11-13T03:23:07 1132175.306 INF TurretTracker saved 9 bytes
2024-11-13T03:23:11 1132178.841 INF Time: 18868.89m FPS: 17.54 Heap: 2970.4MB Max: 2980.8MB Chunks: 1632 CGO: 80 Ply: 4 Zom: 7 Ent: 12 (92) Items: 0 CO: 10 RSS: 3430.1MB
2024-11-13T03:23:41 1132208.856 INF Time: 18869.39m FPS: 16.75 Heap: 2950.8MB Max: 2980.8MB Chunks: 1632 CGO: 88 Ply: 4 Zom: 6 Ent: 11 (93) Items: 0 CO: 10 RSS: 3430.2MB
2024-11-13T03:24:11 1132238.935 INF Time: 18869.89m FPS: 17.55 Heap: 2955.1MB Max: 2980.8MB Chunks: 1632 CGO: 74 Ply: 4 Zom: 6 Ent: 10 (93) Items: 0 CO: 10 RSS: 3430.2MB
2024-11-13T03:24:30 1132258.205 INF VehicleManager saving 0 (0 + 0)
2024-11-13T03:24:30 1132258.205 INF VehicleManager saved 9 bytes
2024-11-13T03:24:41 1132268.939 INF Time: 18870.39m FPS: 17.88 Heap: 2961.8MB Max: 2980.8MB Chunks: 1632 CGO: 73 Ply: 4 Zom: 6 Ent: 10 (93) Items: 0 CO: 10 RSS: 3430.2MB
2024-11-13T03:25:07 1132295.349 INF DroneManager saving 0 (0 + 0)
2024-11-13T03:25:07 1132295.349 INF TurretTracker saving 0 (0 + 0)
2024-11-13T03:25:07 1132295.351 INF DroneManager saved 9 bytes
2024-11-13T03:25:07 1132295.351 INF TurretTracker saved 9 bytes
2024-11-13T03:25:11 1132298.944 INF Time: 18870.89m FPS: 17.97 Heap: 2971.0MB Max: 2980.8MB Chunks: 1632 CGO: 88 Ply: 4 Zom: 7 Ent: 11 (94) Items: 0 CO: 10 RSS: 3430.2MB
2024-11-13T03:25:41 1132328.982 INF Time: 18871.39m FPS: 17.06 Heap: 2950.3MB Max: 2980.8MB Chunks: 1632 CGO: 87 Ply: 4 Zom: 7 Ent: 11 (93) Items: 0 CO: 10 RSS: 3430.2MB
2024-11-13T03:26:11 1132359.049 INF Time: 18871.89m FPS: 17.32 Heap: 2954.9MB Max: 2980.8MB Chunks: 1632 CGO: 83 Ply: 4 Zom: 7 Ent: 11 (93) Items: 0 CO: 10 RSS: 3430.2MB
2024-11-13T03:26:20 1132368.548 INF AIDirector: Wandering spawner finished Horde
2024-11-13T03:26:21 1132368.970 WRN 22553488 World unloadEntity !dict [type=EntityVulture, name=animalZombieVulture, id=1438], Unloaded, was Unloaded
2024-11-13T03:26:30 1132378.275 INF VehicleManager saving 0 (0 + 0)
2024-11-13T03:26:30 1132378.276 INF VehicleManager saved 9 bytes
2024-11-13T03:26:41 1132389.070 INF Time: 18872.39m FPS: 18.11 Heap: 2958.8MB Max: 2980.8MB Chunks: 1632 CGO: 27 Ply: 4 Zom: 1 Ent: 5 (93) Items: 0 CO: 4 RSS: 3430.2MB
2024-11-13T03:27:07 1132415.415 INF DroneManager saving 0 (0 + 0)
2024-11-13T03:27:07 1132415.415 INF TurretTracker saving 0 (0 + 0)
2024-11-13T03:27:07 1132415.417 INF DroneManager saved 9 bytes
2024-11-13T03:27:07 1132415.417 INF TurretTracker saved 9 bytes
2024-11-13T03:27:11 1132419.107 INF Time: 18872.89m FPS: 17.90 Heap: 2963.4MB Max: 2980.8MB Chunks: 1632 CGO: 24 Ply: 4 Zom: 1 Ent: 5 (93) Items: 0 CO: 4 RSS: 3430.2MB
2024-11-13T03:27:30 1132438.084 INF 22554723 Vehicle PostInit [type=EntityBicycle, name=vehicleBicycle, id=1536], (-330.28, 61.14, 639.01) (chunk -21, 39), rbPos (0.00, 0.00, 0.00)
2024-11-13T03:27:40 1132447.985 INF VehicleManager saving 1 (1 + 0)
2024-11-13T03:27:40 1132447.986 INF 22554898 VehicleManager write #0, id 1536, vehicleBicycle, (-266.2, 61.0, 645.2), chunk -17, 40
2024-11-13T03:27:40 1132447.987 INF VehicleManager saved 356 bytes
2024-11-13T03:27:41 1132449.183 INF Time: 18873.39m FPS: 17.24 Heap: 2944.3MB Max: 2980.8MB Chunks: 1432 CGO: 24 Ply: 4 Zom: 1 Ent: 6 (93) Items: 0 CO: 4 RSS: 3430.1MB
2024-11-13T03:27:51 1132458.834 WRN Occlusion: RemoveEntity [type=EntityBicycle, name=vehicleBicycle, id=1536] missing
2024-11-13T03:27:51 1132458.834 INF 22555089 VehicleManager RemoveTrackedVehicle [type=EntityBicycle, name=vehicleBicycle, id=1536], Killed
2024-11-13T03:28:01 1132468.836 INF VehicleManager saving 0 (0 + 0)
2024-11-13T03:28:01 1132468.838 INF VehicleManager saved 9 bytes
2024-11-13T03:28:11 1132479.195 INF Time: 18873.89m FPS: 17.28 Heap: 2948.7MB Max: 2980.8MB Chunks: 1432 CGO: 18 Ply: 4 Zom: 1 Ent: 5 (93) Items: 0 CO: 4 RSS: 3430.1MB
2024-11-13T03:28:41 1132509.217 INF Time: 18874.39m FPS: 17.70 Heap: 2952.0MB Max: 2980.8MB Chunks: 1432 CGO: 15 Ply: 4 Zom: 1 Ent: 5 (93) Items: 0 CO: 4 RSS: 3430.1MB
2024-11-13T03:29:07 1132535.424 INF DroneManager saving 0 (0 + 0)
2024-11-13T03:29:07 1132535.424 INF TurretTracker saving 0 (0 + 0)
2024-11-13T03:29:07 1132535.425 INF DroneManager saved 9 bytes
2024-11-13T03:29:07 1132535.426 INF TurretTracker saved 9 bytes
2024-11-13T03:29:07 1132535.654 INF 22556458 Vehicle PostInit [type=EntityBicycle, name=vehicleBicycle, id=1537], (-216.88, 61.14, 687.74) (chunk -14, 42), rbPos (0.00, 0.00, 0.00)
2024-11-13T03:29:10 1132538.449 INF Computed 415 chunk groups containing a total of 8472 chunks. Largest group contains 449 chunks.
2024-11-13T03:29:11 1132539.235 INF Time: 18874.89m FPS: 18.13 Heap: 2957.6MB Max: 2980.8MB Chunks: 1432 CGO: 12 Ply: 4 Zom: 0 Ent: 5 (94) Items: 0 CO: 4 RSS: 3430.1MB
2024-11-13T03:29:17 1132545.607 INF VehicleManager saving 1 (1 + 0)
2024-11-13T03:29:17 1132545.607 INF 22556637 VehicleManager write #0, id 1537, vehicleBicycle, (-261.8, 61.0, 646.0), chunk -17, 40
2024-11-13T03:29:17 1132545.609 INF VehicleManager saved 356 bytes
2024-11-13T03:29:27 1132554.923 WRN Received NetPackageEntityRelPosAndRot with invalid entityId 1537 from EntityID=171, PltfmId='Steam_76561199036446150', CrossId='EOS_0002f1e01ad44091a9b0bde8c30901e7', OwnerID='Steam_76561199036446150', PlayerName='CostaDelMars', ClientNumber='9'
2024-11-13T03:29:29 1132557.499 WRN Occlusion: RemoveEntity [type=EntityBicycle, name=vehicleBicycle, id=1537] missing
2024-11-13T03:29:29 1132557.499 INF 22556848 VehicleManager RemoveTrackedVehicle [type=EntityBicycle, name=vehicleBicycle, id=1537], Killed
2024-11-13T03:29:39 1132567.561 INF VehicleManager saving 0 (0 + 0)
2024-11-13T03:29:39 1132567.562 INF VehicleManager saved 9 bytes
2024-11-13T03:29:41 1132569.253 INF Time: 18875.39m FPS: 18.36 Heap: 2936.8MB Max: 2980.8MB Chunks: 1339 CGO: 27 Ply: 4 Zom: 0 Ent: 4 (93) Items: 0 CO: 4 RSS: 3429.0MB
2024-11-13T03:30:11 1132599.304 INF Time: 18875.89m FPS: 18.05 Heap: 2940.3MB Max: 2980.8MB Chunks: 1339 CGO: 27 Ply: 4 Zom: 0 Ent: 4 (93) Items: 0 CO: 4 RSS: 3429.0MB
2024-11-13T03:30:41 1132629.300 INF Time: 18876.39m FPS: 18.09 Heap: 2945.3MB Max: 2980.8MB Chunks: 1339 CGO: 36 Ply: 4 Zom: 0 Ent: 4 (93) Items: 0 CO: 4 RSS: 3427.4MB
2024-11-13T03:30:47 1132634.839 INF MinEventLogMessage: XP gained during the last level:
2024-11-13T03:30:47 1132634.840 INF CVarLogValue: $xpFromLootThisLevel == 0
2024-11-13T03:30:47 1132634.840 INF CVarLogValue: $xpFromHarvestingThisLevel == 0
2024-11-13T03:30:47 1132634.840 INF CVarLogValue: $xpFromKillThisLevel == 0
2024-11-13T03:31:07 1132655.437 INF DroneManager saving 0 (0 + 0)
2024-11-13T03:31:07 1132655.437 INF TurretTracker saving 0 (0 + 0)
2024-11-13T03:31:07 1132655.438 INF DroneManager saved 9 bytes
2024-11-13T03:31:07 1132655.439 INF TurretTracker saved 9 bytes
2024-11-13T03:31:08 1132656.482 INF [DECO] written 75692, in 14ms
2024-11-13T03:31:08 1132656.483 INF [DECO] write thread 1ms
2024-11-13T03:31:11 1132659.305 INF Time: 18876.89m FPS: 17.88 Heap: 2949.5MB Max: 2980.8MB Chunks: 1339 CGO: 32 Ply: 4 Zom: 0 Ent: 5 (95) Items: 0 CO: 4 RSS: 3427.4MB
2024-11-13T03:31:39 1132687.176 INF MinEventLogMessage: XP gained during the last level:
2024-11-13T03:31:39 1132687.176 INF CVarLogValue: $xpFromLootThisLevel == 0
2024-11-13T03:31:39 1132687.176 INF CVarLogValue: $xpFromHarvestingThisLevel == 0
2024-11-13T03:31:39 1132687.176 INF CVarLogValue: $xpFromKillThisLevel == 0
2024-11-13T03:31:39 1132687.565 INF VehicleManager saving 0 (0 + 0)
2024-11-13T03:31:39 1132687.575 INF VehicleManager saved 9 bytes
2024-11-13T03:31:41 1132689.355 INF Time: 18877.40m FPS: 18.05 Heap: 2932.9MB Max: 2980.8MB Chunks: 1339 CGO: 32 Ply: 4 Zom: 0 Ent: 4 (93) Items: 0 CO: 4 RSS: 3427.2MB
2024-11-13T03:32:04 1132711.825 INF 22559644 Vehicle PostInit [type=EntityBicycle, name=vehicleBicycle, id=1540], (-330.90, 61.14, 641.19) (chunk -21, 40), rbPos (0.00, 0.00, 0.00)
2024-11-13T03:32:08 1132716.651 INF [DECO] written 75692, in 14ms
2024-11-13T03:32:08 1132716.652 INF [DECO] write thread 1ms
2024-11-13T03:32:11 1132719.459 INF Time: 18877.90m FPS: 17.82 Heap: 2936.0MB Max: 2980.8MB Chunks: 1339 CGO: 30 Ply: 4 Zom: 0 Ent: 6 (95) Items: 0 CO: 4 RSS: 3427.4MB
2024-11-13T03:32:14 1132721.820 INF VehicleManager saving 1 (1 + 0)
2024-11-13T03:32:14 1132721.820 INF 22559825 VehicleManager write #0, id 1540, vehicleBicycle, (-266.2, 61.0, 646.3), chunk -17, 40
2024-11-13T03:32:14 1132721.821 INF VehicleManager saved 356 bytes
2024-11-13T03:32:41 1132749.567 INF Time: 18878.40m FPS: 18.33 Heap: 2943.6MB Max: 2980.8MB Chunks: 1339 CGO: 22 Ply: 4 Zom: 0 Ent: 5 (95) Items: 0 CO: 4 RSS: 3427.4MB
2024-11-13T03:33:07 1132775.451 INF DroneManager saving 0 (0 + 0)
2024-11-13T03:33:07 1132775.451 INF TurretTracker saving 0 (0 + 0)
2024-11-13T03:33:07 1132775.451 INF DroneManager saved 9 bytes
2024-11-13T03:33:07 1132775.452 INF TurretTracker saved 9 bytes
2024-11-13T03:33:09 1132776.831 INF [DECO] written 75691, in 10ms
2024-11-13T03:33:09 1132776.832 INF [DECO] write thread 1ms
2024-11-13T03:33:11 1132779.583 INF Time: 18878.90m FPS: 18.06 Heap: 2952.4MB Max: 2980.8MB Chunks: 1339 CGO: 15 Ply: 4 Zom: 0 Ent: 5 (95) Items: 0 CO: 4 RSS: 3428.5MB
2024-11-13T03:33:14 1132782.440 WRN Occlusion: RemoveEntity [type=EntityBicycle, name=vehicleBicycle, id=1540] missing
2024-11-13T03:33:14 1132782.440 INF 22560908 VehicleManager RemoveTrackedVehicle [type=EntityBicycle, name=vehicleBicycle, id=1540], Killed
2024-11-13T03:33:24 1132792.357 INF VehicleManager saving 0 (0 + 0)
2024-11-13T03:33:24 1132792.359 INF VehicleManager saved 9 bytes
2024-11-13T03:33:41 1132809.663 INF Time: 18879.40m FPS: 17.39 Heap: 2932.7MB Max: 2980.8MB Chunks: 1339 CGO: 15 Ply: 4 Zom: 0 Ent: 4 (94) Items: 0 CO: 4 RSS: 3425.8MB
2024-11-13T03:34:11 1132839.647 INF Time: 18879.90m FPS: 18.25 Heap: 2939.0MB Max: 2980.8MB Chunks: 1339 CGO: 18 Ply: 4 Zom: 0 Ent: 4 (94) Items: 0 CO: 4 RSS: 3425.8MB
2024-11-13T03:34:41 1132869.698 INF Time: 18880.40m FPS: 18.16 Heap: 2942.4MB Max: 2980.8MB Chunks: 1339 CGO: 24 Ply: 4 Zom: 0 Ent: 5 (95) Items: 0 CO: 4 RSS: 3425.8MB
2024-11-13T03:35:07 1132895.471 INF DroneManager saving 0 (0 + 0)
2024-11-13T03:35:07 1132895.471 INF TurretTracker saving 0 (0 + 0)
2024-11-13T03:35:07 1132895.472 INF DroneManager saved 9 bytes
2024-11-13T03:35:07 1132895.473 INF TurretTracker saved 9 bytes
2024-11-13T03:35:09 1132897.074 INF [DECO] written 75690, in 26ms
2024-11-13T03:35:09 1132897.076 INF [DECO] write thread 1ms
2024-11-13T03:35:11 1132899.694 INF Time: 18880.90m FPS: 17.96 Heap: 2947.7MB Max: 2980.8MB Chunks: 1339 CGO: 14 Ply: 4 Zom: 0 Ent: 4 (95) Items: 0 CO: 4 RSS: 3425.8MB
2024-11-13T03:35:24 1132912.418 INF VehicleManager saving 0 (0 + 0)
2024-11-13T03:35:24 1132912.418 INF VehicleManager saved 9 bytes
2024-11-13T03:35:41 1132929.716 INF Time: 18881.40m FPS: 17.21 Heap: 2935.0MB Max: 2980.8MB Chunks: 1339 CGO: 19 Ply: 4 Zom: 0 Ent: 4 (94) Items: 0 CO: 4 RSS: 3427.1MB
2024-11-13T03:36:11 1132959.727 INF Time: 18881.90m FPS: 18.39 Heap: 2938.0MB Max: 2980.8MB Chunks: 1339 CGO: 15 Ply: 4 Zom: 0 Ent: 4 (94) Items: 0 CO: 4 RSS: 3427.1MB
2024-11-13T03:36:36 1132984.479 INF BloodMoon starting for day 7
2024-11-13T03:36:36 1132984.487 INF Party of 4, game stage 30, enemy max 314, bonus every 12
2024-11-13T03:36:36 1132984.487 INF Party members: 
2024-11-13T03:36:36 1132984.487 INF Player id 675, gameStage 6
2024-11-13T03:36:36 1132984.487 INF Player id 172, gameStage 15
2024-11-13T03:36:36 1132984.487 INF Player id 1377, gameStage 3
2024-11-13T03:36:36 1132984.487 INF Player id 171, gameStage 21
2024-11-13T03:36:36 1132984.511 INF BloodMoonParty: SpawnZombie grp 0 feralHordeStageGS19 (count 1, numToSpawn 38, maxAlive 11), cnt 1, zombieUtilityWorker, loot 0.02, at player 675, day/time 7 22:00
2024-11-13T03:36:37 1132985.551 INF BloodMoonParty: SpawnZombie grp 0 feralHordeStageGS19 (count 2, numToSpawn 38, maxAlive 11), cnt 2, zombieJoe, loot 0.02, at player 172, day/time 7 22:00
2024-11-13T03:36:38 1132986.574 INF BloodMoonParty: SpawnZombie grp 0 feralHordeStageGS19 (count 3, numToSpawn 38, maxAlive 11), cnt 3, zombiePartyGirl, loot 0.02, at player 1377, day/time 7 22:00
2024-11-13T03:36:39 1132987.485 INF BloodMoonParty: SpawnZombie grp 0 feralHordeStageGS19 (count 4, numToSpawn 38, maxAlive 11), cnt 4, zombieNurse, loot 0.02, at player 171, day/time 7 22:01
2024-11-13T03:36:40 1132988.590 INF BloodMoonParty: SpawnZombie grp 0 feralHordeStageGS19 (count 5, numToSpawn 38, maxAlive 11), cnt 5, zombiePartyGirl, loot 0.02, at player 675, day/time 7 22:01
2024-11-13T03:36:41 1132989.474 INF BloodMoonParty: SpawnZombie grp 0 feralHordeStageGS19 (count 6, numToSpawn 38, maxAlive 11), cnt 6, zombieUtilityWorker, loot 0.5, at player 172, day/time 7 22:01
2024-11-13T03:36:42 1132989.770 INF Time: 18882.40m FPS: 17.20 Heap: 2942.1MB Max: 2980.8MB Chunks: 1339 CGO: 32 Ply: 4 Zom: 6 Ent: 10 (100) Items: 0 CO: 9 RSS: 3427.2MB
2024-11-13T03:36:42 1132990.503 INF BloodMoonParty: SpawnZombie grp 0 feralHordeStageGS19 (count 7, numToSpawn 38, maxAlive 11), cnt 7, zombieBusinessMan, loot 0.02, at player 1377, day/time 7 22:02
2024-11-13T03:36:43 1132991.588 INF BloodMoonParty: SpawnZombie grp 0 feralHordeStageGS19 (count 8, numToSpawn 38, maxAlive 11), cnt 8, zombieDarlene, loot 0.02, at player 171, day/time 7 22:02
2024-11-13T03:36:44 1132992.510 INF BloodMoonParty: SpawnZombie grp 0 feralHordeStageGS19 (count 9, numToSpawn 38, maxAlive 11), cnt 9, zombieJanitor, loot 0.02, at player 675, day/time 7 22:02
2024-11-13T03:36:45 1132993.499 INF BloodMoonParty: SpawnZombie grp 0 feralHordeStageGS19 (count 10, numToSpawn 38, maxAlive 11), cnt 10, zombieMarlene, loot 0.02, at player 172, day/time 7 22:03
2024-11-13T03:36:46 1132994.580 INF BloodMoonParty: SpawnZombie grp 0 feralHordeStageGS19 (count 11, numToSpawn 38, maxAlive 11), cnt 11, zombieNurse, loot 0.02, at player 1377, day/time 7 22:03
2024-11-13T03:36:53 1133001.194 INF Entity zombieJoe 1544 killed by directorfitz 172
2024-11-13T03:36:54 1133002.467 INF BloodMoonParty: SpawnZombie grp 0 feralHordeStageGS19 (count 12, numToSpawn 38, maxAlive 11), cnt 11, zombieArlene, loot 0.02, at player 171, day/time 7 22:06
2024-11-13T03:36:56 1133004.301 INF Entity zombieBusinessMan 1549 killed by directorfitz 172
2024-11-13T03:36:57 1133005.478 INF BloodMoonParty: SpawnZombie grp 0 feralHordeStageGS19 (count 13, numToSpawn 38, maxAlive 11), cnt 11, zombieTomClark, loot 0.02, at player 675, day/time 7 22:07
2024-11-13T03:37:00 1133008.339 INF Entity zombiePartyGirl 1545 killed by CostaDelMars 171
2024-11-13T03:37:01 1133009.493 INF BloodMoonParty: SpawnZombie grp 0 feralHordeStageGS19 (count 14, numToSpawn 38, maxAlive 11), cnt 11, zombieYo, loot 0.02, at player 172, day/time 7 22:08
2024-11-13T03:37:07 1133015.535 INF DroneManager saving 0 (0 + 0)
2024-11-13T03:37:07 1133015.536 INF TurretTracker saving 0 (0 + 0)
2024-11-13T03:37:07 1133015.537 INF DroneManager saved 9 bytes
2024-11-13T03:37:07 1133015.538 INF TurretTracker saved 9 bytes
2024-11-13T03:37:09 1133017.196 INF Entity zombieNurse 1553 killed by directorfitz 172
2024-11-13T03:37:11 1133019.524 INF BloodMoonParty: SpawnZombie grp 0 feralHordeStageGS19 (count 15, numToSpawn 38, maxAlive 11), cnt 11, zombieJoe, loot 0.02, at player 1377, day/time 7 22:12
2024-11-13T03:37:12 1133019.770 INF Time: 18882.90m FPS: 15.46 Heap: 2947.8MB Max: 2980.8MB Chunks: 1339 CGO: 18 Ply: 4 Zom: 11 Ent: 18 (109) Items: 0 CO: 9 RSS: 3427.2MB
2024-11-13T03:37:14 1133021.840 INF Entity zombieUtilityWorker 1548 killed by Seegee417 1377
2024-11-13T03:37:14 1133022.095 INF MinEventLogMessage: XP gained during the last level:
2024-11-13T03:37:14 1133022.095 INF CVarLogValue: $xpFromLootThisLevel == 0
2024-11-13T03:37:14 1133022.095 INF CVarLogValue: $xpFromHarvestingThisLevel == 0
2024-11-13T03:37:14 1133022.095 INF CVarLogValue: $xpFromKillThisLevel == 0
2024-11-13T03:37:15 1133023.474 INF Entity zombieNurse 1546 killed by directorfitz 172
2024-11-13T03:37:15 1133023.489 INF BloodMoonParty: SpawnZombie grp 0 feralHordeStageGS19 (count 16, numToSpawn 38, maxAlive 11), cnt 11, zombieDarlene, loot 0.02, at player 171, day/time 7 22:13
2024-11-13T03:37:17 1133025.508 INF BloodMoonParty: SpawnZombie grp 0 feralHordeStageGS19 (count 17, numToSpawn 38, maxAlive 11), cnt 11, zombieBusinessMan, loot 0.02, at player 675, day/time 7 22:14
2024-11-13T03:37:20 1133027.974 INF Entity zombieUtilityWorker 1543 killed by directorfitz 172
2024-11-13T03:37:21 1133029.371 INF Entity zombieTomClark 1555 killed by Seegee417 1377
2024-11-13T03:37:21 1133029.480 INF BloodMoonParty: SpawnZombie grp 0 feralHordeStageGS19 (count 18, numToSpawn 38, maxAlive 11), cnt 11, zombieUtilityWorker, loot 0.5, at player 172, day/time 7 22:16
2024-11-13T03:37:22 1133030.519 INF BloodMoonParty: SpawnZombie grp 0 feralHordeStageGS19 (count 19, numToSpawn 38, maxAlive 11), cnt 11, zombieTomClark, loot 0.02, at player 1377, day/time 7 22:16
2024-11-13T03:37:24 1133031.857 INF Entity zombieMarlene 1552 killed by Seegee417 1377
2024-11-13T03:37:24 1133032.195 INF Entity zombieArlene 1554 killed by directorfitz 172
2024-11-13T03:37:24 1133032.486 INF VehicleManager saving 0 (0 + 0)
2024-11-13T03:37:24 1133032.487 INF VehicleManager saved 9 bytes
2024-11-13T03:37:24 1133032.494 INF BloodMoonParty: SpawnZombie grp 0 feralHordeStageGS19 (count 20, numToSpawn 38, maxAlive 11), cnt 11, zombieJoe, loot 0.02, at player 171, day/time 7 22:17
2024-11-13T03:37:25 1133033.485 INF BloodMoonParty: SpawnZombie grp 0 feralHordeStageGS19 (count 21, numToSpawn 38, maxAlive 11), cnt 11, zombieJanitor, loot 0.02, at player 675, day/time 7 22:17
2024-11-13T03:37:29 1133037.206 INF Entity zombieYo 1556 killed by CostaDelMars 171
2024-11-13T03:37:30 1133038.476 INF BloodMoonParty: SpawnZombie grp 0 feralHordeStageGS19 (count 22, numToSpawn 38, maxAlive 11), cnt 11, zombieNurse, loot 0.02, at player 172, day/time 7 22:19
2024-11-13T03:37:33 1133041.028 INF Entity zombieJoe 1557 killed by CostaDelMars 171
2024-11-13T03:37:34 1133042.493 INF BloodMoonParty: SpawnZombie grp 0 feralHordeStageGS19 (count 23, numToSpawn 38, maxAlive 11), cnt 11, zombieUtilityWorker, loot 0.02, at player 1377, day/time 7 22:20
2024-11-13T03:37:37 1133044.825 INF Entity zombieJoe 1562 killed by CostaDelMars 171
2024-11-13T03:37:38 1133046.489 INF BloodMoonParty: SpawnZombie grp 0 feralHordeStageGS19 (count 24, numToSpawn 38, maxAlive 11), cnt 11, zombieJoe, loot 0.02, at player 171, day/time 7 22:22
2024-11-13T03:37:42 1133049.852 INF Time: 18883.40m FPS: 15.45 Heap: 2932.9MB Max: 2980.8MB Chunks: 1339 CGO: 21 Ply: 4 Zom: 11 Ent: 18 (91) Items: 0 CO: 8 RSS: 3425.7MB
2024-11-13T03:37:44 1133052.062 INF Entity zombieUtilityWorker 1560 killed by CostaDelMars 171
2024-11-13T03:37:44 1133052.519 INF BloodMoonParty: SpawnZombie grp 0 feralHordeStageGS19 (count 25, numToSpawn 38, maxAlive 11), cnt 11, zombieYo, loot 0.02, at player 675, day/time 7 22:24
2024-11-13T03:37:51 1133059.064 INF Entity zombiePartyGirl 1547 killed by conceptxo 675
2024-11-13T03:37:52 1133060.502 INF BloodMoonParty: SpawnZombie grp 0 feralHordeStageGS19 (count 26, numToSpawn 38, maxAlive 11), cnt 11, zombieTomClark, loot 0.02, at player 172, day/time 7 22:27
2024-11-13T03:37:54 1133062.707 INF Entity zombieJoe 1566 killed by Seegee417 1377
2024-11-13T03:37:55 1133063.530 INF BloodMoonParty: SpawnZombie grp 0 feralHordeStageGS19 (count 27, numToSpawn 38, maxAlive 11), cnt 11, zombieMarlene, loot 0.02, at player 1377, day/time 7 22:28
2024-11-13T03:37:57 1133065.084 INF Entity zombieBusinessMan 1559 killed by directorfitz 172
2024-11-13T03:37:59 1133067.541 INF BloodMoonParty: SpawnZombie grp 0 feralHordeStageGS19 (count 28, numToSpawn 38, maxAlive 11), cnt 11, zombiePartyGirl, loot 0.02, at player 171, day/time 7 22:29
2024-11-13T03:38:00 1133068.172 INF Entity zombieNurse 1564 killed by directorfitz 172
2024-11-13T03:38:00 1133068.585 INF Entity zombieDarlene 1550 killed by CostaDelMars 171
2024-11-13T03:38:00 1133068.597 INF BloodMoonParty: SpawnZombie grp 0 feralHordeStageGS19 (count 29, numToSpawn 38, maxAlive 11), cnt 11, zombieNurse, loot 0.02, at player 675, day/time 7 22:30
2024-11-13T03:38:01 1133069.533 INF BloodMoonParty: SpawnZombie grp 0 feralHordeStageGS19 (count 30, numToSpawn 38, maxAlive 11), cnt 11, zombieBusinessMan, loot 0.5, at player 172, day/time 7 22:30
2024-11-13T03:38:02 1133070.711 INF Entity zombieUtilityWorker 1565 killed by directorfitz 172
2024-11-13T03:38:03 1133071.491 INF BloodMoonParty: SpawnZombie grp 0 feralHordeStageGS19 (count 31, numToSpawn 38, maxAlive 11), cnt 11, zombieNurse, loot 0.02, at player 1377, day/time 7 22:31
2024-11-13T03:38:04 1133071.841 INF Entity zombieJanitor 1563 killed by conceptxo 675
2024-11-13T03:38:05 1133073.582 INF BloodMoonParty: SpawnZombie grp 0 feralHordeStageGS19 (count 32, numToSpawn 38, maxAlive 11), cnt 11, zombieYo, loot 0.02, at player 171, day/time 7 22:31
2024-11-13T03:38:09 1133077.395 INF Entity zombieYo 1568 killed by directorfitz 172
2024-11-13T03:38:10 1133078.488 INF Entity zombieTomClark 1561 killed by Seegee417 1377
2024-11-13T03:38:10 1133078.588 INF Entity zombieJanitor 1551 killed by conceptxo 675
2024-11-13T03:38:10 1133078.590 INF Entity zombieDarlene 1558 killed by conceptxo 675
2024-11-13T03:38:11 1133079.487 INF BloodMoonParty: SpawnZombie grp 0 feralHordeStageGS19 (count 33, numToSpawn 38, maxAlive 11), cnt 9, zombiePartyGirl, loot 0.02, at player 675, day/time 7 22:34
2024-11-13T03:38:12 1133079.874 INF Time: 18883.90m FPS: 16.39 Heap: 2941.1MB Max: 2980.8MB Chunks: 1339 CGO: 25 Ply: 4 Zom: 10 Ent: 21 (101) Items: 1 CO: 9 RSS: 3427.4MB
2024-11-13T03:38:12 1133080.603 INF BloodMoonParty: SpawnZombie grp 0 feralHordeStageGS19 (count 34, numToSpawn 38, maxAlive 11), cnt 9, zombieNurse, loot 0.02, at player 172, day/time 7 22:34
2024-11-13T03:38:13 1133081.511 INF BloodMoonParty: SpawnZombie grp 0 feralHordeStageGS19 (count 35, numToSpawn 38, maxAlive 11), cnt 10, zombieMoe, loot 0.02, at player 1377, day/time 7 22:34
2024-11-13T03:38:13 1133081.520 INF Entity zombieNurse 1572 killed by directorfitz 172
2024-11-13T03:38:14 1133082.480 INF BloodMoonParty: SpawnZombie grp 0 feralHordeStageGS19 (count 36, numToSpawn 38, maxAlive 11), cnt 10, zombieUtilityWorker, loot 0.02, at player 171, day/time 7 22:35
2024-11-13T03:38:15 1133083.243 INF Entity zombiePartyGirl 1571 killed by CostaDelMars 171
2024-11-13T03:38:15 1133083.476 INF BloodMoonParty: SpawnZombie grp 0 feralHordeStageGS19 (count 37, numToSpawn 38, maxAlive 11), cnt 11, zombieMarlene, loot 0.02, at player 675, day/time 7 22:35
2024-11-13T03:38:17 1133085.491 INF BloodMoonParty: SpawnZombie grp 0 feralHordeStageGS19 (count 38, numToSpawn 38, maxAlive 11), cnt 11, zombieJoe, loot 0.02, at player 172, day/time 7 22:36
2024-11-13T03:38:20 1133088.347 INF Entity zombieNurse 1574 killed by Seegee417 1377
2024-11-13T03:38:23 1133091.076 INF Entity zombieBusinessMan 1573 killed by directorfitz 172
2024-11-13T03:38:27 1133094.787 INF Entity zombieNurse 1577 killed by directorfitz 172
2024-11-13T03:38:28 1133096.118 INF Entity zombiePartyGirl 1576 killed by directorfitz 172
2024-11-13T03:38:28 1133096.718 INF Entity zombieMarlene 1570 killed by CostaDelMars 171
2024-11-13T03:38:34 1133102.233 INF Entity zombieYo 1575 killed by CostaDelMars 171
2024-11-13T03:38:35 1133103.104 INF Entity zombieMoe 1578 killed by directorfitz 172
2024-11-13T03:38:41 1133109.709 INF BloodMoonParty: SpawnZombie grp 1 feralHordeStageGS23 (count 1, numToSpawn 38, maxAlive 11), cnt 5, zombieDarlene, loot 0.02, at player 1377, day/time 7 22:44
2024-11-13T03:38:42 1133109.959 INF Time: 18884.40m FPS: 17.05 Heap: 2960.3MB Max: 2980.8MB Chunks: 1339 CGO: 14 Ply: 4 Zom: 5 Ent: 15 (108) Items: 2 CO: 7 RSS: 3427.4MB
2024-11-13T03:38:42 1133110.615 INF BloodMoonParty: SpawnZombie grp 1 feralHordeStageGS23 (count 2, numToSpawn 38, maxAlive 11), cnt 6, zombieBoe, loot 0.02, at player 171, day/time 7 22:45
2024-11-13T03:38:43 1133111.390 INF Entity zombieMarlene 1580 killed by directorfitz 172
2024-11-13T03:38:43 1133111.591 INF BloodMoonParty: SpawnZombie grp 1 feralHordeStageGS23 (count 3, numToSpawn 38, maxAlive 11), cnt 7, zombieUtilityWorker, loot 0.02, at player 675, day/time 7 22:45
2024-11-13T03:38:44 1133112.616 INF BloodMoonParty: SpawnZombie grp 1 feralHordeStageGS23 (count 4, numToSpawn 38, maxAlive 11), cnt 7, zombieJanitor, loot 0.5, at player 172, day/time 7 22:45
2024-11-13T03:38:45 1133113.583 INF Entity zombieUtilityWorker 1579 killed by CostaDelMars 171
2024-11-13T03:38:45 1133113.669 INF BloodMoonParty: SpawnZombie grp 1 feralHordeStageGS23 (count 5, numToSpawn 38, maxAlive 11), cnt 8, zombiePartyGirl, loot 0.02, at player 1377, day/time 7 22:46
2024-11-13T03:38:46 1133114.708 INF BloodMoonParty: SpawnZombie grp 1 feralHordeStageGS23 (count 6, numToSpawn 38, maxAlive 11), cnt 8, zombieDarlene, loot 0.02, at player 171, day/time 7 22:46
2024-11-13T03:38:47 1133115.635 INF BloodMoonParty: SpawnZombie grp 1 feralHordeStageGS23 (count 7, numToSpawn 38, maxAlive 11), cnt 9, zombieBoe, loot 0.02, at player 675, day/time 7 22:47
2024-11-13T03:38:48 1133116.595 INF BloodMoonParty: SpawnZombie grp 1 feralHordeStageGS23 (count 8, numToSpawn 38, maxAlive 11), cnt 10, zombieBusinessMan, loot 0.02, at player 172, day/time 7 22:47
2024-11-13T03:38:49 1133117.710 INF BloodMoonParty: SpawnZombie grp 1 feralHordeStageGS23 (count 9, numToSpawn 38, maxAlive 11), cnt 11, zombieMoe, loot 0.02, at player 1377, day/time 7 22:47
2024-11-13T03:38:57 1133125.452 INF Entity zombieJanitor 1586 killed
2024-11-13T03:38:58 1133125.742 INF Entity zombieBoe 1584 killed
2024-11-13T03:38:58 1133125.998 INF Entity zombieBusinessMan 1590 killed
2024-11-13T03:38:58 1133126.612 INF BloodMoonParty: SpawnZombie grp 1 feralHordeStageGS23 (count 10, numToSpawn 38, maxAlive 11), cnt 10, zombieDarlene, loot 0.02, at player 171, day/time 7 22:50
2024-11-13T03:38:59 1133127.612 INF BloodMoonParty: SpawnZombie grp 1 feralHordeStageGS23 (count 11, numToSpawn 38, maxAlive 11), cnt 10, zombieBoe, loot 0.02, at player 675, day/time 7 22:51
2024-11-13T03:39:00 1133128.197 INF Entity zombieBoe 1589 killed
2024-11-13T03:39:00 1133128.616 INF BloodMoonParty: SpawnZombie grp 1 feralHordeStageGS23 (count 12, numToSpawn 38, maxAlive 11), cnt 11, zombieArlene, loot 0.02, at player 172, day/time 7 22:51
2024-11-13T03:39:01 1133129.608 INF BloodMoonParty: SpawnZombie grp 1 feralHordeStageGS23 (count 13, numToSpawn 38, maxAlive 11), cnt 11, zombieJanitor, loot 0.02, at player 1377, day/time 7 22:52
2024-11-13T03:39:04 1133131.968 INF Entity zombieJoe 1581 killed by directorfitz 172
2024-11-13T03:39:04 1133131.977 INF Entity zombieDarlene 1588 killed
2024-11-13T03:39:04 1133132.652 INF BloodMoonParty: SpawnZombie grp 1 feralHordeStageGS23 (count 14, numToSpawn 38, maxAlive 11), cnt 11, zombieUtilityWorker, loot 0.02, at player 171, day/time 7 22:53
2024-11-13T03:39:05 1133133.624 INF BloodMoonParty: SpawnZombie grp 1 feralHordeStageGS23 (count 15, numToSpawn 38, maxAlive 11), cnt 11, zombieMoe, loot 0.02, at player 675, day/time 7 22:53
2024-11-13T03:39:07 1133135.549 INF DroneManager saving 0 (0 + 0)
2024-11-13T03:39:07 1133135.549 INF TurretTracker saving 0 (0 + 0)
2024-11-13T03:39:07 1133135.550 INF DroneManager saved 9 bytes
2024-11-13T03:39:07 1133135.551 INF TurretTracker saved 9 bytes
2024-11-13T03:39:08 1133135.767 INF Entity zombieDarlene 1592 killed
2024-11-13T03:39:08 1133136.604 INF BloodMoonParty: SpawnZombie grp 1 feralHordeStageGS23 (count 16, numToSpawn 38, maxAlive 11), cnt 11, zombieBusinessMan, loot 0.5, at player 172, day/time 7 22:54
2024-11-13T03:39:09 1133137.199 INF Entity zombieArlene 1594 killed
2024-11-13T03:39:10 1133138.672 INF BloodMoonParty: SpawnZombie grp 1 feralHordeStageGS23 (count 17, numToSpawn 38, maxAlive 11), cnt 11, zombieTomClark, loot 0.02, at player 1377, day/time 7 22:55
2024-11-13T03:39:12 1133139.949 INF Time: 18884.90m FPS: 15.71 Heap: 2977.9MB Max: 2980.8MB Chunks: 1339 CGO: 29 Ply: 4 Zom: 11 Ent: 24 (124) Items: 2 CO: 12 RSS: 3427.5MB
2024-11-13T03:39:12 1133140.465 INF Entity zombieJanitor 1595 killed
2024-11-13T03:39:13 1133141.463 INF Entity zombieUtilityWorker 1585 killed by CostaDelMars 171
2024-11-13T03:39:13 1133141.715 INF BloodMoonParty: SpawnZombie grp 1 feralHordeStageGS23 (count 18, numToSpawn 38, maxAlive 11), cnt 10, zombieJanitor, loot 0.02, at player 171, day/time 7 22:56
2024-11-13T03:39:15 1133142.779 INF BloodMoonParty: SpawnZombie grp 1 feralHordeStageGS23 (count 19, numToSpawn 38, maxAlive 11), cnt 11, zombieSteve, loot 0.02, at player 675, day/time 7 22:56
2024-11-13T03:39:15 1133143.328 INF Entity zombieMoe 1597 killed
2024-11-13T03:39:16 1133144.013 INF Entity zombieBusinessMan 1598 killed
2024-11-13T03:39:16 1133144.214 INF Entity zombieDarlene 1583 killed by conceptxo 675
2024-11-13T03:39:16 1133144.718 INF BloodMoonParty: SpawnZombie grp 1 feralHordeStageGS23 (count 20, numToSpawn 38, maxAlive 11), cnt 11, zombieUtilityWorker, loot 0.02, at player 172, day/time 7 22:57
2024-11-13T03:39:18 1133145.752 INF BloodMoonParty: SpawnZombie grp 1 feralHordeStageGS23 (count 21, numToSpawn 38, maxAlive 11), cnt 10, zombieTomClark, loot 0.02, at player 1377, day/time 7 22:57
2024-11-13T03:39:18 1133145.954 INF Entity zombieTomClark 1599 killed
2024-11-13T03:39:18 1133146.731 INF BloodMoonParty: SpawnZombie grp 1 feralHordeStageGS23 (count 22, numToSpawn 38, maxAlive 11), cnt 10, zombieJoe, loot 0.02, at player 171, day/time 7 22:58
2024-11-13T03:39:20 1133147.742 INF BloodMoonParty: SpawnZombie grp 1 feralHordeStageGS23 (count 23, numToSpawn 38, maxAlive 11), cnt 11, zombieBoe, loot 0.02, at player 675, day/time 7 22:58
2024-11-13T03:39:21 1133149.150 INF Entity zombieMoe 1591 killed by CostaDelMars 171
2024-11-13T03:39:22 1133149.761 INF BloodMoonParty: SpawnZombie grp 1 feralHordeStageGS23 (count 24, numToSpawn 38, maxAlive 11), cnt 11, zombieJanitor, loot 0.02, at player 172, day/time 7 22:59
2024-11-13T03:39:22 1133150.082 INF Entity zombieBoe 1593 killed by directorfitz 172
2024-11-13T03:39:23 1133150.741 INF BloodMoonParty: SpawnZombie grp 1 feralHordeStageGS23 (count 25, numToSpawn 38, maxAlive 11), cnt 11, zombieMoe, loot 0.02, at player 1377, day/time 7 22:59
2024-11-13T03:39:23 1133151.336 INF MinEventLogMessage: XP gained during the last level:
2024-11-13T03:39:23 1133151.336 INF CVarLogValue: $xpFromLootThisLevel == 0
2024-11-13T03:39:23 1133151.336 INF CVarLogValue: $xpFromHarvestingThisLevel == 0
2024-11-13T03:39:23 1133151.336 INF CVarLogValue: $xpFromKillThisLevel == 0
2024-11-13T03:39:24 1133152.580 INF VehicleManager saving 0 (0 + 0)
2024-11-13T03:39:24 1133152.582 INF VehicleManager saved 9 bytes
2024-11-13T03:39:25 1133152.868 INF Entity zombieBoe 1606 killed
2024-11-13T03:39:26 1133153.750 INF BloodMoonParty: SpawnZombie grp 1 feralHordeStageGS23 (count 26, numToSpawn 38, maxAlive 11), cnt 11, zombieTomClark, loot 0.02, at player 171, day/time 7 23:00
2024-11-13T03:39:27 1133155.188 INF Entity zombiePartyGirl 1587 killed by directorfitz 172
2024-11-13T03:39:27 1133155.372 INF Entity zombieSteve 1601 killed
2024-11-13T03:39:28 1133156.534 INF MinEventLogMessage: XP gained during the last level:
2024-11-13T03:39:28 1133156.534 INF CVarLogValue: $xpFromLootThisLevel == 0
2024-11-13T03:39:28 1133156.534 INF CVarLogValue: $xpFromHarvestingThisLevel == 0
2024-11-13T03:39:28 1133156.534 INF CVarLogValue: $xpFromKillThisLevel == 0
2024-11-13T03:39:29 1133156.850 INF Entity zombieUtilityWorker 1603 killed
2024-11-13T03:39:29 1133156.858 INF BloodMoonParty: SpawnZombie grp 1 feralHordeStageGS23 (count 27, numToSpawn 38, maxAlive 11), cnt 11, zombieUtilityWorker, loot 0.02, at player 675, day/time 7 23:01
2024-11-13T03:39:29 1133157.738 INF BloodMoonParty: SpawnZombie grp 1 feralHordeStageGS23 (count 28, numToSpawn 38, maxAlive 11), cnt 11, zombiePartyGirl, loot 0.5, at player 172, day/time 7 23:02
2024-11-13T03:39:31 1133158.852 INF BloodMoonParty: SpawnZombie grp 1 feralHordeStageGS23 (count 29, numToSpawn 38, maxAlive 11), cnt 11, zombieBoe, loot 0.02, at player 1377, day/time 7 23:02
2024-11-13T03:39:33 1133161.319 INF Entity zombieJanitor 1607 killed
2024-11-13T03:39:33 1133161.718 INF Entity zombieMoe 1608 killed
2024-11-13T03:39:34 1133162.391 INF Entity zombieUtilityWorker 1596 killed by CostaDelMars 171
2024-11-13T03:39:34 1133162.733 INF BloodMoonParty: SpawnZombie grp 1 feralHordeStageGS23 (count 30, numToSpawn 38, maxAlive 11), cnt 10, zombieArlene, loot 0.02, at player 171, day/time 7 23:03
2024-11-13T03:39:36 1133163.760 INF BloodMoonParty: SpawnZombie grp 1 feralHordeStageGS23 (count 31, numToSpawn 38, maxAlive 11), cnt 10, zombieMoe, loot 0.02, at player 675, day/time 7 23:04
2024-11-13T03:39:37 1133164.826 INF BloodMoonParty: SpawnZombie grp 1 feralHordeStageGS23 (count 32, numToSpawn 38, maxAlive 11), cnt 11, zombieArlene, loot 0.02, at player 172, day/time 7 23:04
2024-11-13T03:39:39 1133167.106 INF Entity zombieBoe 1612 killed
2024-11-13T03:39:41 1133168.742 INF BloodMoonParty: SpawnZombie grp 1 feralHordeStageGS23 (count 33, numToSpawn 38, maxAlive 11), cnt 11, zombieDarlene, loot 0.02, at player 171, day/time 7 23:06
2024-11-13T03:39:42 1133169.961 INF Time: 18885.40m FPS: 16.34 Heap: 2944.1MB Max: 2980.8MB Chunks: 1339 CGO: 30 Ply: 4 Zom: 11 Ent: 24 (104) Items: 2 CO: 13 RSS: 3441.3MB
2024-11-13T03:39:42 1133170.346 INF Entity zombiePartyGirl 1611 killed
2024-11-13T03:39:44 1133171.743 INF BloodMoonParty: SpawnZombie grp 1 feralHordeStageGS23 (count 34, numToSpawn 38, maxAlive 11), cnt 11, zombieTomClark, loot 0.02, at player 675, day/time 7 23:07
2024-11-13T03:39:44 1133171.980 INF Entity zombieArlene 1615 killed
2024-11-13T03:39:45 1133172.810 INF BloodMoonParty: SpawnZombie grp 1 feralHordeStageGS23 (count 35, numToSpawn 38, maxAlive 11), cnt 11, zombieDarlene, loot 0.02, at player 172, day/time 7 23:07
2024-11-13T03:39:52 1133179.827 INF Entity zombieUtilityWorker 1610 killed
2024-11-13T03:39:53 1133181.727 INF BloodMoonParty: SpawnZombie grp 1 feralHordeStageGS23 (count 36, numToSpawn 38, maxAlive 11), cnt 11, zombieSteve, loot 0.02, at player 1377, day/time 7 23:10
2024-11-13T03:39:55 1133182.746 INF Entity zombieTomClark 1618 killed
2024-11-13T03:39:55 1133183.722 INF BloodMoonParty: SpawnZombie grp 1 feralHordeStageGS23 (count 37, numToSpawn 38, maxAlive 11), cnt 11, zombieUtilityWorker, loot 0.02, at player 171, day/time 7 23:11
2024-11-13T03:39:56 1133184.123 INF Entity zombieDarlene 1619 killed
2024-11-13T03:39:57 1133184.744 INF BloodMoonParty: SpawnZombie grp 1 feralHordeStageGS23 (count 38, numToSpawn 38, maxAlive 11), cnt 11, zombieJanitor, loot 0.02, at player 675, day/time 7 23:11
2024-11-13T03:39:58 1133186.353 INF Entity zombieMoe 1614 killed
2024-11-13T03:40:04 1133192.419 INF Entity zombieSteve 1620 killed
2024-11-13T03:40:10 1133197.851 INF Entity zombieJanitor 1622 killed
2024-11-13T03:40:10 1133198.106 INF Entity zombieArlene 1613 killed by Seegee417 1377
2024-11-13T03:40:11 1133199.383 INF MinEventLogMessage: XP gained during the last level:
2024-11-13T03:40:11 1133199.383 INF CVarLogValue: $xpFromLootThisLevel == 0
2024-11-13T03:40:11 1133199.383 INF CVarLogValue: $xpFromHarvestingThisLevel == 0
2024-11-13T03:40:11 1133199.383 INF CVarLogValue: $xpFromKillThisLevel == 0
2024-11-13T03:40:12 1133199.984 INF Time: 18885.91m FPS: 16.46 Heap: 2947.4MB Max: 2980.8MB Chunks: 1339 CGO: 20 Ply: 4 Zom: 7 Ent: 20 (112) Items: 5 CO: 9 RSS: 3442.4MB
2024-11-13T03:40:15 1133202.853 INF BloodMoonParty: SpawnZombie grp 2 feralHordeStageGS27 (count 1, numToSpawn 38, maxAlive 11), cnt 8, zombieYo, loot 0.02, at player 172, day/time 7 23:18
2024-11-13T03:40:15 1133203.585 INF GMSG: Player 'conceptxo' died
2024-11-13T03:40:15 1133203.586 INF 22568118 EntityBackpack id 1626, plyrId 675, (0.0, 0.0, 0.0) (0, 0), chunk False (0, 0, 0), items 28 resourceFeather, resourceWood at (0, 0, 0, xz 0 0) : Read
2024-11-13T03:40:15 1133203.587 INF 22568118 EntityBackpack id 1626, plyrId 675, (-199.4, 63.1, 685.3) (-13, 42), chunk True (-13, 3, 42), items 28 resourceFeather, resourceWood at (0, 0, 0, xz 0 0) : Write
2024-11-13T03:40:15 1133203.587 INF 22568118 EntityBackpack id 1626, plyrId 675, (-199.4, 63.1, 685.3) (-13, 42), chunk True (-13, 3, 42), items 28 resourceFeather, resourceWood at (0, 0, 0, xz 0 0) : Write
2024-11-13T03:40:15 1133203.587 INF 22568118 EntityBackpack id 1626, plyrId 675, (-199.4, 63.1, 685.3) (-13, 42), chunk True (-13, 3, 42), items 28 resourceFeather, resourceWood at (0, 0, 0, xz 0 0) : Write
2024-11-13T03:40:15 1133203.587 INF 22568118 EntityBackpack id 1626, plyrId 675, (-199.4, 63.1, 685.3) (-13, 42), chunk True (-13, 3, 42), items 28 resourceFeather, resourceWood at (0, 0, 0, xz 0 0) : Write
2024-11-13T03:40:15 1133203.597 INF 22568118 EntityBackpack id 1626, plyrId 675, (-199.4, 63.1, 685.3) (-13, 42), chunk True (-13, 3, 42), items 28 resourceFeather, resourceWood at (0, 0, 0, xz 0 0) : Start
2024-11-13T03:40:16 1133203.867 INF BloodMoonParty: SpawnZombie grp 2 feralHordeStageGS27 (count 2, numToSpawn 38, maxAlive 11), cnt 9, zombieMarlene, loot 0.5, at player 1377, day/time 7 23:18
2024-11-13T03:40:17 1133204.877 INF BloodMoonParty: SpawnZombie grp 2 feralHordeStageGS27 (count 3, numToSpawn 38, maxAlive 11), cnt 10, zombieJanitor, loot 0.02, at player 171, day/time 7 23:19
2024-11-13T03:40:17 1133205.085 INF GMSG: Player 'Seegee417' killed by 'directorfitz'
2024-11-13T03:40:17 1133205.090 INF Player Seegee417, living 4528.867, lost BM immunity
2024-11-13T03:40:17 1133205.129 INF 22568144 EntityBackpack id 1629, plyrId 1377, (0.0, 0.0, 0.0) (0, 0), chunk False (0, 0, 0), items 23 meleeToolShovelT0StoneShovel, meleeWpnClubT0WoodenClub at (0, 0, 0, xz 0 0) : Read
2024-11-13T03:40:17 1133205.129 INF 22568144 EntityBackpack id 1629, plyrId 1377, (-199.8, 63.1, 682.0) (-13, 42), chunk True (-13, 3, 42), items 23 meleeToolShovelT0StoneShovel, meleeWpnClubT0WoodenClub at (0, 0, 0, xz 0 0) : Write
2024-11-13T03:40:17 1133205.129 INF 22568144 EntityBackpack id 1629, plyrId 1377, (-199.8, 63.1, 682.0) (-13, 42), chunk True (-13, 3, 42), items 23 meleeToolShovelT0StoneShovel, meleeWpnClubT0WoodenClub at (0, 0, 0, xz 0 0) : Write
2024-11-13T03:40:17 1133205.129 INF 22568144 EntityBackpack id 1629, plyrId 1377, (-199.8, 63.1, 682.0) (-13, 42), chunk True (-13, 3, 42), items 23 meleeToolShovelT0StoneShovel, meleeWpnClubT0WoodenClub at (0, 0, 0, xz 0 0) : Write
2024-11-13T03:40:17 1133205.129 INF 22568144 EntityBackpack id 1629, plyrId 1377, (-199.8, 63.1, 682.0) (-13, 42), chunk True (-13, 3, 42), items 23 meleeToolShovelT0StoneShovel, meleeWpnClubT0WoodenClub at (0, 0, 0, xz 0 0) : Write
2024-11-13T03:40:17 1133205.134 INF 22568144 EntityBackpack id 1629, plyrId 1377, (-199.8, 63.1, 682.0) (-13, 42), chunk True (-13, 3, 42), items 23 meleeToolShovelT0StoneShovel, meleeWpnClubT0WoodenClub at (0, 0, 0, xz 0 0) : Start
2024-11-13T03:40:18 1133205.859 INF BloodMoonParty: SpawnZombie grp 2 feralHordeStageGS27 (count 4, numToSpawn 38, maxAlive 11), cnt 11, zombieArlene, loot 0.02, at player 172, day/time 7 23:19
2024-11-13T03:40:19 1133207.476 INF Entity zombieDarlene 1616 killed by CostaDelMars 171
2024-11-13T03:40:21 1133208.866 INF BloodMoonParty: SpawnZombie grp 2 feralHordeStageGS27 (count 5, numToSpawn 38, maxAlive 11), cnt 11, zombieUtilityWorker, loot 0.02, at player 171, day/time 7 23:20
2024-11-13T03:40:27 1133215.104 INF Entity zombieTomClark 1604 killed by directorfitz 172
2024-11-13T03:40:27 1133215.597 INF Entity zombieYo 1625 killed
2024-11-13T03:40:28 1133215.854 INF BloodMoonParty: SpawnZombie grp 2 feralHordeStageGS27 (count 6, numToSpawn 38, maxAlive 11), cnt 11, zombieBusinessMan, loot 0.02, at player 172, day/time 7 23:22
2024-11-13T03:40:28 1133216.090 INF Entity zombieArlene 1630 killed
2024-11-13T03:40:29 1133216.840 INF Entity zombieJanitor 1600 killed by CostaDelMars 171
2024-11-13T03:40:29 1133216.917 INF BloodMoonParty: SpawnZombie grp 2 feralHordeStageGS27 (count 7, numToSpawn 38, maxAlive 11), cnt 10, zombiePartyGirl, loot 0.02, at player 171, day/time 7 23:23
2024-11-13T03:40:30 1133217.948 INF BloodMoonParty: SpawnZombie grp 2 feralHordeStageGS27 (count 8, numToSpawn 38, maxAlive 11), cnt 10, zombieJoe, loot 0.02, at player 172, day/time 7 23:23
2024-11-13T03:40:30 1133218.447 INF Entity zombieUtilityWorker 1621 killed by directorfitz 172
2024-11-13T03:40:31 1133218.899 INF BloodMoonParty: SpawnZombie grp 2 feralHordeStageGS27 (count 9, numToSpawn 38, maxAlive 11), cnt 11, zombieYo, loot 0.02, at player 171, day/time 7 23:24
2024-11-13T03:40:32 1133219.886 INF BloodMoonParty: SpawnZombie grp 2 feralHordeStageGS27 (count 10, numToSpawn 38, maxAlive 11), cnt 11, zombieNurse, loot 0.02, at player 172, day/time 7 23:24
2024-11-13T03:40:33 1133221.585 INF Entity zombieUtilityWorker 1631 killed
2024-11-13T03:40:33 1133221.717 INF Entity zombieJoe 1605 killed by directorfitz 172
2024-11-13T03:40:34 1133221.880 INF BloodMoonParty: SpawnZombie grp 2 feralHordeStageGS27 (count 11, numToSpawn 38, maxAlive 11), cnt 11, zombieBusinessMan, loot 0.02, at player 171, day/time 7 23:25
2024-11-13T03:40:35 1133222.868 INF BloodMoonParty: SpawnZombie grp 2 feralHordeStageGS27 (count 12, numToSpawn 38, maxAlive 11), cnt 11, zombiePartyGirl, loot 0.02, at player 172, day/time 7 23:25
2024-11-13T03:40:35 1133223.528 INF Entity zombieJanitor 1628 killed
2024-11-13T03:40:36 1133223.962 INF BloodMoonParty: SpawnZombie grp 2 feralHordeStageGS27 (count 13, numToSpawn 38, maxAlive 11), cnt 11, zombieJanitor, loot 0.02, at player 171, day/time 7 23:25
2024-11-13T03:40:36 1133224.000 INF PlayerSpawnedInWorld (reason: Died, position: -212, 61, 679): EntityID=675, PltfmId='Steam_76561197969472572', CrossId='EOS_00021eebf2db42e69d23b452b65f6d24', OwnerID='Steam_76561197969472572', PlayerName='conceptxo', ClientNumber='5'
2024-11-13T03:40:36 1133224.715 INF 22568467 EntityBackpack id 1626, plyrId 675, (-199.1, 61.2, 684.4) (-13, 42), chunk True (-13, 3, 42), items 28 resourceFeather, resourceWood at (0, 0, 0, xz 0 0) : Write
2024-11-13T03:40:36 1133224.715 INF 22568467 EntityBackpack id 1629, plyrId 1377, (-199.8, 63.1, 681.9) (-13, 42), chunk True (-13, 3, 42), items 23 meleeToolShovelT0StoneShovel, meleeWpnClubT0WoodenClub at (0, 0, 0, xz 0 0) : Write
2024-11-13T03:40:37 1133225.397 INF Entity zombieTomClark 1609 killed by CostaDelMars 171
2024-11-13T03:40:37 1133225.633 INF Entity zombieNurse 1636 killed
2024-11-13T03:40:38 1133225.951 INF Entity zombieTomClark 1569 killed by CostaDelMars 171
2024-11-13T03:40:38 1133226.617 INF Entity zombiePartyGirl 1633 killed
2024-11-13T03:40:39 1133226.956 INF BloodMoonParty: SpawnZombie grp 2 feralHordeStageGS27 (count 14, numToSpawn 38, maxAlive 11), cnt 11, zombieUtilityWorker, loot 0.5, at player 675, day/time 7 23:26
2024-11-13T03:40:40 1133227.872 INF BloodMoonParty: SpawnZombie grp 2 feralHordeStageGS27 (count 15, numToSpawn 38, maxAlive 11), cnt 10, zombieNurse, loot 0.02, at player 172, day/time 7 23:27
2024-11-13T03:40:41 1133228.905 INF BloodMoonParty: SpawnZombie grp 2 feralHordeStageGS27 (count 16, numToSpawn 38, maxAlive 11), cnt 10, zombieJoe, loot 0.02, at player 171, day/time 7 23:27
2024-11-13T03:40:41 1133229.257 INF Entity zombiePartyGirl 1638 killed
2024-11-13T03:40:41 1133229.716 INF PlayerSpawnedInWorld (reason: Died, position: -207, 61, 680): EntityID=1377, PltfmId='Steam_76561198346392358', CrossId='EOS_00024a1acbf648c0a055194d215e49f5', OwnerID='Steam_76561198346392358', PlayerName='Seegee417', ClientNumber='8'
2024-11-13T03:40:42 1133229.876 INF BloodMoonParty: SpawnZombie grp 2 feralHordeStageGS27 (count 17, numToSpawn 38, maxAlive 11), cnt 11, zombieBoe, loot 0.02, at player 675, day/time 7 23:27
2024-11-13T03:40:42 1133230.099 INF Time: 18886.41m FPS: 16.40 Heap: 2956.8MB Max: 2980.8MB Chunks: 1339 CGO: 30 Ply: 4 Zom: 9 Ent: 35 (132) Items: 8 CO: 12 RSS: 3448.2MB
2024-11-13T03:40:42 1133230.710 INF Entity zombieJoe 1634 killed
2024-11-13T03:40:43 1133230.908 INF BloodMoonParty: SpawnZombie grp 2 feralHordeStageGS27 (count 18, numToSpawn 38, maxAlive 11), cnt 11, zombieJoe, loot 0.02, at player 172, day/time 7 23:28
2024-11-13T03:40:44 1133231.893 INF BloodMoonParty: SpawnZombie grp 2 feralHordeStageGS27 (count 19, numToSpawn 38, maxAlive 11), cnt 11, zombieJanitor, loot 0.02, at player 1377, day/time 7 23:28
2024-11-13T03:40:45 1133233.726 INF Entity zombieBusinessMan 1637 killed
2024-11-13T03:40:45 1133233.729 INF 22568613 EntityBackpack id 1626, plyrId 675, (-199.1, 61.2, 684.4) (-13, 42), chunk True (-13, 3, 42), items 0  at (0, 0, 0, xz 0 0) : RemoveBackpack empty True, reason empty
2024-11-13T03:40:45 1133233.729 INF 22568613 EntityBackpack id 1626, plyrId 675, (-199.1, 61.2, 684.4) (-13, 42), chunk True (-13, 3, 42), items 0  at (0, 0, 0, xz 0 0) : RemoveBackpack empty True, reason old
2024-11-13T03:40:45 1133233.729 INF 22568613 EntityBackpack id 1626, plyrId 675, (-199.1, 61.2, 684.4) (-13, 42), chunk True (-13, 3, 42), items 0  at (0, 0, 0, xz 0 0) : OnEntityUnload markedForUnload False, IsDead True, IsDespawned False
2024-11-13T03:40:48 1133235.907 INF BloodMoonParty: SpawnZombie grp 2 feralHordeStageGS27 (count 20, numToSpawn 38, maxAlive 11), cnt 11, zombieBusinessMan, loot 0.02, at player 171, day/time 7 23:30
2024-11-13T03:40:49 1133236.811 INF Entity zombieYo 1635 killed
2024-11-13T03:40:50 1133237.971 INF BloodMoonParty: SpawnZombie grp 2 feralHordeStageGS27 (count 21, numToSpawn 38, maxAlive 11), cnt 11, zombieBoe, loot 0.02, at player 675, day/time 7 23:30
2024-11-13T03:40:50 1133238.269 INF Entity zombieJanitor 1639 killed
2024-11-13T03:40:51 1133239.426 INF Entity zombieJoe 1643 killed
2024-11-13T03:40:52 1133239.869 INF BloodMoonParty: SpawnZombie grp 2 feralHordeStageGS27 (count 22, numToSpawn 38, maxAlive 11), cnt 11, zombieArlene, loot 0.02, at player 172, day/time 7 23:31
2024-11-13T03:40:53 1133240.892 INF BloodMoonParty: SpawnZombie grp 2 feralHordeStageGS27 (count 23, numToSpawn 38, maxAlive 11), cnt 11, zombieJanitor, loot 0.02, at player 1377, day/time 7 23:31
2024-11-13T03:40:53 1133241.109 INF Entity zombieNurse 1642 killed
2024-11-13T03:40:54 1133241.909 INF BloodMoonParty: SpawnZombie grp 2 feralHordeStageGS27 (count 24, numToSpawn 38, maxAlive 11), cnt 11, zombieNurse, loot 0.02, at player 171, day/time 7 23:32
2024-11-13T03:40:55 1133243.726 INF Entity zombieBoe 1644 killed
2024-11-13T03:40:57 1133244.931 INF Entity zombieJoe 1645 killed
2024-11-13T03:40:57 1133245.377 INF Entity zombieJanitor 1646 killed
2024-11-13T03:40:58 1133245.878 INF BloodMoonParty: SpawnZombie grp 2 feralHordeStageGS27 (count 25, numToSpawn 38, maxAlive 11), cnt 10, zombieBoe, loot 0.02, at player 675, day/time 7 23:33
2024-11-13T03:40:59 1133246.941 INF BloodMoonParty: SpawnZombie grp 2 feralHordeStageGS27 (count 26, numToSpawn 38, maxAlive 11), cnt 10, zombieNurse, loot 0.5, at player 172, day/time 7 23:34
2024-11-13T03:41:00 1133247.866 INF BloodMoonParty: SpawnZombie grp 2 feralHordeStageGS27 (count 27, numToSpawn 38, maxAlive 11), cnt 11, zombiePartyGirl, loot 0.02, at player 1377, day/time 7 23:34
2024-11-13T03:41:01 1133249.420 INF Entity zombieBoe 1648 killed
2024-11-13T03:41:04 1133251.879 INF BloodMoonParty: SpawnZombie grp 2 feralHordeStageGS27 (count 28, numToSpawn 38, maxAlive 11), cnt 11, zombieUtilityWorker, loot 0.02, at player 675, day/time 7 23:35
2024-11-13T03:41:06 1133253.822 INF Entity zombieNurse 1651 killed
2024-11-13T03:41:07 1133255.113 INF Entity zombieJanitor 1650 killed
2024-11-13T03:41:07 1133255.588 INF DroneManager saving 0 (0 + 0)
2024-11-13T03:41:07 1133255.588 INF TurretTracker saving 0 (0 + 0)
2024-11-13T03:41:07 1133255.590 INF DroneManager saved 9 bytes
2024-11-13T03:41:07 1133255.591 INF TurretTracker saved 9 bytes
2024-11-13T03:41:08 1133255.751 INF Entity zombieArlene 1649 killed
2024-11-13T03:41:08 1133255.982 INF BloodMoonParty: SpawnZombie grp 2 feralHordeStageGS27 (count 29, numToSpawn 38, maxAlive 11), cnt 10, zombieNurse, loot 0.02, at player 172, day/time 7 23:37
2024-11-13T03:41:09 1133256.858 INF BloodMoonParty: SpawnZombie grp 2 feralHordeStageGS27 (count 30, numToSpawn 38, maxAlive 11), cnt 10, zombieTomClark, loot 0.02, at player 1377, day/time 7 23:37
2024-11-13T03:41:10 1133257.986 INF BloodMoonParty: SpawnZombie grp 2 feralHordeStageGS27 (count 31, numToSpawn 38, maxAlive 11), cnt 11, zombieNurse, loot 0.02, at player 171, day/time 7 23:38
2024-11-13T03:41:11 1133259.219 INF Entity zombieBoe 1653 killed
2024-11-13T03:41:11 1133259.355 INF Entity zombieUtilityWorker 1641 killed by directorfitz 172
2024-11-13T03:41:12 1133260.123 INF Time: 18886.91m FPS: 15.79 Heap: 2975.0MB Max: 2980.8MB Chunks: 1339 CGO: 43 Ply: 4 Zom: 9 Ent: 28 (147) Items: 8 CO: 11 RSS: 3448.2MB
2024-11-13T03:41:13 1133260.900 INF BloodMoonParty: SpawnZombie grp 2 feralHordeStageGS27 (count 32, numToSpawn 38, maxAlive 11), cnt 10, zombieJanitor, loot 0.02, at player 675, day/time 7 23:39
2024-11-13T03:41:14 1133261.865 INF BloodMoonParty: SpawnZombie grp 2 feralHordeStageGS27 (count 33, numToSpawn 38, maxAlive 11), cnt 11, zombieJoe, loot 0.02, at player 172, day/time 7 23:39
2024-11-13T03:41:14 1133262.731 INF 22569076 EntityBackpack id 1629, plyrId 1377, (-199.8, 63.1, 681.9) (-13, 42), chunk True (-13, 3, 42), items 23 meleeToolShovelT0StoneShovel, meleeWpnClubT0WoodenClub at (0, 0, 0, xz 0 0) : Write
2024-11-13T03:41:15 1133263.323 INF 22569084 EntityBackpack id 1629, plyrId 1377, (-199.8, 63.1, 681.9) (-13, 42), chunk True (-13, 3, 42), items 0  at (0, 0, 0, xz 0 0) : RemoveBackpack empty True, reason empty
2024-11-13T03:41:15 1133263.323 INF 22569084 EntityBackpack id 1629, plyrId 1377, (-199.8, 63.1, 681.9) (-13, 42), chunk True (-13, 3, 42), items 0  at (0, 0, 0, xz 0 0) : RemoveBackpack empty True, reason old
2024-11-13T03:41:15 1133263.323 INF 22569084 EntityBackpack id 1629, plyrId 1377, (-199.8, 63.1, 681.9) (-13, 42), chunk True (-13, 3, 42), items 0  at (0, 0, 0, xz 0 0) : OnEntityUnload markedForUnload False, IsDead True, IsDespawned False
2024-11-13T03:41:17 1133265.102 INF Entity zombieNurse 1657 killed
2024-11-13T03:41:18 1133265.848 INF BloodMoonParty: SpawnZombie grp 2 feralHordeStageGS27 (count 34, numToSpawn 38, maxAlive 11), cnt 11, zombieYo, loot 0.02, at player 1377, day/time 7 23:40
2024-11-13T03:41:22 1133270.216 INF Entity zombieBusinessMan 1632 killed by CostaDelMars 171
2024-11-13T03:41:23 1133270.994 INF BloodMoonParty: SpawnZombie grp 2 feralHordeStageGS27 (count 35, numToSpawn 38, maxAlive 11), cnt 11, zombieDarlene, loot 0.02, at player 675, day/time 7 23:42
2024-11-13T03:41:23 1133271.010 INF Entity zombieUtilityWorker 1656 killed
2024-11-13T03:41:24 1133272.596 INF VehicleManager saving 0 (0 + 0)
2024-11-13T03:41:24 1133272.597 INF VehicleManager saved 9 bytes
2024-11-13T03:41:25 1133272.999 INF BloodMoonParty: SpawnZombie grp 2 feralHordeStageGS27 (count 36, numToSpawn 38, maxAlive 11), cnt 11, zombieMarlene, loot 0.02, at player 172, day/time 7 23:43
2024-11-13T03:41:26 1133274.628 INF Entity zombieTomClark 1658 killed
2024-11-13T03:41:27 1133275.098 INF Entity zombieMarlene 1627 killed by CostaDelMars 171
2024-11-13T03:41:28 1133275.996 INF BloodMoonParty: SpawnZombie grp 2 feralHordeStageGS27 (count 37, numToSpawn 38, maxAlive 11), cnt 10, zombieBusinessMan, loot 0.02, at player 1377, day/time 7 23:44
2024-11-13T03:41:29 1133276.998 INF BloodMoonParty: SpawnZombie grp 2 feralHordeStageGS27 (count 38, numToSpawn 38, maxAlive 11), cnt 11, zombieBoe, loot 0.5, at player 171, day/time 7 23:44
2024-11-13T03:41:30 1133278.079 INF Entity zombieYo 1662 killed
2024-11-13T03:41:33 1133281.239 INF Entity zombieMarlene 1664 killed
2024-11-13T03:41:36 1133284.383 INF Entity zombiePartyGirl 1655 killed
2024-11-13T03:41:38 1133286.243 INF Entity zombieDarlene 1663 killed
2024-11-13T03:41:39 1133286.746 INF Entity zombieBusinessMan 1647 killed by directorfitz 172
2024-11-13T03:41:39 1133287.100 INF Entity zombieJanitor 1660 killed
2024-11-13T03:41:40 1133288.123 INF BloodMoonParty: SpawnZombie grp 3 feralHordeStageGS27 (count 1, numToSpawn 200, maxAlive 7), cnt 7, zombieTomClark, loot 0.02, at player 172, day/time 7 23:48
2024-11-13T03:41:41 1133288.858 INF Entity zombieNurse 1654 killed by directorfitz 172
2024-11-13T03:41:41 1133289.117 INF BloodMoonParty: SpawnZombie grp 3 feralHordeStageGS27 (count 2, numToSpawn 200, maxAlive 7), cnt 7, zombieJanitor, loot 0.02, at player 1377, day/time 7 23:49
2024-11-13T03:41:41 1133289.427 INF Entity zombieBoe 1667 killed
2024-11-13T03:41:42 1133290.090 INF BloodMoonParty: SpawnZombie grp 3 feralHordeStageGS27 (count 3, numToSpawn 200, maxAlive 7), cnt 6, zombieYo, loot 0.02, at player 171, day/time 7 23:49
2024-11-13T03:41:42 1133290.198 INF Time: 18887.41m FPS: 15.96 Heap: 2945.9MB Max: 2980.8MB Chunks: 1339 CGO: 45 Ply: 4 Zom: 5 Ent: 27 (113) Items: 6 CO: 11 RSS: 3448.5MB
2024-11-13T03:41:43 1133291.108 INF BloodMoonParty: SpawnZombie grp 3 feralHordeStageGS27 (count 4, numToSpawn 200, maxAlive 7), cnt 7, zombiePartyGirl, loot 0.02, at player 172, day/time 7 23:49
2024-11-13T03:41:43 1133291.592 INF Entity zombieNurse 1659 killed by CostaDelMars 171
2024-11-13T03:41:44 1133292.133 INF BloodMoonParty: SpawnZombie grp 3 feralHordeStageGS27 (count 5, numToSpawn 200, maxAlive 7), cnt 7, zombieUtilityWorker, loot 0.02, at player 1377, day/time 7 23:50
2024-11-13T03:41:47 1133294.824 INF Entity zombieJoe 1661 killed by directorfitz 172
2024-11-13T03:41:48 1133296.115 INF BloodMoonParty: SpawnZombie grp 3 feralHordeStageGS27 (count 6, numToSpawn 200, maxAlive 7), cnt 7, zombieBoe, loot 0.02, at player 171, day/time 7 23:51
2024-11-13T03:41:58 1133305.980 INF Entity zombieUtilityWorker 1673 killed by directorfitz 172
2024-11-13T03:41:59 1133307.136 INF BloodMoonParty: SpawnZombie grp 3 feralHordeStageGS27 (count 7, numToSpawn 200, maxAlive 7), cnt 7, zombiePartyGirl, loot 0.02, at player 675, day/time 7 23:55
2024-11-13T03:42:11 1133319.727 INF Entity zombieTomClark 1669 killed
2024-11-13T03:42:12 1133320.133 INF BloodMoonParty: SpawnZombie grp 3 feralHordeStageGS27 (count 8, numToSpawn 200, maxAlive 7), cnt 7, zombieDarlene, loot 0.02, at player 172, day/time 8 00:00
2024-11-13T03:42:12 1133320.198 INF Time: 18887.91m FPS: 17.03 Heap: 2955.3MB Max: 2980.8MB Chunks: 1339 CGO: 41 Ply: 4 Zom: 6 Ent: 19 (119) Items: 6 CO: 9 RSS: 3448.5MB
2024-11-13T03:42:13 1133321.314 INF Entity zombieJanitor 1670 killed
2024-11-13T03:42:15 1133323.188 INF BloodMoonParty: SpawnZombie grp 3 feralHordeStageGS27 (count 9, numToSpawn 200, maxAlive 7), cnt 7, zombieNurse, loot 0.02, at player 1377, day/time 8 00:01
2024-11-13T03:42:17 1133325.328 INF Entity zombieYo 1671 killed
2024-11-13T03:42:18 1133326.116 INF BloodMoonParty: SpawnZombie grp 3 feralHordeStageGS27 (count 10, numToSpawn 200, maxAlive 7), cnt 7, zombieTomClark, loot 0.02, at player 675, day/time 8 00:02
2024-11-13T03:42:20 1133327.762 INF Entity zombieBusinessMan 1666 killed
2024-11-13T03:42:20 1133328.401 INF Entity zombiePartyGirl 1672 killed by CostaDelMars 171
2024-11-13T03:42:21 1133329.108 INF BloodMoonParty: SpawnZombie grp 3 feralHordeStageGS27 (count 11, numToSpawn 200, maxAlive 7), cnt 6, zombieYo, loot 0.02, at player 172, day/time 8 00:03
2024-11-13T03:42:22 1133330.228 INF BloodMoonParty: SpawnZombie grp 3 feralHordeStageGS27 (count 12, numToSpawn 200, maxAlive 7), cnt 7, zombieBoe, loot 0.5, at player 1377, day/time 8 00:03
2024-11-13T03:42:35 1133342.860 INF Entity zombieNurse 1678 killed by directorfitz 172
2024-11-13T03:42:36 1133344.132 INF BloodMoonParty: SpawnZombie grp 3 feralHordeStageGS27 (count 13, numToSpawn 200, maxAlive 7), cnt 7, zombieNurse, loot 0.02, at player 171, day/time 8 00:08
2024-11-13T03:42:42 1133350.091 INF Entity zombieDarlene 1677 killed by Seegee417 1377
2024-11-13T03:42:42 1133350.172 INF BloodMoonParty: SpawnZombie grp 3 feralHordeStageGS27 (count 14, numToSpawn 200, maxAlive 7), cnt 7, zombieYo, loot 0.02, at player 675, day/time 8 00:11
2024-11-13T03:42:42 1133350.286 INF Time: 18888.41m FPS: 16.30 Heap: 2964.9MB Max: 2980.8MB Chunks: 1339 CGO: 40 Ply: 4 Zom: 7 Ent: 16 (125) Items: 6 CO: 8 RSS: 3447.7MB
2024-11-13T03:42:47 1133355.214 INF Entity zombieTomClark 1679 killed by directorfitz 172
2024-11-13T03:42:48 1133356.099 INF BloodMoonParty: SpawnZombie grp 3 feralHordeStageGS27 (count 15, numToSpawn 200, maxAlive 7), cnt 7, zombieDarlene, loot 0.02, at player 172, day/time 8 00:13
2024-11-13T03:42:50 1133358.495 INF Entity zombieNurse 1682 killed
2024-11-13T03:42:52 1133360.121 INF BloodMoonParty: SpawnZombie grp 3 feralHordeStageGS27 (count 16, numToSpawn 200, maxAlive 7), cnt 7, zombieArlene, loot 0.02, at player 1377, day/time 8 00:14
2024-11-13T03:42:56 1133364.020 INF Entity zombieBoe 1681 killed by directorfitz 172
2024-11-13T03:42:56 1133364.248 INF BloodMoonParty: SpawnZombie grp 3 feralHordeStageGS27 (count 17, numToSpawn 200, maxAlive 7), cnt 7, zombieNurse, loot 0.02, at player 171, day/time 8 00:16
2024-11-13T03:43:00 1133368.604 INF Entity zombieBoe 1674 killed by CostaDelMars 171
2024-11-13T03:43:02 1133370.334 INF BloodMoonParty: SpawnZombie grp 3 feralHordeStageGS27 (count 18, numToSpawn 200, maxAlive 7), cnt 7, zombieDarlene, loot 0.02, at player 675, day/time 8 00:18
2024-11-13T03:43:06 1133374.159 INF GMSG: Player 'conceptxo' died
2024-11-13T03:43:06 1133374.160 INF 22570930 EntityBackpack id 1689, plyrId 675, (0.0, 0.0, 0.0) (0, 0), chunk False (0, 0, 0), items 28 resourceFeather, resourceWood at (0, 0, 0, xz 0 0) : Read
2024-11-13T03:43:06 1133374.160 INF 22570930 EntityBackpack id 1689, plyrId 675, (-200.3, 63.1, 688.8) (-13, 43), chunk True (-13, 3, 43), items 28 resourceFeather, resourceWood at (0, 0, 0, xz 0 0) : Write
2024-11-13T03:43:06 1133374.160 INF 22570930 EntityBackpack id 1689, plyrId 675, (-200.3, 63.1, 688.8) (-13, 43), chunk True (-13, 3, 43), items 28 resourceFeather, resourceWood at (0, 0, 0, xz 0 0) : Write
2024-11-13T03:43:06 1133374.160 INF 22570930 EntityBackpack id 1689, plyrId 675, (-200.3, 63.1, 688.8) (-13, 43), chunk True (-13, 3, 43), items 28 resourceFeather, resourceWood at (0, 0, 0, xz 0 0) : Write
2024-11-13T03:43:06 1133374.160 INF 22570930 EntityBackpack id 1689, plyrId 675, (-200.3, 63.1, 688.8) (-13, 43), chunk True (-13, 3, 43), items 28 resourceFeather, resourceWood at (0, 0, 0, xz 0 0) : Write
2024-11-13T03:43:06 1133374.166 INF 22570930 EntityBackpack id 1689, plyrId 675, (-200.3, 63.1, 688.8) (-13, 43), chunk True (-13, 3, 43), items 28 resourceFeather, resourceWood at (0, 0, 0, xz 0 0) : Start
2024-11-13T03:43:07 1133375.589 INF DroneManager saving 0 (0 + 0)
2024-11-13T03:43:07 1133375.589 INF TurretTracker saving 0 (0 + 0)
2024-11-13T03:43:07 1133375.591 INF DroneManager saved 9 bytes
2024-11-13T03:43:07 1133375.592 INF TurretTracker saved 9 bytes
2024-11-13T03:43:08 1133375.751 INF Entity zombieArlene 1685 killed by CostaDelMars 171
2024-11-13T03:43:09 1133377.246 INF BloodMoonParty: SpawnZombie grp 3 feralHordeStageGS27 (count 19, numToSpawn 200, maxAlive 7), cnt 7, zombieMarlene, loot 0.02, at player 172, day/time 8 00:20
2024-11-13T03:43:09 1133377.627 INF MinEventLogMessage: XP gained during the last level:
2024-11-13T03:43:09 1133377.627 INF CVarLogValue: $xpFromLootThisLevel == 0
2024-11-13T03:43:09 1133377.627 INF CVarLogValue: $xpFromHarvestingThisLevel == 0
2024-11-13T03:43:09 1133377.627 INF CVarLogValue: $xpFromKillThisLevel == 0
2024-11-13T03:43:10 1133378.548 INF Entity zombiePartyGirl 1675 killed by CostaDelMars 171
2024-11-13T03:43:11 1133379.338 INF Entity zombieYo 1683 killed by directorfitz 172
2024-11-13T03:43:12 1133380.267 INF BloodMoonParty: SpawnZombie grp 3 feralHordeStageGS27 (count 20, numToSpawn 200, maxAlive 7), cnt 6, zombiePartyGirl, loot 0.02, at player 1377, day/time 8 00:21
2024-11-13T03:43:12 1133380.339 INF Time: 18888.91m FPS: 16.32 Heap: 2985.3MB Max: 2985.3MB Chunks: 1339 CGO: 40 Ply: 4 Zom: 5 Ent: 17 (133) Items: 8 CO: 8 RSS: 3453.6MB
2024-11-13T03:43:12 1133380.729 INF 22571031 EntityBackpack id 1689, plyrId 675, (-199.1, 61.2, 689.1) (-13, 43), chunk True (-13, 3, 43), items 28 resourceFeather, resourceWood at (0, 0, 0, xz 0 0) : Write
2024-11-13T03:43:13 1133381.256 INF BloodMoonParty: SpawnZombie grp 3 feralHordeStageGS27 (count 21, numToSpawn 200, maxAlive 7), cnt 7, zombieDarlene, loot 0.02, at player 171, day/time 8 00:22
2024-11-13T03:43:19 1133387.221 INF Entity zombieNurse 1687 killed by CostaDelMars 171
2024-11-13T03:43:21 1133388.762 INF Entity zombieDarlene 1688 killed by directorfitz 172
2024-11-13T03:43:21 1133389.299 INF BloodMoonParty: SpawnZombie grp 3 feralHordeStageGS27 (count 22, numToSpawn 200, maxAlive 7), cnt 6, zombieJanitor, loot 0.02, at player 172, day/time 8 00:25
2024-11-13T03:43:22 1133390.257 INF BloodMoonParty: SpawnZombie grp 3 feralHordeStageGS27 (count 23, numToSpawn 200, maxAlive 7), cnt 7, zombiePartyGirl, loot 0.02, at player 1377, day/time 8 00:25
2024-11-13T03:43:22 1133390.685 INF Entity zombieDarlene 1684 killed by directorfitz 172
2024-11-13T03:43:24 1133392.259 INF BloodMoonParty: SpawnZombie grp 3 feralHordeStageGS27 (count 24, numToSpawn 200, maxAlive 7), cnt 7, zombieJoe, loot 0.5, at player 171, day/time 8 00:26
2024-11-13T03:43:24 1133392.665 INF VehicleManager saving 0 (0 + 0)
2024-11-13T03:43:24 1133392.666 INF VehicleManager saved 9 bytes
2024-11-13T03:43:35 1133402.764 INF Entity zombieDarlene 1692 killed by CostaDelMars 171
2024-11-13T03:43:36 1133404.223 INF BloodMoonParty: SpawnZombie grp 3 feralHordeStageGS27 (count 25, numToSpawn 200, maxAlive 7), cnt 7, zombieArlene, loot 0.02, at player 172, day/time 8 00:30
2024-11-13T03:43:38 1133406.725 INF 22571472 EntityBackpack id 1689, plyrId 675, (-199.1, 61.2, 689.1) (-13, 43), chunk True (-13, 3, 43), items 28 resourceFeather, resourceWood at (0, 0, 0, xz 0 0) : Write
2024-11-13T03:43:39 1133406.763 INF Entity zombieMarlene 1690 killed
2024-11-13T03:43:39 1133407.287 INF BloodMoonParty: SpawnZombie grp 3 feralHordeStageGS27 (count 26, numToSpawn 200, maxAlive 7), cnt 7, zombieDarlene, loot 0.02, at player 1377, day/time 8 00:31
2024-11-13T03:43:40 1133408.101 INF Entity zombiePartyGirl 1691 killed by directorfitz 172
2024-11-13T03:43:41 1133409.338 INF BloodMoonParty: SpawnZombie grp 3 feralHordeStageGS27 (count 27, numToSpawn 200, maxAlive 7), cnt 7, zombieJoe, loot 0.02, at player 172, day/time 8 00:32
2024-11-13T03:43:42 1133410.205 INF Entity zombieYo 1680 killed by directorfitz 172
2024-11-13T03:43:42 1133410.493 INF Time: 18889.41m FPS: 16.55 Heap: 2944.4MB Max: 2985.3MB Chunks: 1339 CGO: 51 Ply: 4 Zom: 7 Ent: 18 (104) Items: 2 CO: 10 RSS: 3456.8MB
2024-11-13T03:43:42 1133410.626 INF Entity zombiePartyGirl 1694 killed
2024-11-13T03:43:43 1133411.248 INF BloodMoonParty: SpawnZombie grp 3 feralHordeStageGS27 (count 28, numToSpawn 200, maxAlive 7), cnt 7, zombieDarlene, loot 0.02, at player 1377, day/time 8 00:33
2024-11-13T03:43:44 1133412.343 INF BloodMoonParty: SpawnZombie grp 3 feralHordeStageGS27 (count 29, numToSpawn 200, maxAlive 7), cnt 7, zombieYo, loot 0.02, at player 172, day/time 8 00:33
2024-11-13T03:43:51 1133419.361 INF Entity zombieJanitor 1693 killed by directorfitz 172
2024-11-13T03:43:51 1133419.369 INF BloodMoonParty: SpawnZombie grp 3 feralHordeStageGS27 (count 30, numToSpawn 200, maxAlive 7), cnt 7, zombieNurse, loot 0.02, at player 1377, day/time 8 00:35
2024-11-13T03:43:55 1133422.902 INF Entity zombieArlene 1696 killed by directorfitz 172
2024-11-13T03:43:55 1133423.350 INF Entity zombieJoe 1695 killed by CostaDelMars 171
2024-11-13T03:43:55 1133423.364 INF BloodMoonParty: SpawnZombie grp 3 feralHordeStageGS27 (count 31, numToSpawn 200, maxAlive 7), cnt 7, zombieUtilityWorker, loot 0.02, at player 171, day/time 8 00:37
2024-11-13T03:43:56 1133424.301 INF BloodMoonParty: SpawnZombie grp 3 feralHordeStageGS27 (count 32, numToSpawn 200, maxAlive 7), cnt 7, zombieTomClark, loot 0.02, at player 172, day/time 8 00:37
2024-11-13T03:44:02 1133429.972 INF Entity zombieDarlene 1698 killed by Seegee417 1377
2024-11-13T03:44:02 1133430.728 INF 22571873 EntityBackpack id 1689, plyrId 675, (-199.1, 61.2, 689.1) (-13, 43), chunk True (-13, 3, 43), items 28 resourceFeather, resourceWood at (0, 0, 0, xz 0 0) : Write
2024-11-13T03:44:03 1133430.991 INF Entity zombieJoe 1699 killed by directorfitz 172
2024-11-13T03:44:03 1133431.077 INF PlayerSpawnedInWorld (reason: Died, position: -212, 61, 679): EntityID=675, PltfmId='Steam_76561197969472572', CrossId='EOS_00021eebf2db42e69d23b452b65f6d24', OwnerID='Steam_76561197969472572', PlayerName='conceptxo', ClientNumber='5'
2024-11-13T03:44:04 1133432.236 INF BloodMoonParty: SpawnZombie grp 3 feralHordeStageGS27 (count 33, numToSpawn 200, maxAlive 7), cnt 6, zombieBoe, loot 0.02, at player 1377, day/time 8 00:40
2024-11-13T03:44:05 1133433.244 INF BloodMoonParty: SpawnZombie grp 3 feralHordeStageGS27 (count 34, numToSpawn 200, maxAlive 7), cnt 7, zombieJoe, loot 0.02, at player 171, day/time 8 00:40
2024-11-13T03:44:05 1133433.646 INF Entity zombieYo 1701 killed by directorfitz 172
2024-11-13T03:44:07 1133435.289 INF BloodMoonParty: SpawnZombie grp 3 feralHordeStageGS27 (count 35, numToSpawn 200, maxAlive 7), cnt 7, zombieYo, loot 0.02, at player 172, day/time 8 00:41
2024-11-13T03:44:10 1133438.252 INF [DECO] written 75690, in 15ms
2024-11-13T03:44:10 1133438.257 INF [DECO] write thread 4ms
2024-11-13T03:44:10 1133438.505 INF Entity zombieUtilityWorker 1704 killed by CostaDelMars 171
2024-11-13T03:44:12 1133439.851 INF MinEventLogMessage: XP gained during the last level:
2024-11-13T03:44:12 1133439.851 INF CVarLogValue: $xpFromLootThisLevel == 0
2024-11-13T03:44:12 1133439.851 INF CVarLogValue: $xpFromHarvestingThisLevel == 0
2024-11-13T03:44:12 1133439.851 INF CVarLogValue: $xpFromKillThisLevel == 0
2024-11-13T03:44:12 1133440.237 INF BloodMoonParty: SpawnZombie grp 3 feralHordeStageGS27 (count 36, numToSpawn 200, maxAlive 7), cnt 7, zombieMarlene, loot 0.5, at player 1377, day/time 8 00:43
2024-11-13T03:44:12 1133440.578 INF Time: 18889.91m FPS: 16.44 Heap: 2950.0MB Max: 2985.3MB Chunks: 1339 CGO: 46 Ply: 4 Zom: 7 Ent: 19 (114) Items: 3 CO: 12 RSS: 3463.3MB
2024-11-13T03:44:15 1133443.274 INF Entity zombieNurse 1702 killed by directorfitz 172
2024-11-13T03:44:16 1133444.342 INF BloodMoonParty: SpawnZombie grp 3 feralHordeStageGS27 (count 37, numToSpawn 200, maxAlive 7), cnt 7, zombieUtilityWorker, loot 0.02, at player 171, day/time 8 00:44
2024-11-13T03:44:18 1133446.473 INF 22572127 EntityBackpack id 1689, plyrId 675, (-199.2, 61.2, 689.4) (-13, 43), chunk True (-13, 3, 43), items 0  at (0, 0, 0, xz 0 0) : RemoveBackpack empty True, reason empty
2024-11-13T03:44:18 1133446.473 INF 22572127 EntityBackpack id 1689, plyrId 675, (-199.2, 61.2, 689.4) (-13, 43), chunk True (-13, 3, 43), items 0  at (0, 0, 0, xz 0 0) : RemoveBackpack empty True, reason old
2024-11-13T03:44:18 1133446.473 INF 22572127 EntityBackpack id 1689, plyrId 675, (-199.2, 61.2, 689.4) (-13, 43), chunk True (-13, 3, 43), items 0  at (0, 0, 0, xz 0 0) : OnEntityUnload markedForUnload False, IsDead True, IsDespawned False
2024-11-13T03:44:20 1133447.750 INF Entity zombieDarlene 1700 killed by Seegee417 1377
2024-11-13T03:44:21 1133449.263 INF BloodMoonParty: SpawnZombie grp 3 feralHordeStageGS27 (count 38, numToSpawn 200, maxAlive 7), cnt 7, zombieJoe, loot 0.02, at player 675, day/time 8 00:46
2024-11-13T03:44:22 1133449.953 INF Entity zombieTomClark 1705 killed by CostaDelMars 171
2024-11-13T03:44:23 1133451.350 INF BloodMoonParty: SpawnZombie grp 3 feralHordeStageGS27 (count 39, numToSpawn 200, maxAlive 7), cnt 7, zombieArlene, loot 0.02, at player 172, day/time 8 00:47
2024-11-13T03:44:24 1133452.419 INF GMSG: Player 'conceptxo' died
2024-11-13T03:44:24 1133452.429 INF 22572225 EntityBackpack id 1713, plyrId 675, (0.0, 0.0, 0.0) (0, 0), chunk False (0, 0, 0), items 28 resourceFeather, resourceWood at (0, 0, 0, xz 0 0) : Read
2024-11-13T03:44:24 1133452.429 INF 22572225 EntityBackpack id 1713, plyrId 675, (-200.3, 63.1, 688.9) (-13, 43), chunk True (-13, 3, 43), items 28 resourceFeather, resourceWood at (0, 0, 0, xz 0 0) : Write
2024-11-13T03:44:24 1133452.429 INF 22572225 EntityBackpack id 1713, plyrId 675, (-200.3, 63.1, 688.9) (-13, 43), chunk True (-13, 3, 43), items 28 resourceFeather, resourceWood at (0, 0, 0, xz 0 0) : Write
2024-11-13T03:44:24 1133452.429 INF 22572225 EntityBackpack id 1713, plyrId 675, (-200.3, 63.1, 688.9) (-13, 43), chunk True (-13, 3, 43), items 28 resourceFeather, resourceWood at (0, 0, 0, xz 0 0) : Write
2024-11-13T03:44:24 1133452.429 INF 22572225 EntityBackpack id 1713, plyrId 675, (-200.3, 63.1, 688.9) (-13, 43), chunk True (-13, 3, 43), items 28 resourceFeather, resourceWood at (0, 0, 0, xz 0 0) : Write
2024-11-13T03:44:24 1133452.429 INF 22572225 EntityBackpack id 1713, plyrId 675, (-200.3, 63.1, 688.9) (-13, 43), chunk True (-13, 3, 43), items 28 resourceFeather, resourceWood at (0, 0, 0, xz 0 0) : Start
2024-11-13T03:44:25 1133452.755 INF 22572230 EntityBackpack id 1713, plyrId 675, (-200.3, 62.9, 688.9) (-13, 43), chunk True (-13, 3, 43), items 28 resourceFeather, resourceWood at (0, 0, 0, xz 0 0) : Write
2024-11-13T03:44:28 1133456.628 INF Entity zombieJoe 1707 killed
2024-11-13T03:44:30 1133458.241 INF BloodMoonParty: SpawnZombie grp 3 feralHordeStageGS27 (count 40, numToSpawn 200, maxAlive 7), cnt 7, zombiePartyGirl, loot 0.02, at player 1377, day/time 8 00:49
2024-11-13T03:44:38 1133466.003 INF Entity zombieMarlene 1709 killed by Seegee417 1377
2024-11-13T03:44:39 1133467.265 INF BloodMoonParty: SpawnZombie grp 3 feralHordeStageGS27 (count 41, numToSpawn 200, maxAlive 7), cnt 7, zombieBoe, loot 0.02, at player 172, day/time 8 00:53
2024-11-13T03:44:42 1133470.606 INF Entity zombieBoe 1706 killed by CostaDelMars 171
2024-11-13T03:44:42 1133470.611 INF Time: 18890.42m FPS: 16.90 Heap: 2966.5MB Max: 2985.3MB Chunks: 1339 CGO: 36 Ply: 4 Zom: 7 Ent: 17 (121) Items: 5 CO: 9 RSS: 3463.8MB
2024-11-13T03:44:44 1133472.269 INF BloodMoonParty: SpawnZombie grp 3 feralHordeStageGS27 (count 42, numToSpawn 200, maxAlive 7), cnt 7, zombiePartyGirl, loot 0.02, at player 1377, day/time 8 00:54
2024-11-13T03:44:45 1133473.402 INF Entity zombieArlene 1712 killed by directorfitz 172
2024-11-13T03:44:46 1133474.248 INF BloodMoonParty: SpawnZombie grp 3 feralHordeStageGS27 (count 43, numToSpawn 200, maxAlive 7), cnt 7, zombieUtilityWorker, loot 0.02, at player 171, day/time 8 00:55
2024-11-13T03:44:46 1133474.738 INF 22572600 EntityBackpack id 1713, plyrId 675, (-200.4, 61.2, 689.2) (-13, 43), chunk True (-13, 3, 43), items 28 resourceFeather, resourceWood at (0, 0, 0, xz 0 0) : Write
2024-11-13T03:44:48 1133476.258 INF PlayerSpawnedInWorld (reason: Died, position: -212, 61, 679): EntityID=675, PltfmId='Steam_76561197969472572', CrossId='EOS_00021eebf2db42e69d23b452b65f6d24', OwnerID='Steam_76561197969472572', PlayerName='conceptxo', ClientNumber='5'
2024-11-13T03:44:48 1133476.535 INF MinEventLogMessage: XP gained during the last level:
2024-11-13T03:44:48 1133476.535 INF CVarLogValue: $xpFromLootThisLevel == 0
2024-11-13T03:44:48 1133476.535 INF CVarLogValue: $xpFromHarvestingThisLevel == 0
2024-11-13T03:44:48 1133476.535 INF CVarLogValue: $xpFromKillThisLevel == 0
2024-11-13T03:44:52 1133480.335 INF Entity zombiePartyGirl 1714 killed by directorfitz 172
2024-11-13T03:44:53 1133481.282 INF BloodMoonParty: SpawnZombie grp 3 feralHordeStageGS27 (count 44, numToSpawn 200, maxAlive 7), cnt 7, zombieBusinessMan, loot 0.02, at player 172, day/time 8 00:58
2024-11-13T03:44:56 1133483.968 INF Entity zombieJoe 1711 killed by Seegee417 1377
2024-11-13T03:44:57 1133484.843 INF Entity zombieUtilityWorker 1710 killed by CostaDelMars 171
2024-11-13T03:44:57 1133485.225 INF BloodMoonParty: SpawnZombie grp 3 feralHordeStageGS27 (count 45, numToSpawn 200, maxAlive 7), cnt 7, zombieYo, loot 0.02, at player 1377, day/time 8 00:59
2024-11-13T03:44:58 1133486.290 INF BloodMoonParty: SpawnZombie grp 3 feralHordeStageGS27 (count 46, numToSpawn 200, maxAlive 7), cnt 7, zombieBusinessMan, loot 0.02, at player 172, day/time 8 00:59
2024-11-13T03:45:00 1133488.476 INF Entity zombieBoe 1716 killed by directorfitz 172
2024-11-13T03:45:01 1133489.558 INF Entity zombieYo 1708 killed by Seegee417 1377
2024-11-13T03:45:02 1133490.244 INF BloodMoonParty: SpawnZombie grp 3 feralHordeStageGS27 (count 47, numToSpawn 200, maxAlive 7), cnt 6, zombieMarlene, loot 0.02, at player 1377, day/time 8 01:01
2024-11-13T03:45:03 1133490.865 INF Entity zombiePartyGirl 1717 killed by directorfitz 172
2024-11-13T03:45:03 1133491.367 INF BloodMoonParty: SpawnZombie grp 3 feralHordeStageGS27 (count 48, numToSpawn 200, maxAlive 7), cnt 6, zombieDarlene, loot 0.5, at player 675, day/time 8 01:01
2024-11-13T03:45:04 1133492.360 INF BloodMoonParty: SpawnZombie grp 3 feralHordeStageGS27 (count 49, numToSpawn 200, maxAlive 7), cnt 7, zombieMarlene, loot 0.02, at player 172, day/time 8 01:02
2024-11-13T03:45:07 1133495.615 INF DroneManager saving 0 (0 + 0)
2024-11-13T03:45:07 1133495.616 INF TurretTracker saving 0 (0 + 0)
2024-11-13T03:45:07 1133495.617 INF DroneManager saved 9 bytes
2024-11-13T03:45:07 1133495.618 INF TurretTracker saved 9 bytes
2024-11-13T03:45:08 1133496.732 INF 22572966 EntityBackpack id 1713, plyrId 675, (-200.4, 61.2, 689.2) (-13, 43), chunk True (-13, 3, 43), items 28 resourceFeather, resourceWood at (0, 0, 0, xz 0 0) : Write
2024-11-13T03:45:10 1133498.685 INF Entity zombieBusinessMan 1719 killed by directorfitz 172
2024-11-13T03:45:11 1133499.443 INF 22573017 EntityBackpack id 1713, plyrId 675, (-200.4, 61.2, 689.2) (-13, 43), chunk True (-13, 3, 43), items 0  at (0, 0, 0, xz 0 0) : RemoveBackpack empty True, reason empty
2024-11-13T03:45:11 1133499.443 INF 22573017 EntityBackpack id 1713, plyrId 675, (-200.4, 61.2, 689.2) (-13, 43), chunk True (-13, 3, 43), items 0  at (0, 0, 0, xz 0 0) : RemoveBackpack empty True, reason old
2024-11-13T03:45:11 1133499.443 INF 22573017 EntityBackpack id 1713, plyrId 675, (-200.4, 61.2, 689.2) (-13, 43), chunk True (-13, 3, 43), items 0  at (0, 0, 0, xz 0 0) : OnEntityUnload markedForUnload False, IsDead True, IsDespawned False
2024-11-13T03:45:12 1133500.378 INF BloodMoonParty: SpawnZombie grp 3 feralHordeStageGS27 (count 50, numToSpawn 200, maxAlive 7), cnt 7, zombieTomClark, loot 0.02, at player 1377, day/time 8 01:04
2024-11-13T03:45:12 1133500.694 INF Time: 18890.92m FPS: 17.67 Heap: 2988.0MB Max: 2988.0MB Chunks: 1339 CGO: 32 Ply: 4 Zom: 6 Ent: 18 (130) Items: 5 CO: 9 RSS: 3465.7MB
2024-11-13T03:45:13 1133501.700 INF Entity zombieUtilityWorker 1718 killed by CostaDelMars 171
2024-11-13T03:45:14 1133502.372 INF BloodMoonParty: SpawnZombie grp 3 feralHordeStageGS27 (count 51, numToSpawn 200, maxAlive 7), cnt 7, zombieBoe, loot 0.02, at player 171, day/time 8 01:05
2024-11-13T03:45:24 1133512.712 INF VehicleManager saving 0 (0 + 0)
2024-11-13T03:45:24 1133512.714 INF VehicleManager saved 9 bytes
2024-11-13T03:45:26 1133514.312 INF Entity zombieBusinessMan 1721 killed by directorfitz 172
2024-11-13T03:45:27 1133515.439 INF BloodMoonParty: SpawnZombie grp 3 feralHordeStageGS27 (count 52, numToSpawn 200, maxAlive 7), cnt 7, zombieJoe, loot 0.02, at player 675, day/time 8 01:10
2024-11-13T03:45:35 1133523.246 INF Entity zombieDarlene 1723 killed by CostaDelMars 171
2024-11-13T03:45:35 1133523.377 INF BloodMoonParty: SpawnZombie grp 3 feralHordeStageGS27 (count 53, numToSpawn 200, maxAlive 7), cnt 7, zombieJanitor, loot 0.02, at player 172, day/time 8 01:13
2024-11-13T03:45:42 1133530.726 INF Time: 18891.42m FPS: 16.65 Heap: 2943.8MB Max: 2988.0MB Chunks: 1339 CGO: 26 Ply: 4 Zom: 7 Ent: 15 (97) Items: 2 CO: 7 RSS: 3467.7MB
2024-11-13T03:45:47 1133535.022 INF Entity zombieMarlene 1722 killed by conceptxo 675
2024-11-13T03:45:47 1133535.476 INF BloodMoonParty: SpawnZombie grp 3 feralHordeStageGS27 (count 54, numToSpawn 200, maxAlive 7), cnt 7, zombieBusinessMan, loot 0.02, at player 1377, day/time 8 01:17
2024-11-13T03:45:48 1133535.912 INF Entity zombieTomClark 1725 killed by CostaDelMars 171
2024-11-13T03:45:48 1133536.385 INF BloodMoonParty: SpawnZombie grp 3 feralHordeStageGS27 (count 55, numToSpawn 200, maxAlive 7), cnt 7, zombieYo, loot 0.02, at player 675, day/time 8 01:17
2024-11-13T03:45:49 1133536.958 INF Entity zombieMarlene 1724 killed by Seegee417 1377
2024-11-13T03:45:49 1133537.355 INF Entity zombieJoe 1727 killed by directorfitz 172
2024-11-13T03:45:50 1133538.453 INF BloodMoonParty: SpawnZombie grp 3 feralHordeStageGS27 (count 56, numToSpawn 200, maxAlive 7), cnt 6, zombieArlene, loot 0.02, at player 172, day/time 8 01:18
2024-11-13T03:45:51 1133539.016 INF Entity zombieYo 1720 killed by conceptxo 675
2024-11-13T03:45:51 1133539.377 INF BloodMoonParty: SpawnZombie grp 3 feralHordeStageGS27 (count 57, numToSpawn 200, maxAlive 7), cnt 7, zombieBoe, loot 0.02, at player 1377, day/time 8 01:18
2024-11-13T03:45:52 1133540.470 INF BloodMoonParty: SpawnZombie grp 3 feralHordeStageGS27 (count 58, numToSpawn 200, maxAlive 7), cnt 7, zombieMarlene, loot 0.02, at player 675, day/time 8 01:19
2024-11-13T03:46:06 1133554.465 INF Entity zombieJanitor 1729 killed by directorfitz 172
2024-11-13T03:46:07 1133554.917 INF Entity zombieArlene 1732 killed
2024-11-13T03:46:07 1133555.375 INF BloodMoonParty: SpawnZombie grp 3 feralHordeStageGS27 (count 59, numToSpawn 200, maxAlive 7), cnt 6, zombieTomClark, loot 0.02, at player 172, day/time 8 01:24
2024-11-13T03:46:08 1133555.852 INF Entity zombieBoe 1733 killed by directorfitz 172
2024-11-13T03:46:08 1133556.389 INF BloodMoonParty: SpawnZombie grp 3 feralHordeStageGS27 (count 60, numToSpawn 200, maxAlive 7), cnt 6, zombiePartyGirl, loot 0.5, at player 1377, day/time 8 01:25
2024-11-13T03:46:09 1133557.373 INF BloodMoonParty: SpawnZombie grp 3 feralHordeStageGS27 (count 61, numToSpawn 200, maxAlive 7), cnt 7, zombieJanitor, loot 0.02, at player 171, day/time 8 01:25
2024-11-13T03:46:12 1133560.729 INF Time: 18891.92m FPS: 16.96 Heap: 2946.8MB Max: 2988.0MB Chunks: 1339 CGO: 31 Ply: 4 Zom: 7 Ent: 15 (105) Items: 2 CO: 10 RSS: 3472.8MB
2024-11-13T03:46:23 1133571.215 INF Entity zombieTomClark 1735 killed by directorfitz 172
2024-11-13T03:46:24 1133572.222 INF Entity zombieBoe 1726 killed
2024-11-13T03:46:24 1133572.390 INF BloodMoonParty: SpawnZombie grp 3 feralHordeStageGS27 (count 62, numToSpawn 200, maxAlive 7), cnt 7, zombieYo, loot 0.02, at player 675, day/time 8 01:30
2024-11-13T03:46:26 1133574.376 INF BloodMoonParty: SpawnZombie grp 3 feralHordeStageGS27 (count 63, numToSpawn 200, maxAlive 7), cnt 7, zombieTomClark, loot 0.02, at player 172, day/time 8 01:31
2024-11-13T03:46:27 1133574.965 INF Entity zombieMarlene 1734 killed by directorfitz 172
2024-11-13T03:46:28 1133576.236 INF Entity zombieYo 1731 killed by directorfitz 172
2024-11-13T03:46:28 1133576.400 INF BloodMoonParty: SpawnZombie grp 3 feralHordeStageGS27 (count 64, numToSpawn 200, maxAlive 7), cnt 7, zombieBoe, loot 0.02, at player 1377, day/time 8 01:32
2024-11-13T03:46:29 1133577.354 INF Entity zombiePartyGirl 1736 killed by directorfitz 172
2024-11-13T03:46:30 1133578.383 INF BloodMoonParty: SpawnZombie grp 3 feralHordeStageGS27 (count 65, numToSpawn 200, maxAlive 7), cnt 7, zombieBusinessMan, loot 0.02, at player 171, day/time 8 01:32
2024-11-13T03:46:31 1133579.370 INF BloodMoonParty: SpawnZombie grp 3 feralHordeStageGS27 (count 66, numToSpawn 200, maxAlive 7), cnt 7, zombieYo, loot 0.02, at player 675, day/time 8 01:33
2024-11-13T03:46:34 1133582.409 INF Entity zombieBusinessMan 1730 killed by directorfitz 172
2024-11-13T03:46:36 1133584.390 INF BloodMoonParty: SpawnZombie grp 3 feralHordeStageGS27 (count 67, numToSpawn 200, maxAlive 7), cnt 7, zombieJanitor, loot 0.02, at player 172, day/time 8 01:35
2024-11-13T03:46:39 1133587.221 INF Entity zombieBusinessMan 1741 killed by directorfitz 172
2024-11-13T03:46:40 1133588.388 INF BloodMoonParty: SpawnZombie grp 3 feralHordeStageGS27 (count 68, numToSpawn 200, maxAlive 7), cnt 7, zombieNurse, loot 0.02, at player 1377, day/time 8 01:36
2024-11-13T03:46:40 1133588.605 INF MinEventLogMessage: XP gained during the last level:
2024-11-13T03:46:40 1133588.605 INF CVarLogValue: $xpFromLootThisLevel == 0
2024-11-13T03:46:40 1133588.605 INF CVarLogValue: $xpFromHarvestingThisLevel == 0
2024-11-13T03:46:40 1133588.605 INF CVarLogValue: $xpFromKillThisLevel == 0
2024-11-13T03:46:42 1133590.235 INF Entity zombieTomClark 1739 killed by directorfitz 172
2024-11-13T03:46:42 1133590.740 INF Time: 18892.42m FPS: 15.46 Heap: 2957.4MB Max: 2988.0MB Chunks: 1339 CGO: 39 Ply: 4 Zom: 6 Ent: 18 (113) Items: 2 CO: 8 RSS: 3480.0MB
2024-11-13T03:46:43 1133591.369 INF BloodMoonParty: SpawnZombie grp 3 feralHordeStageGS27 (count 69, numToSpawn 200, maxAlive 7), cnt 7, zombieJanitor, loot 0.02, at player 171, day/time 8 01:37
2024-11-13T03:46:50 1133598.104 INF Entity zombieBoe 1740 killed by Seegee417 1377
2024-11-13T03:46:51 1133599.382 INF BloodMoonParty: SpawnZombie grp 3 feralHordeStageGS27 (count 70, numToSpawn 200, maxAlive 7), cnt 7, zombieBoe, loot 0.02, at player 675, day/time 8 01:40
2024-11-13T03:46:56 1133604.454 INF Entity zombieJanitor 1737 killed by directorfitz 172
2024-11-13T03:46:58 1133606.391 INF BloodMoonParty: SpawnZombie grp 3 feralHordeStageGS27 (count 71, numToSpawn 200, maxAlive 7), cnt 7, zombieJoe, loot 0.02, at player 172, day/time 8 01:42
2024-11-13T03:47:00 1133608.223 INF Entity zombieNurse 1745 killed by directorfitz 172
2024-11-13T03:47:01 1133609.373 INF BloodMoonParty: SpawnZombie grp 3 feralHordeStageGS27 (count 72, numToSpawn 200, maxAlive 7), cnt 7, zombieJanitor, loot 0.5, at player 1377, day/time 8 01:43
2024-11-13T03:47:03 1133611.372 INF Entity zombieYo 1738 killed by directorfitz 172
2024-11-13T03:47:04 1133612.373 INF BloodMoonParty: SpawnZombie grp 3 feralHordeStageGS27 (count 73, numToSpawn 200, maxAlive 7), cnt 7, zombiePartyGirl, loot 0.02, at player 171, day/time 8 01:45
2024-11-13T03:47:04 1133612.503 INF Entity zombieYo 1742 killed by directorfitz 172
2024-11-13T03:47:05 1133613.378 INF BloodMoonParty: SpawnZombie grp 3 feralHordeStageGS27 (count 74, numToSpawn 200, maxAlive 7), cnt 7, zombieYo, loot 0.02, at player 675, day/time 8 01:45
2024-11-13T03:47:05 1133613.612 INF Entity zombieJanitor 1743 killed by directorfitz 172
2024-11-13T03:47:06 1133614.383 INF BloodMoonParty: SpawnZombie grp 3 feralHordeStageGS27 (count 75, numToSpawn 200, maxAlive 7), cnt 7, zombieJanitor, loot 0.02, at player 172, day/time 8 01:45
2024-11-13T03:47:07 1133615.689 INF DroneManager saving 0 (0 + 0)
2024-11-13T03:47:07 1133615.689 INF TurretTracker saving 0 (0 + 0)
2024-11-13T03:47:07 1133615.689 INF DroneManager saved 9 bytes
2024-11-13T03:47:07 1133615.690 INF TurretTracker saved 9 bytes
2024-11-13T03:47:10 1133618.343 INF Entity zombieJanitor 1746 killed by CostaDelMars 171
2024-11-13T03:47:12 1133620.511 INF BloodMoonParty: SpawnZombie grp 3 feralHordeStageGS27 (count 76, numToSpawn 200, maxAlive 7), cnt 7, zombieYo, loot 0.02, at player 1377, day/time 8 01:48
2024-11-13T03:47:13 1133620.825 INF Time: 18892.92m FPS: 16.77 Heap: 2974.4MB Max: 2988.0MB Chunks: 1339 CGO: 44 Ply: 4 Zom: 7 Ent: 18 (121) Items: 2 CO: 11 RSS: 3480.2MB
2024-11-13T03:47:16 1133623.748 INF Entity zombieJoe 1748 killed by directorfitz 172
2024-11-13T03:47:17 1133624.978 INF Entity zombieJanitor 1749 killed by directorfitz 172
2024-11-13T03:47:17 1133625.577 INF BloodMoonParty: SpawnZombie grp 3 feralHordeStageGS27 (count 77, numToSpawn 200, maxAlive 7), cnt 7, zombieDarlene, loot 0.02, at player 171, day/time 8 01:49
2024-11-13T03:47:18 1133626.521 INF BloodMoonParty: SpawnZombie grp 3 feralHordeStageGS27 (count 78, numToSpawn 200, maxAlive 7), cnt 7, zombieJanitor, loot 0.02, at player 675, day/time 8 01:50
2024-11-13T03:47:25 1133632.773 INF VehicleManager saving 0 (0 + 0)
2024-11-13T03:47:25 1133632.775 INF VehicleManager saved 9 bytes
2024-11-13T03:47:25 1133633.371 INF Entity zombiePartyGirl 1750 killed by CostaDelMars 171
2024-11-13T03:47:27 1133635.476 INF BloodMoonParty: SpawnZombie grp 3 feralHordeStageGS27 (count 79, numToSpawn 200, maxAlive 7), cnt 7, zombieJoe, loot 0.02, at player 172, day/time 8 01:53
2024-11-13T03:47:30 1133638.720 INF Entity zombieYo 1751 killed by directorfitz 172
2024-11-13T03:47:32 1133640.518 INF BloodMoonParty: SpawnZombie grp 3 feralHordeStageGS27 (count 80, numToSpawn 200, maxAlive 7), cnt 7, zombiePartyGirl, loot 0.02, at player 1377, day/time 8 01:55
2024-11-13T03:47:33 1133641.470 INF Entity zombieJanitor 1752 killed by directorfitz 172
2024-11-13T03:47:34 1133642.539 INF BloodMoonParty: SpawnZombie grp 3 feralHordeStageGS27 (count 81, numToSpawn 200, maxAlive 7), cnt 7, zombieDarlene, loot 0.02, at player 171, day/time 8 01:55
2024-11-13T03:47:35 1133642.832 INF Entity zombieBoe 1747 killed by directorfitz 172
2024-11-13T03:47:36 1133644.505 INF BloodMoonParty: SpawnZombie grp 3 feralHordeStageGS27 (count 82, numToSpawn 200, maxAlive 7), cnt 7, zombieBusinessMan, loot 0.02, at player 675, day/time 8 01:56
2024-11-13T03:47:38 1133646.056 INF Entity zombieYo 1753 killed by directorfitz 172
2024-11-13T03:47:39 1133647.484 INF BloodMoonParty: SpawnZombie grp 3 feralHordeStageGS27 (count 83, numToSpawn 200, maxAlive 7), cnt 7, zombieYo, loot 0.02, at player 172, day/time 8 01:57
2024-11-13T03:47:43 1133650.847 INF Time: 18893.42m FPS: 15.93 Heap: 2942.6MB Max: 2988.0MB Chunks: 1330 CGO: 37 Ply: 4 Zom: 7 Ent: 17 (106) Items: 0 CO: 9 RSS: 3482.2MB
2024-11-13T03:47:46 1133654.368 INF Entity zombieJoe 1756 killed by conceptxo 675
2024-11-13T03:47:46 1133654.601 INF MinEventLogMessage: XP gained during the last level:
2024-11-13T03:47:46 1133654.601 INF CVarLogValue: $xpFromLootThisLevel == 0
2024-11-13T03:47:46 1133654.601 INF CVarLogValue: $xpFromHarvestingThisLevel == 0
2024-11-13T03:47:46 1133654.601 INF CVarLogValue: $xpFromKillThisLevel == 0
2024-11-13T03:47:48 1133656.597 INF BloodMoonParty: SpawnZombie grp 3 feralHordeStageGS27 (count 84, numToSpawn 200, maxAlive 7), cnt 7, zombiePartyGirl, loot 0.5, at player 1377, day/time 8 02:00
2024-11-13T03:47:52 1133660.604 INF Entity zombiePartyGirl 1757 killed by Seegee417 1377
2024-11-13T03:47:53 1133661.614 INF BloodMoonParty: SpawnZombie grp 3 feralHordeStageGS27 (count 85, numToSpawn 200, maxAlive 7), cnt 7, zombieYo, loot 0.02, at player 171, day/time 8 02:02
2024-11-13T03:47:54 1133662.616 INF Entity zombieJanitor 1755 killed by conceptxo 675
2024-11-13T03:47:55 1133662.858 INF MinEventLogMessage: XP gained during the last level:
2024-11-13T03:47:55 1133662.858 INF CVarLogValue: $xpFromLootThisLevel == 0
2024-11-13T03:47:55 1133662.858 INF CVarLogValue: $xpFromHarvestingThisLevel == 0
2024-11-13T03:47:55 1133662.858 INF CVarLogValue: $xpFromKillThisLevel == 0
2024-11-13T03:47:56 1133664.689 INF BloodMoonParty: SpawnZombie grp 3 feralHordeStageGS27 (count 86, numToSpawn 200, maxAlive 7), cnt 7, zombieArlene, loot 0.02, at player 675, day/time 8 02:03
2024-11-13T03:48:02 1133670.217 INF Entity zombiePartyGirl 1761 killed by directorfitz 172
2024-11-13T03:48:03 1133671.602 INF BloodMoonParty: SpawnZombie grp 3 feralHordeStageGS27 (count 87, numToSpawn 200, maxAlive 7), cnt 7, zombieNurse, loot 0.02, at player 172, day/time 8 02:06
2024-11-13T03:48:12 1133679.906 INF Entity zombieYo 1762 killed by directorfitz 172
2024-11-13T03:48:12 1133680.617 INF BloodMoonParty: SpawnZombie grp 3 feralHordeStageGS27 (count 88, numToSpawn 200, maxAlive 7), cnt 7, zombieJoe, loot 0.02, at player 1377, day/time 8 02:09
2024-11-13T03:48:13 1133680.840 INF Time: 18893.92m FPS: 16.66 Heap: 2947.8MB Max: 2988.0MB Chunks: 1330 CGO: 33 Ply: 4 Zom: 7 Ent: 15 (111) Items: 0 CO: 8 RSS: 3483.6MB
2024-11-13T03:48:15 1133683.476 INF Entity zombieArlene 1763 killed by directorfitz 172
2024-11-13T03:48:16 1133683.766 INF BloodMoonParty: SpawnZombie grp 3 feralHordeStageGS27 (count 89, numToSpawn 200, maxAlive 7), cnt 7, zombieYo, loot 0.02, at player 171, day/time 8 02:10
2024-11-13T03:48:18 1133685.886 INF Entity zombieNurse 1764 killed by directorfitz 172
2024-11-13T03:48:19 1133686.760 INF BloodMoonParty: SpawnZombie grp 3 feralHordeStageGS27 (count 90, numToSpawn 200, maxAlive 7), cnt 7, zombieDarlene, loot 0.02, at player 675, day/time 8 02:11
2024-11-13T03:48:25 1133693.210 INF Entity zombieDarlene 1758 killed by directorfitz 172
2024-11-13T03:48:26 1133693.769 INF BloodMoonParty: SpawnZombie grp 3 feralHordeStageGS27 (count 91, numToSpawn 200, maxAlive 7), cnt 7, zombieBusinessMan, loot 0.02, at player 172, day/time 8 02:14
2024-11-13T03:48:26 1133694.340 INF Entity zombieYo 1760 killed by directorfitz 172
2024-11-13T03:48:26 1133694.584 INF MinEventLogMessage: XP gained during the last level:
2024-11-13T03:48:26 1133694.584 INF CVarLogValue: $xpFromLootThisLevel == 0
2024-11-13T03:48:26 1133694.584 INF CVarLogValue: $xpFromHarvestingThisLevel == 0
2024-11-13T03:48:26 1133694.584 INF CVarLogValue: $xpFromKillThisLevel == 0
2024-11-13T03:48:27 1133694.772 INF BloodMoonParty: SpawnZombie grp 3 feralHordeStageGS27 (count 92, numToSpawn 200, maxAlive 7), cnt 7, zombieJoe, loot 0.02, at player 1377, day/time 8 02:14
2024-11-13T03:48:27 1133695.452 INF Entity zombieJoe 1765 killed by directorfitz 172
2024-11-13T03:48:28 1133695.761 INF BloodMoonParty: SpawnZombie grp 3 feralHordeStageGS27 (count 93, numToSpawn 200, maxAlive 7), cnt 7, zombieTomClark, loot 0.02, at player 171, day/time 8 02:14
2024-11-13T03:48:34 1133702.144 INF Entity zombieDarlene 1754 killed by CostaDelMars 171
2024-11-13T03:48:35 1133702.795 INF BloodMoonParty: SpawnZombie grp 3 feralHordeStageGS27 (count 94, numToSpawn 200, maxAlive 7), cnt 7, zombieYo, loot 0.02, at player 675, day/time 8 02:17
2024-11-13T03:48:36 1133704.226 INF Entity zombieBusinessMan 1759 killed by directorfitz 172
2024-11-13T03:48:37 1133704.753 INF BloodMoonParty: SpawnZombie grp 3 feralHordeStageGS27 (count 95, numToSpawn 200, maxAlive 7), cnt 7, zombieJoe, loot 0.02, at player 172, day/time 8 02:18
2024-11-13T03:48:37 1133705.348 INF Entity zombieDarlene 1767 killed by directorfitz 172
2024-11-13T03:48:38 1133705.786 INF BloodMoonParty: SpawnZombie grp 3 feralHordeStageGS27 (count 96, numToSpawn 200, maxAlive 7), cnt 7, zombieMarlene, loot 0.5, at player 1377, day/time 8 02:18
2024-11-13T03:48:38 1133706.477 INF Entity zombieBusinessMan 1768 killed by directorfitz 172
2024-11-13T03:48:40 1133707.753 INF BloodMoonParty: SpawnZombie grp 3 feralHordeStageGS27 (count 97, numToSpawn 200, maxAlive 7), cnt 7, zombieArlene, loot 0.02, at player 171, day/time 8 02:19
2024-11-13T03:48:43 1133710.968 INF Time: 18894.42m FPS: 16.14 Heap: 2958.5MB Max: 2988.0MB Chunks: 1330 CGO: 33 Ply: 4 Zom: 7 Ent: 18 (120) Items: 0 CO: 10 RSS: 3487.5MB
2024-11-13T03:48:45 1133713.626 INF Entity zombieJoe 1769 killed by directorfitz 172
2024-11-13T03:48:46 1133713.792 INF BloodMoonParty: SpawnZombie grp 3 feralHordeStageGS27 (count 98, numToSpawn 200, maxAlive 7), cnt 7, zombieYo, loot 0.02, at player 675, day/time 8 02:21
2024-11-13T03:48:47 1133714.865 INF Entity zombieTomClark 1770 killed
2024-11-13T03:48:49 1133716.756 INF BloodMoonParty: SpawnZombie grp 3 feralHordeStageGS27 (count 99, numToSpawn 200, maxAlive 7), cnt 7, zombieJanitor, loot 0.02, at player 172, day/time 8 02:22
2024-11-13T03:48:53 1133720.976 INF Entity zombieJoe 1772 killed by directorfitz 172
2024-11-13T03:48:53 1133721.615 INF Entity zombieArlene 1774 killed
2024-11-13T03:48:54 1133721.852 INF BloodMoonParty: SpawnZombie grp 3 feralHordeStageGS27 (count 100, numToSpawn 200, maxAlive 7), cnt 7, zombieMarlene, loot 0.02, at player 1377, day/time 8 02:24
2024-11-13T03:48:54 1133722.165 INF Entity zombieMarlene 1773 killed by directorfitz 172
2024-11-13T03:48:55 1133722.835 INF BloodMoonParty: SpawnZombie grp 3 feralHordeStageGS27 (count 101, numToSpawn 200, maxAlive 7), cnt 6, zombieJanitor, loot 0.02, at player 171, day/time 8 02:24
2024-11-13T03:48:56 1133723.780 INF BloodMoonParty: SpawnZombie grp 3 feralHordeStageGS27 (count 102, numToSpawn 200, maxAlive 7), cnt 7, zombieJoe, loot 0.02, at player 675, day/time 8 02:25
2024-11-13T03:48:59 1133727.600 INF Entity zombieYo 1771 killed by directorfitz 172
2024-11-13T03:49:02 1133729.769 INF BloodMoonParty: SpawnZombie grp 3 feralHordeStageGS27 (count 103, numToSpawn 200, maxAlive 7), cnt 7, zombieMarlene, loot 0.02, at player 172, day/time 8 02:27
2024-11-13T03:49:03 1133731.361 INF Entity zombieYo 1775 killed by directorfitz 172
2024-11-13T03:49:05 1133732.753 INF BloodMoonParty: SpawnZombie grp 3 feralHordeStageGS27 (count 104, numToSpawn 200, maxAlive 7), cnt 7, zombieTomClark, loot 0.02, at player 1377, day/time 8 02:28
2024-11-13T03:49:07 1133735.721 INF DroneManager saving 0 (0 + 0)
2024-11-13T03:49:07 1133735.722 INF TurretTracker saving 0 (0 + 0)
2024-11-13T03:49:07 1133735.722 INF DroneManager saved 9 bytes
2024-11-13T03:49:07 1133735.723 INF TurretTracker saved 9 bytes
2024-11-13T03:49:09 1133736.838 INF Entity zombieMarlene 1777 killed by directorfitz 172
2024-11-13T03:49:10 1133737.841 INF BloodMoonParty: SpawnZombie grp 3 feralHordeStageGS27 (count 105, numToSpawn 200, maxAlive 7), cnt 7, zombieArlene, loot 0.02, at player 171, day/time 8 02:30
2024-11-13T03:49:10 1133738.400 INF Entity zombieJanitor 1776 killed by directorfitz 172
2024-11-13T03:49:12 1133739.755 INF BloodMoonParty: SpawnZombie grp 3 feralHordeStageGS27 (count 106, numToSpawn 200, maxAlive 7), cnt 7, zombieJanitor, loot 0.02, at player 675, day/time 8 02:30
2024-11-13T03:49:13 1133740.955 INF Time: 18894.92m FPS: 17.03 Heap: 2977.5MB Max: 2988.0MB Chunks: 1330 CGO: 38 Ply: 4 Zom: 7 Ent: 18 (130) Items: 1 CO: 10 RSS: 3489.2MB
2024-11-13T03:49:13 1133741.354 INF Entity zombieYo 1766 killed by CostaDelMars 171
2024-11-13T03:49:13 1133741.614 INF Entity zombieJoe 1780 killed by directorfitz 172
2024-11-13T03:49:14 1133742.733 INF BloodMoonParty: SpawnZombie grp 3 feralHordeStageGS27 (count 107, numToSpawn 200, maxAlive 7), cnt 6, zombieMarlene, loot 0.02, at player 172, day/time 8 02:31
2024-11-13T03:49:16 1133743.834 INF BloodMoonParty: SpawnZombie grp 3 feralHordeStageGS27 (count 108, numToSpawn 200, maxAlive 7), cnt 7, zombieYo, loot 0.5, at player 1377, day/time 8 02:32
2024-11-13T03:49:19 1133747.477 INF Entity zombieArlene 1783 killed by directorfitz 172
2024-11-13T03:49:22 1133749.814 INF BloodMoonParty: SpawnZombie grp 3 feralHordeStageGS27 (count 109, numToSpawn 200, maxAlive 7), cnt 7, zombieMarlene, loot 0.02, at player 171, day/time 8 02:34
2024-11-13T03:49:24 1133751.750 INF Entity zombieMarlene 1781 killed by directorfitz 172
2024-11-13T03:49:25 1133752.790 INF VehicleManager saving 0 (0 + 0)
2024-11-13T03:49:25 1133752.792 INF VehicleManager saved 9 bytes
2024-11-13T03:49:25 1133752.798 INF BloodMoonParty: SpawnZombie grp 3 feralHordeStageGS27 (count 110, numToSpawn 200, maxAlive 7), cnt 7, zombieNurse, loot 0.02, at player 675, day/time 8 02:35
2024-11-13T03:49:25 1133752.982 INF Entity zombieTomClark 1782 killed by directorfitz 172
2024-11-13T03:49:26 1133753.842 INF BloodMoonParty: SpawnZombie grp 3 feralHordeStageGS27 (count 111, numToSpawn 200, maxAlive 7), cnt 7, zombiePartyGirl, loot 0.02, at player 172, day/time 8 02:35
2024-11-13T03:49:33 1133761.622 INF Entity zombieMarlene 1785 killed by directorfitz 172
2024-11-13T03:49:35 1133763.739 INF BloodMoonParty: SpawnZombie grp 3 feralHordeStageGS27 (count 112, numToSpawn 200, maxAlive 7), cnt 7, zombieJoe, loot 0.02, at player 1377, day/time 8 02:39
2024-11-13T03:49:36 1133764.104 INF Entity zombieJanitor 1779 killed by directorfitz 172
2024-11-13T03:49:37 1133764.844 INF BloodMoonParty: SpawnZombie grp 3 feralHordeStageGS27 (count 113, numToSpawn 200, maxAlive 7), cnt 7, zombiePartyGirl, loot 0.02, at player 171, day/time 8 02:39
2024-11-13T03:49:39 1133766.814 INF Entity zombieJanitor 1784 killed by directorfitz 172
2024-11-13T03:49:41 1133768.854 INF BloodMoonParty: SpawnZombie grp 3 feralHordeStageGS27 (count 114, numToSpawn 200, maxAlive 7), cnt 7, zombieNurse, loot 0.02, at player 675, day/time 8 02:41
2024-11-13T03:49:42 1133770.335 INF Entity zombieNurse 1788 killed by CostaDelMars 171
2024-11-13T03:49:43 1133771.032 INF Time: 18895.42m FPS: 16.32 Heap: 2943.2MB Max: 2988.0MB Chunks: 1330 CGO: 35 Ply: 4 Zom: 6 Ent: 18 (110) Items: 2 CO: 8 RSS: 3492.5MB
2024-11-13T03:49:44 1133771.774 INF BloodMoonParty: SpawnZombie grp 3 feralHordeStageGS27 (count 115, numToSpawn 200, maxAlive 7), cnt 7, zombieMarlene, loot 0.02, at player 172, day/time 8 02:42
2024-11-13T03:49:45 1133773.355 INF Entity zombiePartyGirl 1789 killed by directorfitz 172
2024-11-13T03:49:47 1133774.749 INF BloodMoonParty: SpawnZombie grp 3 feralHordeStageGS27 (count 116, numToSpawn 200, maxAlive 7), cnt 7, zombieTomClark, loot 0.02, at player 1377, day/time 8 02:43
2024-11-13T03:49:48 1133775.865 INF Entity zombieYo 1786 killed by CostaDelMars 171
2024-11-13T03:49:50 1133777.757 INF BloodMoonParty: SpawnZombie grp 3 feralHordeStageGS27 (count 117, numToSpawn 200, maxAlive 7), cnt 7, zombieNurse, loot 0.02, at player 171, day/time 8 02:44
2024-11-13T03:49:53 1133781.285 INF Computed 415 chunk groups containing a total of 8472 chunks. Largest group contains 449 chunks.
2024-11-13T03:50:00 1133787.994 INF Entity zombieNurse 1793 killed by directorfitz 172
2024-11-13T03:50:01 1133788.857 INF Entity zombieMarlene 1794 killed by directorfitz 172
2024-11-13T03:50:02 1133789.834 INF BloodMoonParty: SpawnZombie grp 3 feralHordeStageGS27 (count 118, numToSpawn 200, maxAlive 7), cnt 7, zombieTomClark, loot 0.02, at player 675, day/time 8 02:48
2024-11-13T03:50:03 1133790.848 INF BloodMoonParty: SpawnZombie grp 3 feralHordeStageGS27 (count 119, numToSpawn 200, maxAlive 7), cnt 7, zombieBoe, loot 0.02, at player 172, day/time 8 02:49
2024-11-13T03:50:11 1133799.639 INF Entity zombieMarlene 1787 killed by CostaDelMars 171
2024-11-13T03:50:13 1133800.757 INF BloodMoonParty: SpawnZombie grp 3 feralHordeStageGS27 (count 120, numToSpawn 200, maxAlive 7), cnt 7, zombieDarlene, loot 0.5, at player 1377, day/time 8 02:52
2024-11-13T03:50:13 1133801.103 INF Time: 18895.92m FPS: 16.99 Heap: 2947.9MB Max: 2988.0MB Chunks: 1330 CGO: 28 Ply: 4 Zom: 7 Ent: 17 (116) Items: 2 CO: 8 RSS: 3497.5MB
2024-11-13T03:50:13 1133801.461 INF Entity zombiePartyGirl 1791 killed by CostaDelMars 171
2024-11-13T03:50:15 1133802.828 INF BloodMoonParty: SpawnZombie grp 3 feralHordeStageGS27 (count 121, numToSpawn 200, maxAlive 7), cnt 7, zombiePartyGirl, loot 0.02, at player 171, day/time 8 02:53
2024-11-13T03:50:16 1133804.704 INF Entity zombieJoe 1790 killed by Seegee417 1377
2024-11-13T03:50:17 1133805.203 INF GMSG: Player 'conceptxo' killed by 'directorfitz'
2024-11-13T03:50:17 1133805.203 INF 22578108 EntityBackpack id 1801, plyrId 675, (0.0, 0.0, 0.0) (0, 0), chunk False (0, 0, 0), items 27 resourceFeather, resourceWood at (0, 0, 0, xz 0 0) : Read
2024-11-13T03:50:17 1133805.203 INF 22578108 EntityBackpack id 1801, plyrId 675, (-212.9, 63.1, 677.5) (-14, 42), chunk True (-14, 3, 42), items 27 resourceFeather, resourceWood at (0, 0, 0, xz 0 0) : Write
2024-11-13T03:50:17 1133805.203 INF 22578108 EntityBackpack id 1801, plyrId 675, (-212.9, 63.1, 677.5) (-14, 42), chunk True (-14, 3, 42), items 27 resourceFeather, resourceWood at (0, 0, 0, xz 0 0) : Write
2024-11-13T03:50:17 1133805.203 INF 22578108 EntityBackpack id 1801, plyrId 675, (-212.9, 63.1, 677.5) (-14, 42), chunk True (-14, 3, 42), items 27 resourceFeather, resourceWood at (0, 0, 0, xz 0 0) : Write
2024-11-13T03:50:17 1133805.203 INF 22578108 EntityBackpack id 1801, plyrId 675, (-212.9, 63.1, 677.5) (-14, 42), chunk True (-14, 3, 42), items 27 resourceFeather, resourceWood at (0, 0, 0, xz 0 0) : Write
2024-11-13T03:50:17 1133805.218 INF 22578108 EntityBackpack id 1801, plyrId 675, (-212.9, 63.1, 677.5) (-14, 42), chunk True (-14, 3, 42), items 27 resourceFeather, resourceWood at (0, 0, 0, xz 0 0) : Start
2024-11-13T03:50:18 1133805.745 INF BloodMoonParty: SpawnZombie grp 3 feralHordeStageGS27 (count 122, numToSpawn 200, maxAlive 7), cnt 7, zombieBoe, loot 0.02, at player 172, day/time 8 02:54
2024-11-13T03:50:18 1133806.724 INF 22578134 EntityBackpack id 1801, plyrId 675, (-212.6, 61.3, 677.9) (-14, 42), chunk True (-14, 3, 42), items 27 resourceFeather, resourceWood at (0, 0, 0, xz 0 0) : Write
2024-11-13T03:50:22 1133810.348 INF Entity zombieNurse 1796 killed by CostaDelMars 171
2024-11-13T03:50:24 1133811.742 INF BloodMoonParty: SpawnZombie grp 3 feralHordeStageGS27 (count 123, numToSpawn 200, maxAlive 7), cnt 7, zombieUtilityWorker, loot 0.02, at player 1377, day/time 8 02:56
2024-11-13T03:50:27 1133815.213 INF Entity zombieTomClark 1797 killed by CostaDelMars 171
2024-11-13T03:50:28 1133816.589 INF Entity zombiePartyGirl 1800 killed by directorfitz 172
2024-11-13T03:50:29 1133816.746 INF BloodMoonParty: SpawnZombie grp 3 feralHordeStageGS27 (count 124, numToSpawn 200, maxAlive 7), cnt 7, zombieYo, loot 0.02, at player 171, day/time 8 02:58
2024-11-13T03:50:30 1133817.984 INF Entity zombieBoe 1798 killed by directorfitz 172
2024-11-13T03:50:31 1133818.874 INF BloodMoonParty: SpawnZombie grp 3 feralHordeStageGS27 (count 125, numToSpawn 200, maxAlive 7), cnt 7, zombieBoe, loot 0.02, at player 172, day/time 8 02:59
2024-11-13T03:50:32 1133819.827 INF BloodMoonParty: SpawnZombie grp 3 feralHordeStageGS27 (count 126, numToSpawn 200, maxAlive 7), cnt 7, zombiePartyGirl, loot 0.02, at player 1377, day/time 8 02:59
2024-11-13T03:50:32 1133820.240 INF Entity zombieDarlene 1799 killed by directorfitz 172
2024-11-13T03:50:34 1133821.842 INF BloodMoonParty: SpawnZombie grp 3 feralHordeStageGS27 (count 127, numToSpawn 200, maxAlive 7), cnt 7, zombieMarlene, loot 0.02, at player 171, day/time 8 03:00
2024-11-13T03:50:39 1133827.360 INF Entity zombieTomClark 1795 killed by Seegee417 1377
2024-11-13T03:50:39 1133827.417 INF Entity zombieBoe 1802 killed by directorfitz 172
2024-11-13T03:50:41 1133828.767 INF BloodMoonParty: SpawnZombie grp 3 feralHordeStageGS27 (count 128, numToSpawn 200, maxAlive 7), cnt 7, zombieNurse, loot 0.02, at player 172, day/time 8 03:02
2024-11-13T03:50:42 1133829.861 INF BloodMoonParty: SpawnZombie grp 3 feralHordeStageGS27 (count 129, numToSpawn 200, maxAlive 7), cnt 7, zombiePartyGirl, loot 0.02, at player 1377, day/time 8 03:03
2024-11-13T03:50:43 1133831.124 INF Time: 18896.42m FPS: 16.52 Heap: 2958.8MB Max: 2988.0MB Chunks: 1330 CGO: 35 Ply: 4 Zom: 7 Ent: 22 (128) Items: 5 CO: 9 RSS: 3499.6MB
2024-11-13T03:50:45 1133833.127 INF Entity zombieUtilityWorker 1803 killed by directorfitz 172
2024-11-13T03:50:47 1133834.773 INF BloodMoonParty: SpawnZombie grp 3 feralHordeStageGS27 (count 130, numToSpawn 200, maxAlive 7), cnt 7, zombieJoe, loot 0.02, at player 172, day/time 8 03:04
2024-11-13T03:50:49 1133836.742 INF 22578637 EntityBackpack id 1801, plyrId 675, (-213.0, 61.2, 676.4) (-14, 42), chunk True (-14, 3, 42), items 27 resourceFeather, resourceWood at (0, 0, 0, xz 0 0) : Write
2024-11-13T03:50:52 1133840.231 INF Entity zombieNurse 1810 killed by directorfitz 172
2024-11-13T03:50:55 1133842.858 INF Entity zombiePartyGirl 1807 killed by Seegee417 1377
2024-11-13T03:50:55 1133842.874 INF BloodMoonParty: SpawnZombie grp 3 feralHordeStageGS27 (count 131, numToSpawn 200, maxAlive 7), cnt 7, zombieNurse, loot 0.02, at player 1377, day/time 8 03:07
2024-11-13T03:50:55 1133843.482 INF Entity zombieBoe 1806 killed by directorfitz 172
2024-11-13T03:50:55 1133843.506 INF Entity zombieMarlene 1809 killed by CostaDelMars 171
2024-11-13T03:50:57 1133844.803 INF BloodMoonParty: SpawnZombie grp 3 feralHordeStageGS27 (count 132, numToSpawn 200, maxAlive 7), cnt 6, zombieJoe, loot 0.5, at player 171, day/time 8 03:08
2024-11-13T03:50:58 1133845.856 INF BloodMoonParty: SpawnZombie grp 3 feralHordeStageGS27 (count 133, numToSpawn 200, maxAlive 7), cnt 6, zombieTomClark, loot 0.02, at player 172, day/time 8 03:08
2024-11-13T03:50:59 1133846.855 INF BloodMoonParty: SpawnZombie grp 3 feralHordeStageGS27 (count 134, numToSpawn 200, maxAlive 7), cnt 7, zombieJanitor, loot 0.02, at player 1377, day/time 8 03:09
2024-11-13T03:51:00 1133848.373 INF Entity zombieJoe 1812 killed by directorfitz 172
2024-11-13T03:51:00 1133848.725 INF MinEventLogMessage: XP gained during the last level:
2024-11-13T03:51:00 1133848.725 INF CVarLogValue: $xpFromLootThisLevel == 0
2024-11-13T03:51:00 1133848.725 INF CVarLogValue: $xpFromHarvestingThisLevel == 0
2024-11-13T03:51:00 1133848.725 INF CVarLogValue: $xpFromKillThisLevel == 0
2024-11-13T03:51:01 1133849.738 INF BloodMoonParty: SpawnZombie grp 3 feralHordeStageGS27 (count 135, numToSpawn 200, maxAlive 7), cnt 7, zombieArlene, loot 0.02, at player 171, day/time 8 03:10
2024-11-13T03:51:07 1133855.732 INF DroneManager saving 0 (0 + 0)
2024-11-13T03:51:07 1133855.733 INF TurretTracker saving 0 (0 + 0)
2024-11-13T03:51:07 1133855.734 INF DroneManager saved 9 bytes
2024-11-13T03:51:07 1133855.734 INF TurretTracker saved 9 bytes
2024-11-13T03:51:08 1133856.652 INF Entity zombieJoe 1814 killed by directorfitz 172
2024-11-13T03:51:09 1133857.148 INF Entity zombieNurse 1813 killed by CostaDelMars 171
2024-11-13T03:51:09 1133857.374 INF Entity zombieYo 1805 killed by Seegee417 1377
2024-11-13T03:51:10 1133857.882 INF BloodMoonParty: SpawnZombie grp 3 feralHordeStageGS27 (count 136, numToSpawn 200, maxAlive 7), cnt 6, zombieUtilityWorker, loot 0.02, at player 172, day/time 8 03:13
2024-11-13T03:51:11 1133858.864 INF BloodMoonParty: SpawnZombie grp 3 feralHordeStageGS27 (count 137, numToSpawn 200, maxAlive 7), cnt 6, zombieArlene, loot 0.02, at player 1377, day/time 8 03:13
2024-11-13T03:51:12 1133859.972 INF BloodMoonParty: SpawnZombie grp 3 feralHordeStageGS27 (count 138, numToSpawn 200, maxAlive 7), cnt 7, zombieUtilityWorker, loot 0.02, at player 171, day/time 8 03:13
2024-11-13T03:51:12 1133860.730 INF 22579029 EntityBackpack id 1801, plyrId 675, (-213.0, 61.2, 676.4) (-14, 42), chunk True (-14, 3, 42), items 27 resourceFeather, resourceWood at (0, 0, 0, xz 0 0) : Write
2024-11-13T03:51:13 1133860.842 INF Entity zombiePartyGirl 1811 killed by Seegee417 1377
2024-11-13T03:51:13 1133861.134 INF Time: 18896.93m FPS: 16.10 Heap: 2982.6MB Max: 2988.0MB Chunks: 1330 CGO: 36 Ply: 4 Zom: 7 Ent: 20 (138) Items: 6 CO: 9 RSS: 3501.2MB
2024-11-13T03:51:14 1133861.876 INF BloodMoonParty: SpawnZombie grp 3 feralHordeStageGS27 (count 139, numToSpawn 200, maxAlive 7), cnt 7, zombieYo, loot 0.02, at player 172, day/time 8 03:14
2024-11-13T03:51:14 1133861.965 INF Entity zombieTomClark 1815 killed by directorfitz 172
2024-11-13T03:51:15 1133862.874 INF BloodMoonParty: SpawnZombie grp 3 feralHordeStageGS27 (count 140, numToSpawn 200, maxAlive 7), cnt 7, zombieTomClark, loot 0.02, at player 1377, day/time 8 03:14
2024-11-13T03:51:17 1133864.785 INF Entity zombieArlene 1817 killed by directorfitz 172
2024-11-13T03:51:19 1133866.872 INF BloodMoonParty: SpawnZombie grp 3 feralHordeStageGS27 (count 141, numToSpawn 200, maxAlive 7), cnt 7, zombieJanitor, loot 0.02, at player 171, day/time 8 03:16
2024-11-13T03:51:25 1133872.832 INF VehicleManager saving 0 (0 + 0)
2024-11-13T03:51:25 1133872.833 INF VehicleManager saved 9 bytes
2024-11-13T03:51:30 1133878.676 INF Entity zombieTomClark 1823 killed by directorfitz 172
2024-11-13T03:51:32 1133879.991 INF BloodMoonParty: SpawnZombie grp 3 feralHordeStageGS27 (count 142, numToSpawn 200, maxAlive 7), cnt 7, zombieNurse, loot 0.02, at player 172, day/time 8 03:21
2024-11-13T03:51:35 1133882.752 INF 22579406 EntityBackpack id 1801, plyrId 675, (-213.0, 61.2, 676.4) (-14, 42), chunk True (-14, 3, 42), items 27 resourceFeather, resourceWood at (0, 0, 0, xz 0 0) : Write
2024-11-13T03:51:35 1133883.081 INF Entity zombieArlene 1820 killed
2024-11-13T03:51:36 1133883.974 INF BloodMoonParty: SpawnZombie grp 3 feralHordeStageGS27 (count 143, numToSpawn 200, maxAlive 7), cnt 7, zombieDarlene, loot 0.02, at player 1377, day/time 8 03:22
2024-11-13T03:51:37 1133884.981 INF MinEventLogMessage: XP gained during the last level:
2024-11-13T03:51:37 1133884.981 INF CVarLogValue: $xpFromLootThisLevel == 0
2024-11-13T03:51:37 1133884.981 INF CVarLogValue: $xpFromHarvestingThisLevel == 0
2024-11-13T03:51:37 1133884.981 INF CVarLogValue: $xpFromKillThisLevel == 0
2024-11-13T03:51:42 1133890.136 INF Entity zombieNurse 1825 killed by directorfitz 172
2024-11-13T03:51:43 1133891.263 INF Time: 18897.43m FPS: 16.36 Heap: 2941.1MB Max: 2988.0MB Chunks: 1330 CGO: 25 Ply: 4 Zom: 6 Ent: 17 (104) Items: 2 CO: 6 RSS: 3502.5MB
2024-11-13T03:51:44 1133891.976 INF BloodMoonParty: SpawnZombie grp 3 feralHordeStageGS27 (count 144, numToSpawn 200, maxAlive 7), cnt 7, zombieBusinessMan, loot 0.5, at player 171, day/time 8 03:25
2024-11-13T03:51:44 1133892.580 INF PlayerSpawnedInWorld (reason: Died, position: -212, 61, 679): EntityID=675, PltfmId='Steam_76561197969472572', CrossId='EOS_00021eebf2db42e69d23b452b65f6d24', OwnerID='Steam_76561197969472572', PlayerName='conceptxo', ClientNumber='5'
2024-11-13T03:51:52 1133899.974 INF Entity zombieUtilityWorker 1819 killed
2024-11-13T03:51:52 1133900.139 INF Entity zombieJanitor 1816 killed
2024-11-13T03:51:53 1133901.303 INF Entity zombieUtilityWorker 1821 killed
2024-11-13T03:51:53 1133901.555 INF Entity zombieJanitor 1824 killed
2024-11-13T03:51:54 1133901.868 INF BloodMoonParty: SpawnZombie grp 3 feralHordeStageGS27 (count 145, numToSpawn 200, maxAlive 7), cnt 6, zombieBoe, loot 0.02, at player 172, day/time 8 03:28
2024-11-13T03:51:55 1133902.874 INF BloodMoonParty: SpawnZombie grp 3 feralHordeStageGS27 (count 146, numToSpawn 200, maxAlive 7), cnt 6, zombieArlene, loot 0.02, at player 1377, day/time 8 03:29
2024-11-13T03:51:55 1133903.108 INF 22579749 EntityBackpack id 1801, plyrId 675, (-213.0, 61.2, 676.4) (-14, 42), chunk True (-14, 3, 42), items 0  at (0, 0, 0, xz 0 0) : RemoveBackpack empty True, reason empty
2024-11-13T03:51:55 1133903.108 INF 22579749 EntityBackpack id 1801, plyrId 675, (-213.0, 61.2, 676.4) (-14, 42), chunk True (-14, 3, 42), items 0  at (0, 0, 0, xz 0 0) : RemoveBackpack empty True, reason old
2024-11-13T03:51:55 1133903.108 INF 22579749 EntityBackpack id 1801, plyrId 675, (-213.0, 61.2, 676.4) (-14, 42), chunk True (-14, 3, 42), items 0  at (0, 0, 0, xz 0 0) : OnEntityUnload markedForUnload False, IsDead True, IsDespawned False
2024-11-13T03:51:56 1133903.871 INF BloodMoonParty: SpawnZombie grp 3 feralHordeStageGS27 (count 147, numToSpawn 200, maxAlive 7), cnt 6, zombieTomClark, loot 0.02, at player 171, day/time 8 03:29
2024-11-13T03:51:57 1133904.976 INF BloodMoonParty: SpawnZombie grp 3 feralHordeStageGS27 (count 148, numToSpawn 200, maxAlive 7), cnt 7, zombieYo, loot 0.02, at player 172, day/time 8 03:29
2024-11-13T03:51:57 1133905.108 INF Entity zombieYo 1822 killed
2024-11-13T03:51:59 1133906.946 INF BloodMoonParty: SpawnZombie grp 3 feralHordeStageGS27 (count 149, numToSpawn 200, maxAlive 7), cnt 7, zombieDarlene, loot 0.02, at player 1377, day/time 8 03:30
2024-11-13T03:51:59 1133907.383 INF Entity zombieDarlene 1826 killed by Seegee417 1377
2024-11-13T03:52:01 1133908.968 INF BloodMoonParty: SpawnZombie grp 3 feralHordeStageGS27 (count 150, numToSpawn 200, maxAlive 7), cnt 7, zombieMarlene, loot 0.02, at player 171, day/time 8 03:31
2024-11-13T03:52:06 1133914.622 INF Entity zombieBusinessMan 1827 killed by Seegee417 1377
2024-11-13T03:52:09 1133916.864 INF BloodMoonParty: SpawnZombie grp 3 feralHordeStageGS27 (count 151, numToSpawn 200, maxAlive 7), cnt 7, zombieDarlene, loot 0.02, at player 172, day/time 8 03:34
2024-11-13T03:52:13 1133921.289 INF Time: 18897.93m FPS: 16.73 Heap: 2944.6MB Max: 2988.0MB Chunks: 1330 CGO: 30 Ply: 4 Zom: 7 Ent: 16 (114) Items: 4 CO: 8 RSS: 3504.2MB
2024-11-13T03:52:19 1133927.040 INF Entity zombieArlene 1830 killed by Seegee417 1377
2024-11-13T03:52:20 1133927.968 INF BloodMoonParty: SpawnZombie grp 3 feralHordeStageGS27 (count 152, numToSpawn 200, maxAlive 7), cnt 7, zombieNurse, loot 0.02, at player 1377, day/time 8 03:38
2024-11-13T03:52:27 1133935.041 INF Entity zombieDarlene 1836 killed by directorfitz 172
2024-11-13T03:52:28 1133935.871 INF BloodMoonParty: SpawnZombie grp 3 feralHordeStageGS27 (count 153, numToSpawn 200, maxAlive 7), cnt 7, zombieBoe, loot 0.02, at player 172, day/time 8 03:41
2024-11-13T03:52:29 1133936.775 INF Entity zombieDarlene 1833 killed by directorfitz 172
2024-11-13T03:52:30 1133937.981 INF BloodMoonParty: SpawnZombie grp 3 feralHordeStageGS27 (count 154, numToSpawn 200, maxAlive 7), cnt 7, zombieBusinessMan, loot 0.02, at player 1377, day/time 8 03:41
2024-11-13T03:52:36 1133943.811 INF Entity zombieMarlene 1834 killed by Seegee417 1377
2024-11-13T03:52:37 1133944.912 INF BloodMoonParty: SpawnZombie grp 3 feralHordeStageGS27 (count 155, numToSpawn 200, maxAlive 7), cnt 7, zombieArlene, loot 0.02, at player 171, day/time 8 03:44
2024-11-13T03:52:41 1133949.379 INF Entity zombieYo 1832 killed by CostaDelMars 171
2024-11-13T03:52:43 1133950.977 INF BloodMoonParty: SpawnZombie grp 3 feralHordeStageGS27 (count 156, numToSpawn 200, maxAlive 7), cnt 7, zombieJanitor, loot 0.5, at player 172, day/time 8 03:46
2024-11-13T03:52:43 1133951.309 INF Time: 18898.43m FPS: 17.23 Heap: 2949.6MB Max: 2988.0MB Chunks: 1330 CGO: 30 Ply: 4 Zom: 6 Ent: 17 (119) Items: 4 CO: 9 RSS: 3505.0MB
2024-11-13T03:52:44 1133951.856 INF Entity zombieBoe 1829 killed by directorfitz 172
2024-11-13T03:52:44 1133952.302 INF Entity zombieTomClark 1831 killed by Seegee417 1377
2024-11-13T03:52:45 1133952.904 INF BloodMoonParty: SpawnZombie grp 3 feralHordeStageGS27 (count 157, numToSpawn 200, maxAlive 7), cnt 6, zombieJoe, loot 0.02, at player 1377, day/time 8 03:47
2024-11-13T03:52:46 1133953.982 INF BloodMoonParty: SpawnZombie grp 3 feralHordeStageGS27 (count 158, numToSpawn 200, maxAlive 7), cnt 7, zombieArlene, loot 0.02, at player 171, day/time 8 03:47
2024-11-13T03:52:48 1133955.852 INF Entity zombieBusinessMan 1839 killed by Seegee417 1377
2024-11-13T03:52:49 1133956.877 INF BloodMoonParty: SpawnZombie grp 3 feralHordeStageGS27 (count 159, numToSpawn 200, maxAlive 7), cnt 7, zombieJoe, loot 0.02, at player 172, day/time 8 03:48
2024-11-13T03:52:49 1133957.006 INF Entity zombieBoe 1838 killed by directorfitz 172
2024-11-13T03:52:51 1133958.872 INF BloodMoonParty: SpawnZombie grp 3 feralHordeStageGS27 (count 160, numToSpawn 200, maxAlive 7), cnt 7, zombieBoe, loot 0.02, at player 1377, day/time 8 03:49
2024-11-13T03:52:51 1133959.481 INF Entity zombieNurse 1837 killed by Seegee417 1377
2024-11-13T03:52:52 1133959.876 INF BloodMoonParty: SpawnZombie grp 3 feralHordeStageGS27 (count 161, numToSpawn 200, maxAlive 7), cnt 7, zombieNurse, loot 0.02, at player 172, day/time 8 03:49
2024-11-13T03:52:55 1133963.297 INF Entity zombieArlene 1840 killed by directorfitz 172
2024-11-13T03:52:55 1133963.435 INF MinEventLogMessage: XP gained during the last level:
2024-11-13T03:52:55 1133963.435 INF CVarLogValue: $xpFromLootThisLevel == 0
2024-11-13T03:52:55 1133963.435 INF CVarLogValue: $xpFromHarvestingThisLevel == 0
2024-11-13T03:52:55 1133963.435 INF CVarLogValue: $xpFromKillThisLevel == 0
2024-11-13T03:52:56 1133963.906 INF BloodMoonParty: SpawnZombie grp 3 feralHordeStageGS27 (count 162, numToSpawn 200, maxAlive 7), cnt 7, zombieMarlene, loot 0.02, at player 1377, day/time 8 03:51
2024-11-13T03:53:04 1133971.976 INF Entity zombieJoe 1842 killed by Seegee417 1377
2024-11-13T03:53:06 1133973.886 INF BloodMoonParty: SpawnZombie grp 3 feralHordeStageGS27 (count 163, numToSpawn 200, maxAlive 7), cnt 7, zombieDarlene, loot 0.02, at player 171, day/time 8 03:54
2024-11-13T03:53:08 1133975.767 INF DroneManager saving 0 (0 + 0)
2024-11-13T03:53:08 1133975.767 INF TurretTracker saving 0 (0 + 0)
2024-11-13T03:53:08 1133975.768 INF DroneManager saved 9 bytes
2024-11-13T03:53:08 1133975.769 INF TurretTracker saved 9 bytes
2024-11-13T03:53:11 1133979.124 INF Entity zombieArlene 1843 killed by directorfitz 172
2024-11-13T03:53:13 1133980.918 INF BloodMoonParty: SpawnZombie grp 3 feralHordeStageGS27 (count 164, numToSpawn 200, maxAlive 7), cnt 7, zombieMarlene, loot 0.02, at player 1377, day/time 8 03:57
2024-11-13T03:53:13 1133981.305 INF Time: 18898.93m FPS: 17.67 Heap: 2967.7MB Max: 2988.0MB Chunks: 1330 CGO: 34 Ply: 4 Zom: 6 Ent: 16 (127) Items: 4 CO: 8 RSS: 3512.8MB
2024-11-13T03:53:16 1133984.435 INF Entity zombieJanitor 1841 killed
2024-11-13T03:53:16 1133984.631 INF Entity zombieJoe 1844 killed
2024-11-13T03:53:17 1133984.915 INF BloodMoonParty: SpawnZombie grp 3 feralHordeStageGS27 (count 165, numToSpawn 200, maxAlive 7), cnt 7, zombieDarlene, loot 0.02, at player 171, day/time 8 03:58
2024-11-13T03:53:17 1133985.211 INF Entity zombieMarlene 1847 killed by Seegee417 1377
2024-11-13T03:53:18 1133985.881 INF BloodMoonParty: SpawnZombie grp 3 feralHordeStageGS27 (count 166, numToSpawn 200, maxAlive 7), cnt 7, zombieMarlene, loot 0.02, at player 172, day/time 8 03:58
2024-11-13T03:53:19 1133986.976 INF BloodMoonParty: SpawnZombie grp 3 feralHordeStageGS27 (count 167, numToSpawn 200, maxAlive 7), cnt 7, zombiePartyGirl, loot 0.02, at player 1377, day/time 8 03:59
2024-11-13T03:53:21 1133988.836 INF Blood moon is over!
2024-11-13T03:53:21 1133988.836 INF BloodMoon SetDay: day 14, last day 7, freq 7, range 0
2024-11-13T03:53:21 1133989.254 INF Entity zombieBoe 1845 killed by Seegee417 1377
2024-11-13T03:53:24 1133992.339 INF Entity zombieNurse 1846 killed by directorfitz 172
2024-11-13T03:53:25 1133992.840 INF VehicleManager saving 0 (0 + 0)
2024-11-13T03:53:25 1133992.841 INF VehicleManager saved 9 bytes
2024-11-13T03:53:29 1133997.369 INF Player conceptxo, living 104.8799, lost BM immunity
2024-11-13T03:53:40 1134007.742 INF Entity zombieDarlene 1850 killed by Seegee417 1377
2024-11-13T03:53:41 1134009.469 INF Entity zombieDarlene 1848 killed by Seegee417 1377
2024-11-13T03:53:43 1134011.335 INF Time: 18899.43m FPS: 17.14 Heap: 2941.5MB Max: 2988.0MB Chunks: 1330 CGO: 23 Ply: 4 Zom: 3 Ent: 12 (105) Items: 1 CO: 4 RSS: 3512.8MB
2024-11-13T03:53:51 1134019.444 INF Entity zombiePartyGirl 1852 killed by Seegee417 1377
2024-11-13T03:53:51 1134019.563 INF Entity zombieMarlene 1851 killed by directorfitz 172
2024-11-13T03:53:53 1134021.035 INF Entity zombieMarlene 1849 killed by CostaDelMars 171
2024-11-13T03:54:13 1134041.354 INF Time: 18899.93m FPS: 17.25 Heap: 2947.1MB Max: 2988.0MB Chunks: 1330 CGO: 26 Ply: 4 Zom: 0 Ent: 6 (105) Items: 1 CO: 4 RSS: 3512.8MB
2024-11-13T03:54:43 1134071.359 INF Time: 18900.43m FPS: 17.99 Heap: 2949.1MB Max: 2988.0MB Chunks: 1330 CGO: 24 Ply: 4 Zom: 0 Ent: 6 (105) Items: 1 CO: 4 RSS: 3512.8MB
2024-11-13T03:55:08 1134095.884 INF DroneManager saving 0 (0 + 0)
2024-11-13T03:55:08 1134095.884 INF TurretTracker saving 0 (0 + 0)
2024-11-13T03:55:08 1134095.886 INF DroneManager saved 9 bytes
2024-11-13T03:55:08 1134095.886 INF TurretTracker saved 9 bytes
2024-11-13T03:55:13 1134101.392 INF Time: 18900.93m FPS: 17.73 Heap: 2951.1MB Max: 2988.0MB Chunks: 1330 CGO: 22 Ply: 4 Zom: 0 Ent: 6 (105) Items: 1 CO: 4 RSS: 3512.8MB
2024-11-13T03:55:25 1134112.855 INF VehicleManager saving 0 (0 + 0)
2024-11-13T03:55:25 1134112.857 INF VehicleManager saved 9 bytes
2024-11-13T03:55:43 1134131.435 INF Time: 18901.43m FPS: 17.26 Heap: 2934.3MB Max: 2988.0MB Chunks: 1330 CGO: 26 Ply: 4 Zom: 0 Ent: 6 (104) Items: 0 CO: 4 RSS: 3512.4MB
2024-11-13T03:56:13 1134161.438 INF Time: 18901.93m FPS: 17.70 Heap: 2935.9MB Max: 2988.0MB Chunks: 1330 CGO: 26 Ply: 4 Zom: 0 Ent: 6 (104) Items: 0 CO: 4 RSS: 3512.6MB
2024-11-13T03:56:43 1134191.517 INF Time: 18902.43m FPS: 18.19 Heap: 2939.3MB Max: 2988.0MB Chunks: 1330 CGO: 23 Ply: 4 Zom: 0 Ent: 6 (104) Items: 0 CO: 4 RSS: 3512.6MB
2024-11-13T03:56:58 1134205.864 INF Entity animalDoe 1744 killed by CostaDelMars 171
2024-11-13T03:57:08 1134215.898 INF DroneManager saving 0 (0 + 0)
2024-11-13T03:57:08 1134215.898 INF TurretTracker saving 0 (0 + 0)
2024-11-13T03:57:08 1134215.900 INF TurretTracker saved 9 bytes
2024-11-13T03:57:08 1134215.902 INF DroneManager saved 9 bytes
2024-11-13T03:57:13 1134221.602 INF Time: 18902.93m FPS: 17.93 Heap: 2945.2MB Max: 2988.0MB Chunks: 1330 CGO: 34 Ply: 4 Zom: 0 Ent: 6 (104) Items: 0 CO: 4 RSS: 3512.6MB
2024-11-13T03:57:25 1134232.898 INF VehicleManager saving 0 (0 + 0)
2024-11-13T03:57:25 1134232.906 INF VehicleManager saved 9 bytes
2024-11-13T03:57:43 1134251.617 INF Time: 18903.43m FPS: 17.22 Heap: 2934.2MB Max: 2988.0MB Chunks: 1330 CGO: 27 Ply: 4 Zom: 0 Ent: 5 (104) Items: 0 CO: 4 RSS: 3512.0MB
2024-11-13T03:58:13 1134281.630 INF Time: 18903.93m FPS: 18.03 Heap: 2937.6MB Max: 2988.0MB Chunks: 1330 CGO: 30 Ply: 4 Zom: 0 Ent: 5 (104) Items: 0 CO: 4 RSS: 3512.2MB
2024-11-13T03:58:43 1134311.716 INF Time: 18904.43m FPS: 17.89 Heap: 2939.3MB Max: 2988.0MB Chunks: 1330 CGO: 30 Ply: 4 Zom: 0 Ent: 5 (104) Items: 0 CO: 4 RSS: 3512.9MB
2024-11-13T03:59:08 1134335.943 INF DroneManager saving 0 (0 + 0)
2024-11-13T03:59:08 1134335.944 INF TurretTracker saving 0 (0 + 0)
2024-11-13T03:59:08 1134335.944 INF DroneManager saved 9 bytes
2024-11-13T03:59:08 1134335.945 INF TurretTracker saved 9 bytes
2024-11-13T03:59:14 1134341.772 INF Time: 18904.94m FPS: 18.29 Heap: 2941.6MB Max: 2988.0MB Chunks: 1330 CGO: 37 Ply: 4 Zom: 0 Ent: 6 (105) Items: 1 CO: 4 RSS: 3515.6MB
2024-11-13T03:59:25 1134352.938 INF VehicleManager saving 0 (0 + 0)
2024-11-13T03:59:25 1134352.939 INF VehicleManager saved 9 bytes
2024-11-13T03:59:44 1134371.768 INF Time: 18905.44m FPS: 17.46 Heap: 2934.4MB Max: 2988.0MB Chunks: 1330 CGO: 37 Ply: 4 Zom: 0 Ent: 6 (105) Items: 1 CO: 4 RSS: 3508.0MB
2024-11-13T04:00:01 1134389.717 INF Entity animalChicken 1652 killed
2024-11-13T04:00:12 1134400.347 INF [DECO] written 75688, in 9ms
2024-11-13T04:00:12 1134400.349 INF [DECO] write thread 1ms
2024-11-13T04:00:14 1134401.783 INF Time: 18905.94m FPS: 19.38 Heap: 2935.2MB Max: 2988.0MB Chunks: 1330 CGO: 55 Ply: 4 Zom: 0 Ent: 8 (108) Items: 1 CO: 4 RSS: 3508.0MB
2024-11-13T04:00:44 1134431.822 INF Time: 18906.44m FPS: 19.11 Heap: 2936.7MB Max: 2988.0MB Chunks: 1330 CGO: 58 Ply: 4 Zom: 1 Ent: 10 (111) Items: 3 CO: 4 RSS: 3508.0MB
2024-11-13T04:01:08 1134455.951 INF DroneManager saving 0 (0 + 0)
2024-11-13T04:01:08 1134455.951 INF TurretTracker saving 0 (0 + 0)
2024-11-13T04:01:08 1134455.953 INF DroneManager saved 9 bytes
2024-11-13T04:01:08 1134455.954 INF TurretTracker saved 9 bytes
2024-11-13T04:01:13 1134461.161 INF 1134416 SleeperVolume -1307, 59, 687: None spawned, canSpawn True, respawnCnt 0
2024-11-13T04:01:14 1134461.769 INF 1134416 SleeperVolume -1307, 59, 691: Spawning -1304, 63, 693 (-82, 43), group 'sleeperHordeStageGS18', class zombiePartyGirl, count 1
2024-11-13T04:01:14 1134461.902 INF Time: 18906.94m FPS: 18.03 Heap: 2941.6MB Max: 2988.0MB Chunks: 1330 CGO: 42 Ply: 4 Zom: 1 Ent: 10 (115) Items: 4 CO: 4 RSS: 3510.0MB
2024-11-13T04:01:14 1134461.947 INF 1134416 SleeperVolume -1307, 59, 691: Spawning -1303, 63, 693 (-82, 43), group 'sleeperHordeStageGS18', class zombieJanitor, count 1
2024-11-13T04:01:14 1134462.197 INF 1134417 SleeperVolume -1322, 59, 687: Spawning -1312, 60, 704 (-82, 44), group 'ZombiesCrawlers', class zombieSteveCrawler, count 1
2024-11-13T04:01:24 1134472.074 INF 1134426 SleeperVolume -1307, 59, 700: Spawning -1303, 60, 702 (-82, 43), group 'ZombieGhostTownGroupGS1', class zombieFemaleFat, count 4
2024-11-13T04:01:24 1134472.283 INF 1134427 SleeperVolume -1307, 59, 700: Spawning -1300, 60, 704 (-82, 44), group 'ZombieGhostTownGroupGS1', class zombieArlene, count 4
2024-11-13T04:01:25 1134472.950 INF VehicleManager saving 0 (0 + 0)
2024-11-13T04:01:25 1134472.951 INF VehicleManager saved 9 bytes
2024-11-13T04:01:32 1134480.237 INF Entity zombiePartyGirl 1864 killed by directorfitz 172
2024-11-13T04:01:34 1134482.604 INF Entity zombieJanitor 1865 killed by directorfitz 172
2024-11-13T04:01:44 1134492.002 INF Time: 18907.44m FPS: 15.90 Heap: 2935.9MB Max: 2988.0MB Chunks: 1329 CGO: 45 Ply: 4 Zom: 4 Ent: 14 (106) Items: 3 CO: 4 RSS: 3508.8MB
2024-11-13T04:02:02 1134510.128 INF Entity zombieSteveCrawler 1866 killed by directorfitz 172
2024-11-13T04:02:14 1134522.000 INF Time: 18907.94m FPS: 17.66 Heap: 2940.5MB Max: 2988.0MB Chunks: 1329 CGO: 61 Ply: 4 Zom: 4 Ent: 13 (107) Items: 3 CO: 4 RSS: 3510.7MB
2024-11-13T04:02:17 1134525.347 INF Entity zombieArlene 1868 killed by directorfitz 172
2024-11-13T04:02:21 1134528.919 INF Entity zombieFemaleFat 1867 killed by directorfitz 172
2024-11-13T04:02:44 1134552.008 INF Time: 18908.44m FPS: 17.65 Heap: 2942.9MB Max: 2988.0MB Chunks: 1329 CGO: 55 Ply: 4 Zom: 2 Ent: 10 (107) Items: 3 CO: 4 RSS: 3510.7MB
2024-11-13T04:03:01 1134569.314 INF AIDirector: Wandering StartSpawning Horde
2024-11-13T04:03:01 1134569.314 INF AIDirector: FindWanderingTargets at player '[type=EntityPlayer, name=CostaDelMars, id=171]', dist 45.63239
2024-11-13T04:03:01 1134569.314 INF Party of 2, game stage 29, enemy max 7, bonus every 12
2024-11-13T04:03:01 1134569.314 INF Party members: 
2024-11-13T04:03:01 1134569.314 INF Player id 171, gameStage 26
2024-11-13T04:03:01 1134569.314 INF Player id 675, gameStage 7
2024-11-13T04:03:01 1134569.385 INF AIDirector: Spawned wandering horde (group FwanderingHordeStageGS27, zombie [type=EntityZombie, name=zombieSkateboarder, id=1870])
2024-11-13T04:03:02 1134570.602 INF AIDirector: Spawned wandering horde (group FwanderingHordeStageGS27, zombie [type=EntityZombie, name=zombieSteve, id=1871])
2024-11-13T04:03:03 1134571.708 INF AIDirector: Spawned wandering horde (group FwanderingHordeStageGS27, zombie [type=EntityVulture, name=animalZombieVulture, id=1872])
2024-11-13T04:03:05 1134572.810 INF AIDirector: Spawned wandering horde (group FwanderingHordeStageGS27, zombie [type=EntityZombie, name=zombieUtilityWorker, id=1873])
2024-11-13T04:03:06 1134573.933 INF AIDirector: Spawned wandering horde (group FwanderingHordeStageGS27, zombie [type=EntityZombie, name=zombieNurse, id=1874])
2024-11-13T04:03:07 1134575.019 INF AIDirector: Spawned wandering horde (group FwanderingHordeStageGS27, zombie [type=EntityZombie, name=zombieDarlene, id=1875])
2024-11-13T04:03:08 1134575.979 INF DroneManager saving 0 (0 + 0)
2024-11-13T04:03:08 1134575.979 INF TurretTracker saving 0 (0 + 0)
2024-11-13T04:03:08 1134575.980 INF DroneManager saved 9 bytes
2024-11-13T04:03:08 1134575.980 INF TurretTracker saved 9 bytes
2024-11-13T04:03:08 1134576.191 INF AIDirector: Spawned wandering horde (group FwanderingHordeStageGS27, zombie [type=EntityZombie, name=zombieDarlene, id=1876])
2024-11-13T04:03:08 1134576.274 INF AIDirectorGameStagePartySpawner: groups done (1)
2024-11-13T04:03:14 1134582.005 INF Time: 18908.94m FPS: 16.95 Heap: 2950.8MB Max: 2988.0MB Chunks: 1329 CGO: 61 Ply: 4 Zom: 8 Ent: 13 (114) Items: 3 CO: 7 RSS: 3513.4MB
2024-11-13T04:03:18 1134585.893 INF 22591865 Vehicle PostInit [type=EntityBicycle, name=vehicleBicycle, id=1878], (-232.51, 61.14, 675.97) (chunk -15, 42), rbPos (0.00, 0.00, 0.00)
2024-11-13T04:03:25 1134593.005 INF VehicleManager saving 1 (1 + 0)
2024-11-13T04:03:25 1134593.005 INF 22591990 VehicleManager write #0, id 1878, vehicleBicycle, (-242.3, 61.0, 647.2), chunk -16, 40
2024-11-13T04:03:25 1134593.006 INF VehicleManager saved 356 bytes
2024-11-13T04:03:44 1134612.013 INF Time: 18909.44m FPS: 16.80 Heap: 2940.8MB Max: 2988.0MB Chunks: 1329 CGO: 85 Ply: 4 Zom: 8 Ent: 16 (104) Items: 0 CO: 9 RSS: 3516.0MB
2024-11-13T04:04:14 1134642.029 INF Time: 18909.94m FPS: 16.99 Heap: 2943.1MB Max: 2988.0MB Chunks: 1329 CGO: 96 Ply: 4 Zom: 9 Ent: 18 (106) Items: 0 CO: 9 RSS: 3518.2MB
2024-11-13T04:04:20 1134648.259 INF Entity zombieSteve 1871 killed
2024-11-13T04:04:20 1134648.323 INF AIDirector: Wandering horde zombie '[type=EntityZombie, name=zombieSteve, id=1871]' removed from control
2024-11-13T04:04:25 1134653.405 INF Entity zombieDarlene 1875 killed
2024-11-13T04:04:25 1134653.406 INF AIDirector: Wandering horde zombie '[type=EntityZombie, name=zombieDarlene, id=1875]' removed from control
2024-11-13T04:04:27 1134655.145 INF Entity zombieDarlene 1876 killed
2024-11-13T04:04:27 1134655.175 INF AIDirector: Wandering horde zombie '[type=EntityZombie, name=zombieDarlene, id=1876]' removed from control
2024-11-13T04:04:41 1134669.738 INF Entity zombieUtilityWorker 1873 killed
2024-11-13T04:04:42 1134669.742 INF AIDirector: Wandering horde zombie '[type=EntityZombie, name=zombieUtilityWorker, id=1873]' removed from control
2024-11-13T04:04:44 1134672.046 INF Time: 18910.44m FPS: 17.55 Heap: 2945.6MB Max: 2988.0MB Chunks: 1329 CGO: 68 Ply: 4 Zom: 4 Ent: 15 (106) Items: 0 CO: 7 RSS: 3523.2MB
2024-11-13T04:05:07 1134695.224 INF AIDirector: Wandering horde zombie '[type=EntityZombie, name=zombieSkateboarder, id=1870]' removed from control
2024-11-13T04:05:08 1134696.000 INF DroneManager saving 0 (0 + 0)
2024-11-13T04:05:08 1134696.000 INF TurretTracker saving 0 (0 + 0)
2024-11-13T04:05:08 1134696.002 INF DroneManager saved 9 bytes
2024-11-13T04:05:08 1134696.003 INF TurretTracker saved 9 bytes
2024-11-13T04:05:14 1134702.137 INF Time: 18910.94m FPS: 17.47 Heap: 2949.4MB Max: 2988.0MB Chunks: 1329 CGO: 70 Ply: 4 Zom: 4 Ent: 12 (106) Items: 0 CO: 6 RSS: 3523.2MB
2024-11-13T04:05:25 1134713.010 INF VehicleManager saving 1 (1 + 0)
2024-11-13T04:05:25 1134713.010 INF 22594075 VehicleManager write #0, id 1878, vehicleBicycle, (-258.6, 61.0, 546.5), chunk -17, 34
2024-11-13T04:05:25 1134713.019 INF VehicleManager saved 356 bytes
2024-11-13T04:05:44 1134732.130 INF Time: 18911.44m FPS: 17.20 Heap: 2940.3MB Max: 2988.0MB Chunks: 1329 CGO: 68 Ply: 4 Zom: 4 Ent: 11 (105) Items: 0 CO: 6 RSS: 3515.5MB
2024-11-13T04:06:14 1134762.165 INF Time: 18911.94m FPS: 17.50 Heap: 2941.7MB Max: 2988.0MB Chunks: 1329 CGO: 68 Ply: 4 Zom: 3 Ent: 11 (106) Items: 0 CO: 6 RSS: 3515.5MB
2024-11-13T04:06:14 1134762.505 INF AIDirector: Spawning Scouts at (-283.0, 63.0, 687.0), to (-204.0, 61.0, 674.0)
2024-11-13T04:06:14 1134762.505 INF Spawning this wave: 2
2024-11-13T04:06:14 1134762.520 INF Spawned [type=EntityZombie, name=zombieScreamer, id=1881] at (-290.5, 63.0, 686.5) Day=8 TotalInWave=1 CurrentWave=1
2024-11-13T04:06:14 1134762.520 INF AIDirector: scout horde spawned '[type=EntityZombie, name=zombieScreamer, id=1881]'. Moving to point of interest
2024-11-13T04:06:18 1134766.434 INF Spawned [type=EntityZombie, name=zombieScreamer, id=1882] at (-283.5, 63.0, 690.5) Day=8 TotalInWave=2 CurrentWave=1
2024-11-13T04:06:18 1134766.434 INF AIDirector: scout horde spawned '[type=EntityZombie, name=zombieScreamer, id=1882]'. Moving to point of interest
2024-11-13T04:06:20 1134767.762 INF Entity animalChicken 1880 killed by Seegee417 1377
2024-11-13T04:06:44 1134792.195 INF Time: 18912.44m FPS: 18.00 Heap: 2943.7MB Max: 2988.0MB Chunks: 1329 CGO: 75 Ply: 4 Zom: 5 Ent: 12 (108) Items: 0 CO: 7 RSS: 3516.7MB
2024-11-13T04:07:08 1134816.026 INF DroneManager saving 0 (0 + 0)
2024-11-13T04:07:08 1134816.026 INF TurretTracker saving 0 (0 + 0)
2024-11-13T04:07:08 1134816.027 INF DroneManager saved 9 bytes
2024-11-13T04:07:08 1134816.027 INF TurretTracker saved 9 bytes
2024-11-13T04:07:14 1134822.245 INF Time: 18912.94m FPS: 17.53 Heap: 2948.0MB Max: 2988.0MB Chunks: 1329 CGO: 71 Ply: 4 Zom: 4 Ent: 11 (108) Items: 0 CO: 7 RSS: 3516.7MB
2024-11-13T04:07:25 1134833.125 INF VehicleManager saving 1 (1 + 0)
2024-11-13T04:07:25 1134833.134 INF 22596175 VehicleManager write #0, id 1878, vehicleBicycle, (-155.4, 61.0, 402.9), chunk -10, 25
2024-11-13T04:07:25 1134833.135 INF VehicleManager saved 356 bytes
2024-11-13T04:07:33 1134841.013 INF AIDirector: Scout spawned a zombie horde
2024-11-13T04:07:33 1134841.013 INF Party of 1, game stage 7, enemy max 3, bonus every 12
2024-11-13T04:07:33 1134841.013 INF Party members: 
2024-11-13T04:07:33 1134841.013 INF Player id 675, gameStage 7
2024-11-13T04:07:33 1134841.021 INF Screamer spawned zombieBoe from scoutHordeStageGS5
2024-11-13T04:07:33 1134841.063 INF Screamer spawned zombieUtilityWorker from scoutHordeStageGS5
2024-11-13T04:07:33 1134841.136 INF Screamer spawned zombieArlene from scoutHordeStageGS5
2024-11-13T04:07:33 1134841.249 INF AIDirectorGameStagePartySpawner: groups done (1)
2024-11-13T04:07:35 1134842.761 INF AIDirector: Scout spawned a zombie horde
2024-11-13T04:07:35 1134842.761 INF Party of 1, game stage 7, enemy max 3, bonus every 12
2024-11-13T04:07:35 1134842.761 INF Party members: 
2024-11-13T04:07:35 1134842.761 INF Player id 675, gameStage 7
2024-11-13T04:07:35 1134842.767 INF Screamer spawned zombieTomClark from scoutHordeStageGS5
2024-11-13T04:07:35 1134842.861 INF Screamer spawned zombieBoe from scoutHordeStageGS5
2024-11-13T04:07:35 1134842.971 INF Screamer spawned zombieJanitor from scoutHordeStageGS5
2024-11-13T04:07:35 1134843.093 INF AIDirectorGameStagePartySpawner: groups done (1)
2024-11-13T04:07:44 1134852.272 INF Time: 18913.44m FPS: 16.53 Heap: 2942.5MB Max: 2988.0MB Chunks: 1329 CGO: 102 Ply: 4 Zom: 11 Ent: 17 (104) Items: 0 CO: 7 RSS: 3499.0MB
2024-11-13T04:07:51 1134859.506 INF MinEventLogMessage: XP gained during the last level:
2024-11-13T04:07:51 1134859.506 INF CVarLogValue: $xpFromLootThisLevel == 0
2024-11-13T04:07:51 1134859.506 INF CVarLogValue: $xpFromHarvestingThisLevel == 0
2024-11-13T04:07:51 1134859.506 INF CVarLogValue: $xpFromKillThisLevel == 0
2024-11-13T04:07:52 1134859.829 INF AIDirector: Scout spawned a zombie horde
2024-11-13T04:07:52 1134859.829 INF Party of 1, game stage 7, enemy max 3, bonus every 12
2024-11-13T04:07:52 1134859.829 INF Party members: 
2024-11-13T04:07:52 1134859.829 INF Player id 675, gameStage 7
2024-11-13T04:07:52 1134859.837 INF Screamer spawned zombieUtilityWorker from scoutHordeStageGS5
2024-11-13T04:07:52 1134859.933 INF Screamer spawned zombiePartyGirl from scoutHordeStageGS5
2024-11-13T04:07:52 1134860.003 INF Screamer spawned zombieArlene from scoutHordeStageGS5
2024-11-13T04:07:52 1134860.111 INF AIDirectorGameStagePartySpawner: groups done (1)
2024-11-13T04:07:52 1134860.636 INF AIDirector: Scout spawned a zombie horde
2024-11-13T04:07:52 1134860.636 INF Party of 1, game stage 7, enemy max 3, bonus every 12
2024-11-13T04:07:52 1134860.636 INF Party members: 
2024-11-13T04:07:52 1134860.636 INF Player id 675, gameStage 7
2024-11-13T04:07:52 1134860.639 INF Screamer spawned zombieBusinessMan from scoutHordeStageGS5
2024-11-13T04:07:52 1134860.735 INF Screamer spawned zombieJanitor from scoutHordeStageGS5
2024-11-13T04:07:53 1134860.806 INF Screamer spawned zombieUtilityWorker from scoutHordeStageGS5
2024-11-13T04:07:53 1134860.813 INF AIDirectorGameStagePartySpawner: groups done (1)
2024-11-13T04:07:58 1134866.695 INF Entity zombieBoe 1889 killed by directorfitz 172
2024-11-13T04:08:04 1134872.138 INF Entity zombieScreamer 1881 killed by conceptxo 675
2024-11-13T04:08:04 1134872.151 INF Start a new wave 'Scouts'. timeout=1s. worldtime=0
2024-11-13T04:08:04 1134872.151 INF AIDirector: scout horde '[type=EntityZombie, name=zombieScreamer, id=1881]' removed from control
2024-11-13T04:08:04 1134872.151 INF AIDirector: Scout triggered horde finished (all mobs spawned)
2024-11-13T04:08:05 1134872.783 INF Entity zombieArlene 1887 killed by directorfitz 172
2024-11-13T04:08:06 1134873.923 INF MinEventLogMessage: XP gained during the last level:
2024-11-13T04:08:06 1134873.923 INF CVarLogValue: $xpFromLootThisLevel == 0
2024-11-13T04:08:06 1134873.923 INF CVarLogValue: $xpFromHarvestingThisLevel == 0
2024-11-13T04:08:06 1134873.923 INF CVarLogValue: $xpFromKillThisLevel == 0
2024-11-13T04:08:10 1134878.089 INF Entity zombieScreamer 1882 killed by directorfitz 172
2024-11-13T04:08:10 1134878.094 INF AIDirector: scout horde '[type=EntityZombie, name=zombieScreamer, id=1882]' removed from control
2024-11-13T04:08:10 1134878.094 INF AIDirector: Scout triggered horde finished (all mobs spawned)
2024-11-13T04:08:10 1134878.168 INF AIDirector: Scout horde spawn finished (all mobs spawned)
2024-11-13T04:08:14 1134882.302 INF Time: 18913.94m FPS: 16.51 Heap: 2947.0MB Max: 2988.0MB Chunks: 1329 CGO: 103 Ply: 4 Zom: 15 Ent: 24 (112) Items: 0 CO: 6 RSS: 3499.5MB
2024-11-13T04:08:15 1134883.708 INF GMSG: Player 'conceptxo' died
2024-11-13T04:08:15 1134883.709 INF 22597020 EntityBackpack id 1899, plyrId 675, (0.0, 0.0, 0.0) (0, 0), chunk False (0, 0, 0), items 27 resourceFeather, resourceWood at (0, 0, 0, xz 0 0) : Read
2024-11-13T04:08:15 1134883.709 INF 22597020 EntityBackpack id 1899, plyrId 675, (-205.5, 63.1, 681.4) (-13, 42), chunk True (-13, 3, 42), items 27 resourceFeather, resourceWood at (0, 0, 0, xz 0 0) : Write
2024-11-13T04:08:15 1134883.709 INF 22597020 EntityBackpack id 1899, plyrId 675, (-205.5, 63.1, 681.4) (-13, 42), chunk True (-13, 3, 42), items 27 resourceFeather, resourceWood at (0, 0, 0, xz 0 0) : Write
2024-11-13T04:08:15 1134883.715 INF 22597020 EntityBackpack id 1899, plyrId 675, (-205.5, 63.1, 681.4) (-13, 42), chunk True (-13, 3, 42), items 27 resourceFeather, resourceWood at (0, 0, 0, xz 0 0) : Start
2024-11-13T04:08:16 1134884.737 INF 22597038 EntityBackpack id 1899, plyrId 675, (-205.3, 61.6, 681.2) (-13, 42), chunk True (-13, 3, 42), items 27 resourceFeather, resourceWood at (0, 0, 0, xz 0 0) : Write
2024-11-13T04:08:27 1134894.784 INF AIDirector: Wandering horde zombie '[type=EntityZombie, name=zombieNurse, id=1874]' removed from control
2024-11-13T04:08:30 1134898.542 INF Entity zombieUtilityWorker 1886 killed
2024-11-13T04:08:32 1134900.015 INF Entity zombiePartyGirl 1893 killed
2024-11-13T04:08:34 1134902.656 INF PlayerSpawnedInWorld (reason: Died, position: -212, 61, 679): EntityID=675, PltfmId='Steam_76561197969472572', CrossId='EOS_00021eebf2db42e69d23b452b65f6d24', OwnerID='Steam_76561197969472572', PlayerName='conceptxo', ClientNumber='5'
2024-11-13T04:08:37 1134905.522 INF Entity zombieBoe 1885 killed by directorfitz 172
2024-11-13T04:08:39 1134907.490 INF Entity zombieUtilityWorker 1892 killed
2024-11-13T04:08:43 1134910.745 INF 22597470 EntityBackpack id 1899, plyrId 675, (-204.9, 61.2, 681.1) (-13, 42), chunk True (-13, 3, 42), items 27 resourceFeather, resourceWood at (0, 0, 0, xz 0 0) : Write
2024-11-13T04:08:44 1134912.332 INF Time: 18914.44m FPS: 16.31 Heap: 2950.4MB Max: 2988.0MB Chunks: 1329 CGO: 79 Ply: 4 Zom: 11 Ent: 25 (113) Items: 1 CO: 5 RSS: 3499.5MB
2024-11-13T04:08:44 1134912.533 INF 22597498 EntityBackpack id 1899, plyrId 675, (-204.9, 61.2, 681.1) (-13, 42), chunk True (-13, 3, 42), items 0  at (0, 0, 0, xz 0 0) : RemoveBackpack empty True, reason empty
2024-11-13T04:08:44 1134912.533 INF 22597498 EntityBackpack id 1899, plyrId 675, (-204.9, 61.2, 681.1) (-13, 42), chunk True (-13, 3, 42), items 0  at (0, 0, 0, xz 0 0) : RemoveBackpack empty True, reason old
2024-11-13T04:08:44 1134912.533 INF 22597498 EntityBackpack id 1899, plyrId 675, (-204.9, 61.2, 681.1) (-13, 42), chunk True (-13, 3, 42), items 0  at (0, 0, 0, xz 0 0) : OnEntityUnload markedForUnload False, IsDead True, IsDespawned False
2024-11-13T04:08:55 1134923.159 INF Entity zombieJanitor 1890 killed
[FinishTreasureQuest] Requesting reset at world position: -107, 63, 503
2024-11-13T04:09:04 1134932.120 INF Entity zombieUtilityWorker 1897 killed by directorfitz 172
2024-11-13T04:09:08 1134936.070 INF DroneManager saving 0 (0 + 0)
2024-11-13T04:09:08 1134936.070 INF TurretTracker saving 0 (0 + 0)
2024-11-13T04:09:08 1134936.072 INF DroneManager saved 9 bytes
2024-11-13T04:09:08 1134936.072 INF TurretTracker saved 9 bytes
2024-11-13T04:09:12 1134940.328 INF Entity zombieBusinessMan 1900 killed by Seegee417 1377
2024-11-13T04:09:14 1134942.356 INF Time: 18914.94m FPS: 16.47 Heap: 2958.7MB Max: 2988.0MB Chunks: 1329 CGO: 73 Ply: 4 Zom: 8 Ent: 20 (114) Items: 1 CO: 5 RSS: 3506.1MB
2024-11-13T04:09:25 1134953.163 INF VehicleManager saving 1 (1 + 0)
2024-11-13T04:09:25 1134953.163 INF 22598186 VehicleManager write #0, id 1878, vehicleBicycle, (239.9, 60.7, 122.7), chunk 14, 7
2024-11-13T04:09:25 1134953.164 INF VehicleManager saved 356 bytes
2024-11-13T04:09:28 1134955.777 INF Entity zombieBusinessMan 1895 killed by conceptxo 675
2024-11-13T04:09:43 1134971.264 INF Entity zombieTomClark 1888 killed
2024-11-13T04:09:44 1134972.379 INF Time: 18915.44m FPS: 15.65 Heap: 2948.5MB Max: 2988.0MB Chunks: 1329 CGO: 95 Ply: 4 Zom: 10 Ent: 19 (108) Items: 0 CO: 5 RSS: 3508.1MB
2024-11-13T04:09:53 1134981.660 WRN Occlusion: RemoveEntity [type=EntityBicycle, name=vehicleBicycle, id=1878] missing
2024-11-13T04:09:53 1134981.660 INF 22598653 VehicleManager RemoveTrackedVehicle [type=EntityBicycle, name=vehicleBicycle, id=1878], Killed
2024-11-13T04:09:54 1134982.074 INF AIDirector: Wandering horde zombie '[type=EntityVulture, name=animalZombieVulture, id=1872]' removed from control
2024-11-13T04:09:54 1134982.159 INF AIDirector: Wandering spawner finished Horde
2024-11-13T04:09:56 1134983.908 INF Entity zombieJanitor 1896 killed by directorfitz 172
2024-11-13T04:09:59 1134987.027 INF Entity zombieArlene 1894 killed by conceptxo 675
2024-11-13T04:10:00 1134987.867 INF 1134942 SleeperVolume 447, 58, 146: Spawning 449, 58, 154 (28, 9), group 'zombieBurntGroupGS1', class zombieBurnt, count 10
2024-11-13T04:10:00 1134988.082 INF 1134942 SleeperVolume 447, 58, 146: Spawning 452, 58, 159 (28, 9), group 'zombieBurntGroupGS1', class zombieBurnt, count 10
2024-11-13T04:10:03 1134991.614 INF VehicleManager saving 0 (0 + 0)
2024-11-13T04:10:03 1134991.616 INF VehicleManager saved 9 bytes
2024-11-13T04:10:10 1134998.066 INF Entity zombieBurnt 1913 killed
2024-11-13T04:10:13 1135001.697 INF [DECO] written 75713, in 12ms
2024-11-13T04:10:13 1135001.698 INF [DECO] write thread 1ms
2024-11-13T04:10:14 1135002.404 INF Time: 18915.95m FPS: 16.33 Heap: 2963.4MB Max: 2988.0MB Chunks: 1329 CGO: 115 Ply: 4 Zom: 14 Ent: 24 (119) Items: 0 CO: 4 RSS: 3518.2MB
2024-11-13T04:10:29 1135016.909 INF 1134971 SleeperVolume -117, 59, 603: Restoring -117, 62, 607 (-8, 37) 'zombieMoe', count 16
2024-11-13T04:10:29 1135017.486 INF 1134972 SleeperVolume -129, 59, 585: Restoring -123, 65, 588 (-8, 36) 'zombieTomClark', count 16
2024-11-13T04:10:31 1135019.073 INF Entity zombieBurnt 1908 killed by CostaDelMars 171
2024-11-13T04:10:44 1135031.766 INF Entity zombieBurnt 1914 killed by CostaDelMars 171
2024-11-13T04:10:44 1135032.503 INF Time: 18916.45m FPS: 16.50 Heap: 2969.0MB Max: 2988.0MB Chunks: 1329 CGO: 133 Ply: 4 Zom: 17 Ent: 25 (124) Items: 0 CO: 4 RSS: 3550.4MB
2024-11-13T04:11:08 1135056.064 INF DroneManager saving 0 (0 + 0)
2024-11-13T04:11:08 1135056.064 INF TurretTracker saving 0 (0 + 0)
2024-11-13T04:11:08 1135056.065 INF TurretTracker saved 9 bytes
2024-11-13T04:11:08 1135056.065 INF DroneManager saved 9 bytes
2024-11-13T04:11:14 1135061.775 INF [DECO] written 75713, in 9ms
2024-11-13T04:11:14 1135061.776 INF [DECO] write thread 1ms
2024-11-13T04:11:14 1135062.539 INF Time: 18916.95m FPS: 16.88 Heap: 2974.2MB Max: 2988.0MB Chunks: 1329 CGO: 148 Ply: 4 Zom: 15 Ent: 24 (127) Items: 0 CO: 4 RSS: 3556.2MB
2024-11-13T04:11:18 1135066.380 INF 1135021 SleeperVolume 81, 59, 443: Spawning 81, 63, 445 (5, 27), group 'sleeperHordeStageGS18', class zombiePartyGirl, count 15
2024-11-13T04:11:20 1135067.779 INF 1135022 SleeperVolume 84, 59, 453: Spawning 86, 63, 453 (5, 28), group 'sleeperHordeStageGS18', class zombieDarlene, count 16
2024-11-13T04:11:20 1135067.784 INF 1135022 SleeperVolume 84, 59, 449: Spawning 84, 63, 452 (5, 28), group 'sleeperHordeStageGS18', class zombieMarlene, count 16
2024-11-13T04:11:23 1135071.070 INF Entity zombieMarlene 1927 killed by directorfitz 172
2024-11-13T04:11:35 1135083.017 INF Entity zombieDarlene 1926 killed by directorfitz 172
2024-11-13T04:11:39 1135086.997 INF Entity zombiePartyGirl 1925 killed by directorfitz 172
2024-11-13T04:11:44 1135092.561 INF Time: 18917.45m FPS: 15.86 Heap: 2950.0MB Max: 2988.0MB Chunks: 1329 CGO: 133 Ply: 4 Zom: 15 Ent: 25 (108) Items: 0 CO: 4 RSS: 3569.0MB
2024-11-13T04:11:49 1135097.403 INF Entity zombieFatHawaiian 1909 killed by CostaDelMars 171
2024-11-13T04:12:02 1135110.724 INF 1135065 SleeperVolume 496, 61, 118: Spawning 496, 63, 122 (31, 7), group 'sleeperHordeStageGS46', class zombieMoe, count 13
2024-11-13T04:12:03 1135110.823 INF 1135065 SleeperVolume 496, 61, 118: Spawning 499, 62, 120 (31, 7), group 'sleeperHordeStageGS46', class zombieMaleHazmat, count 13
2024-11-13T04:12:03 1135111.619 INF VehicleManager saving 0 (0 + 0)
2024-11-13T04:12:03 1135111.619 INF VehicleManager saved 9 bytes
2024-11-13T04:12:11 1135119.075 INF 1135073 SleeperVolume 502, 62, 107: Spawning 502, 63, 115 (31, 7), group 'sleeperHordeStageGS46', class zombieMaleHazmat, count 14
2024-11-13T04:12:14 1135121.913 INF [DECO] written 75722, in 12ms
2024-11-13T04:12:14 1135121.915 INF [DECO] write thread 1ms
2024-11-13T04:12:14 1135122.582 INF Time: 18917.95m FPS: 16.79 Heap: 2951.8MB Max: 2988.0MB Chunks: 1329 CGO: 125 Ply: 4 Zom: 15 Ent: 26 (114) Items: 0 CO: 4 RSS: 3571.5MB
2024-11-13T04:12:19 1135127.671 INF 1135082 SleeperVolume 495, 67, 107: None spawned, canSpawn True, respawnCnt 0
2024-11-13T04:12:20 1135128.512 INF 1135083 SleeperVolume 495, 67, 114: Spawning 501, 67, 121 (31, 7), group 'zombieBurntGroupGS1', class zombieBurnt, count 14
2024-11-13T04:12:42 1135149.747 INF Entity zombieBurnt 1936 killed by CostaDelMars 171
2024-11-13T04:12:44 1135152.629 INF Time: 18918.45m FPS: 15.88 Heap: 2954.3MB Max: 2988.0MB Chunks: 1329 CGO: 121 Ply: 4 Zom: 14 Ent: 23 (117) Items: 0 CO: 4 RSS: 3571.8MB
2024-11-13T04:13:00 1135168.026 INF 1135122 SleeperVolume 81, 67, 443: Spawning 84, 68, 452 (5, 28), group 'ZombieBikerBarGroupGS1', class zombieMoe, count 14
2024-11-13T04:13:00 1135168.146 INF 1135123 SleeperVolume 81, 67, 443: Spawning 84, 68, 443 (5, 27), group 'ZombieBikerBarGroupGS1', class zombieBiker, count 14
2024-11-13T04:13:00 1135168.290 INF 1135123 SleeperVolume 81, 67, 443: Spawning 83, 68, 450 (5, 28), group 'ZombieBikerBarGroupGS1', class zombieMoe, count 14
2024-11-13T04:13:00 1135168.459 INF 1135123 SleeperVolume 81, 67, 443: Spawning 84, 68, 458 (5, 28), group 'ZombieBikerBarGroupGS1', class zombieBiker, count 14
2024-11-13T04:13:08 1135176.159 INF DroneManager saving 0 (0 + 0)
2024-11-13T04:13:08 1135176.159 INF TurretTracker saving 0 (0 + 0)
2024-11-13T04:13:08 1135176.160 INF DroneManager saved 9 bytes
2024-11-13T04:13:08 1135176.160 INF TurretTracker saved 9 bytes
2024-11-13T04:13:14 1135182.648 INF Time: 18918.95m FPS: 16.37 Heap: 2961.1MB Max: 2988.0MB Chunks: 1329 CGO: 115 Ply: 4 Zom: 17 Ent: 26 (121) Items: 0 CO: 4 RSS: 3571.8MB
2024-11-13T04:13:19 1135187.127 INF Entity zombieBiker 1938 killed by directorfitz 172
2024-11-13T04:13:24 1135192.371 INF 1135147 SleeperVolume 527, 60, 83: Spawning 533, 61, 88 (33, 5), group 'sleeperHordeStageGS46', class zombieJoe, count 17
2024-11-13T04:13:24 1135192.514 INF 1135147 SleeperVolume 527, 60, 83: Spawning 533, 61, 87 (33, 5), group 'sleeperHordeStageGS46', class zombieMoe, count 17
2024-11-13T04:13:33 1135201.135 INF Entity zombieBiker 1940 killed by directorfitz 172
2024-11-13T04:13:43 1135211.703 INF Entity zombieMoe 1939 killed by directorfitz 172
2024-11-13T04:13:44 1135212.664 INF Time: 18919.45m FPS: 16.16 Heap: 2951.0MB Max: 2988.0MB Chunks: 1329 CGO: 141 Ply: 4 Zom: 16 Ent: 29 (110) Items: 0 CO: 4 RSS: 3580.6MB
2024-11-13T04:13:45 1135213.099 INF Entity zombieMoe 1943 killed by CostaDelMars 171
2024-11-13T04:13:47 1135215.370 INF Entity zombieJoe 1942 killed by CostaDelMars 171
2024-11-13T04:14:00 1135228.486 INF Entity zombieMoe 1937 killed by directorfitz 172
2024-11-13T04:14:03 1135231.654 INF VehicleManager saving 0 (0 + 0)
2024-11-13T04:14:03 1135231.655 INF VehicleManager saved 9 bytes
2024-11-13T04:14:11 1135239.316 INF 1135194 SleeperVolume 531, 60, 61: Spawning 535, 64, 65 (33, 4), group 'sleeperHordeStageGS46', class zombieMarlene, count 15
2024-11-13T04:14:11 1135239.324 INF 1135194 SleeperVolume 535, 60, 68: Spawning 536, 63, 69 (33, 4), group 'sleeperHordeStageGS46', class zombieBusinessMan, count 15
2024-11-13T04:14:14 1135242.215 INF [DECO] written 75727, in 20ms
2024-11-13T04:14:14 1135242.219 INF [DECO] write thread 3ms
2024-11-13T04:14:14 1135242.658 INF Time: 18919.95m FPS: 16.28 Heap: 2953.6MB Max: 2988.0MB Chunks: 1329 CGO: 147 Ply: 4 Zom: 18 Ent: 31 (115) Items: 0 CO: 4 RSS: 3580.8MB
2024-11-13T04:14:22 1135250.563 INF 1135205 SleeperVolume 539, 60, 58: Spawning 543, 63, 69 (33, 4), group 'sleeperHordeStageGS46', class zombieMoe, count 18
2024-11-13T04:14:27 1135255.024 INF 1135209 SleeperVolume 56, 61, 439: Spawning 58, 61, 441 (3, 27), group 'sleeperHordeStageGS22', class zombieYo, count 18
2024-11-13T04:14:36 1135264.022 INF 1135218 SleeperVolume 545, 60, 65: Spawning 546, 63, 68 (34, 4), group 'sleeperHordeStageGS46', class zombieBusinessMan, count 18
2024-11-13T04:14:36 1135264.025 INF 1135218 SleeperVolume 545, 60, 59: Spawning 546, 64, 59 (34, 3), group 'sleeperHordeStageGS46', class zombieYo, count 18
2024-11-13T04:14:44 1135272.668 INF Time: 18920.45m FPS: 15.50 Heap: 2958.4MB Max: 2988.0MB Chunks: 1329 CGO: 130 Ply: 4 Zom: 19 Ent: 30 (121) Items: 0 CO: 4 RSS: 3581.5MB
2024-11-13T04:14:51 1135278.986 INF Entity zombieBurnt 1946 killed by CostaDelMars 171
2024-11-13T04:15:08 1135296.267 INF DroneManager saving 0 (0 + 0)
2024-11-13T04:15:08 1135296.267 INF TurretTracker saving 0 (0 + 0)
2024-11-13T04:15:08 1135296.269 INF DroneManager saved 9 bytes
2024-11-13T04:15:08 1135296.269 INF TurretTracker saved 9 bytes
2024-11-13T04:15:11 1135298.765 INF Entity zombieBoe 1924 killed by Seegee417 1377
2024-11-13T04:15:14 1135302.318 INF [DECO] written 75729, in 15ms
2024-11-13T04:15:14 1135302.319 INF [DECO] write thread 1ms
2024-11-13T04:15:15 1135302.764 INF Time: 18920.95m FPS: 17.73 Heap: 2969.6MB Max: 2988.0MB Chunks: 1329 CGO: 114 Ply: 4 Zom: 13 Ent: 26 (122) Items: 0 CO: 4 RSS: 3584.0MB
2024-11-13T04:15:16 1135304.268 INF 1135259 SleeperVolume 531, 60, 61: Restoring 535, 64, 65 (33, 4) 'zombieMarlene', count 13
2024-11-13T04:15:16 1135304.272 INF 1135259 SleeperVolume 535, 60, 68: Restoring 536, 63, 69 (33, 4) 'zombieBusinessMan', count 13
2024-11-13T04:15:18 1135305.896 INF 1135260 SleeperVolume 531, 68, 64: Spawning 533, 68, 66 (33, 4), group 'sleeperHordeStageGS46', class zombieBusinessMan, count 13
2024-11-13T04:15:18 1135305.904 INF 1135260 SleeperVolume 539, 68, 57: Spawning 543, 68, 61 (33, 3), group 'sleeperHordeStageGS46', class zombiePartyGirl, count 13
2024-11-13T04:15:18 1135306.036 INF 1135260 SleeperVolume 545, 68, 59: Spawning 546, 68, 61 (34, 3), group 'zombieBurntGroupGS1', class zombieBurnt, count 13
2024-11-13T04:15:18 1135306.072 INF 1135260 SleeperVolume 539, 68, 57: Spawning 539, 68, 67 (33, 4), group 'sleeperHordeStageGS46', class zombieSteve, count 13
2024-11-13T04:15:18 1135306.143 INF 1135260 SleeperVolume 545, 68, 59: Spawning 551, 69, 61 (34, 3), group 'zombieBurntGroupGS1', class zombieBurnt, count 13
2024-11-13T04:15:29 1135316.972 INF Entity zombieJanitor 1928 killed by Seegee417 1377
2024-11-13T04:15:35 1135323.127 INF 1135277 SleeperVolume 56, 61, 439: Restoring 58, 61, 441 (3, 27) 'zombieYo', count 20
2024-11-13T04:15:40 1135328.263 INF 1135283 SleeperVolume 155, 61, 541: Spawning 156, 61, 541 (9, 33), group 'sleeperHordeStageGS11', class zombieMarlene, count 21
2024-11-13T04:15:40 1135328.370 INF 1135283 SleeperVolume 155, 61, 541: Spawning 155, 61, 541 (9, 33), group 'sleeperHordeStageGS11', class zombieYo, count 21
2024-11-13T04:15:45 1135332.797 INF Time: 18921.45m FPS: 15.68 Heap: 2951.2MB Max: 2988.0MB Chunks: 1329 CGO: 137 Ply: 4 Zom: 23 Ent: 36 (115) Items: 0 CO: 4 RSS: 3588.6MB
2024-11-13T04:15:58 1135346.513 INF Entity zombieBusinessMan 1957 killed by CostaDelMars 171
2024-11-13T04:16:03 1135351.678 INF VehicleManager saving 0 (0 + 0)
2024-11-13T04:16:03 1135351.679 INF VehicleManager saved 9 bytes
2024-11-13T04:16:11 1135359.587 INF Entity zombieYo 1958 killed by CostaDelMars 171
2024-11-13T04:16:15 1135362.869 INF Time: 18921.95m FPS: 16.37 Heap: 2955.8MB Max: 2988.0MB Chunks: 1329 CGO: 146 Ply: 4 Zom: 23 Ent: 36 (120) Items: 0 CO: 4 RSS: 3592.8MB
2024-11-13T04:16:45 1135392.908 INF Time: 18922.45m FPS: 16.38 Heap: 2960.0MB Max: 2988.0MB Chunks: 1329 CGO: 120 Ply: 4 Zom: 20 Ent: 32 (120) Items: 0 CO: 4 RSS: 3593.4MB
2024-11-13T04:16:52 1135400.579 INF 1135355 SleeperVolume 539, 72, 57: Spawning 541, 73, 61 (33, 3), group 'sleeperHordeStageGS46', class zombiePartyGirl, count 20
2024-11-13T04:16:53 1135400.798 INF 1135355 SleeperVolume 539, 72, 57: Spawning 540, 73, 67 (33, 4), group 'sleeperHordeStageGS46', class zombieJoe, count 20
2024-11-13T04:16:53 1135400.870 INF 1135355 SleeperVolume 539, 72, 57: Spawning 541, 73, 70 (33, 4), group 'sleeperHordeStageGS46', class zombieYo, count 20
2024-11-13T04:17:08 1135416.269 INF DroneManager saving 0 (0 + 0)
2024-11-13T04:17:08 1135416.269 INF TurretTracker saving 0 (0 + 0)
2024-11-13T04:17:08 1135416.269 INF DroneManager saved 9 bytes
2024-11-13T04:17:08 1135416.270 INF TurretTracker saved 9 bytes
2024-11-13T04:17:14 1135422.605 INF [DECO] written 75729, in 26ms
2024-11-13T04:17:14 1135422.608 INF [DECO] write thread 2ms
2024-11-13T04:17:15 1135422.905 INF Time: 18922.95m FPS: 15.71 Heap: 2963.3MB Max: 2988.0MB Chunks: 1329 CGO: 138 Ply: 4 Zom: 26 Ent: 39 (130) Items: 3 CO: 4 RSS: 3593.6MB
2024-11-13T04:17:35 1135442.807 INF MinEventLogMessage: XP gained during the last level:
2024-11-13T04:17:35 1135442.807 INF CVarLogValue: $xpFromLootThisLevel == 0
2024-11-13T04:17:35 1135442.807 INF CVarLogValue: $xpFromHarvestingThisLevel == 0
2024-11-13T04:17:35 1135442.807 INF CVarLogValue: $xpFromKillThisLevel == 0
2024-11-13T04:17:45 1135452.904 INF Time: 18923.45m FPS: 15.10 Heap: 2953.0MB Max: 2988.0MB Chunks: 1329 CGO: 127 Ply: 4 Zom: 26 Ent: 39 (119) Items: 3 CO: 4 RSS: 3593.4MB
2024-11-13T04:18:03 1135471.687 INF VehicleManager saving 0 (0 + 0)
2024-11-13T04:18:03 1135471.688 INF VehicleManager saved 9 bytes
2024-11-13T04:18:15 1135482.923 INF Time: 18923.96m FPS: 16.59 Heap: 2954.1MB Max: 2988.0MB Chunks: 1329 CGO: 118 Ply: 4 Zom: 23 Ent: 32 (120) Items: 3 CO: 4 RSS: 3593.7MB
2024-11-13T04:18:31 1135499.403 INF Entity zombieYo 1979 killed by CostaDelMars 171
2024-11-13T04:18:45 1135512.958 INF Time: 18924.46m FPS: 16.62 Heap: 2957.3MB Max: 2988.0MB Chunks: 1329 CGO: 105 Ply: 4 Zom: 22 Ent: 31 (121) Items: 3 CO: 4 RSS: 3593.8MB
2024-11-13T04:18:46 1135514.711 INF Entity zombiePartyGirl 1977 killed by CostaDelMars 171
2024-11-13T04:19:05 1135533.473 INF Entity zombieBurnt 1964 killed by CostaDelMars 171
2024-11-13T04:19:08 1135536.289 INF DroneManager saving 0 (0 + 0)
2024-11-13T04:19:08 1135536.289 INF TurretTracker saving 0 (0 + 0)
2024-11-13T04:19:08 1135536.289 INF DroneManager saved 9 bytes
2024-11-13T04:19:08 1135536.290 INF TurretTracker saved 9 bytes
2024-11-13T04:19:15 1135543.032 INF Time: 18924.96m FPS: 15.81 Heap: 2962.4MB Max: 2988.0MB Chunks: 1329 CGO: 113 Ply: 4 Zom: 21 Ent: 32 (123) Items: 4 CO: 4 RSS: 3595.2MB
2024-11-13T04:19:27 1135555.542 INF Entity zombieJoe 1978 killed by CostaDelMars 171
2024-11-13T04:19:45 1135573.025 INF Time: 18925.46m FPS: 16.14 Heap: 2951.4MB Max: 2988.0MB Chunks: 1329 CGO: 105 Ply: 4 Zom: 14 Ent: 24 (118) Items: 0 CO: 4 RSS: 3595.1MB
2024-11-13T04:19:56 1135584.231 INF Entity zombieBurnt 1966 killed by CostaDelMars 171
2024-11-13T04:20:03 1135591.709 INF VehicleManager saving 0 (0 + 0)
2024-11-13T04:20:03 1135591.711 INF VehicleManager saved 9 bytes
2024-11-13T04:20:07 1135595.629 INF 1135550 SleeperVolume 56, 61, 439: Restoring 58, 61, 441 (3, 27) 'zombieYo', count 11
2024-11-13T04:20:14 1135602.059 INF 1135556 SleeperVolume 599, 62, 69: Spawning 605, 62, 69 (37, 4), group 'ZombieBikerBarGroupGS1', class zombieBiker, count 11
2024-11-13T04:20:14 1135602.511 INF 1135557 SleeperVolume 606, 62, 71: Spawning 608, 62, 79 (38, 4), group 'ZombieBikerBarGroupGS1', class zombieUtilityWorker, count 11
2024-11-13T04:20:15 1135603.038 INF Time: 18925.96m FPS: 16.44 Heap: 2952.5MB Max: 2988.0MB Chunks: 1329 CGO: 102 Ply: 4 Zom: 13 Ent: 25 (125) Items: 3 CO: 4 RSS: 3595.4MB
2024-11-13T04:20:17 1135605.545 INF Entity zombieYo 1993 killed by Seegee417 1377
2024-11-13T04:20:45 1135633.043 INF Time: 18926.46m FPS: 16.75 Heap: 2960.1MB Max: 2988.0MB Chunks: 1329 CGO: 101 Ply: 4 Zom: 11 Ent: 21 (126) Items: 3 CO: 4 RSS: 3595.6MB
2024-11-13T04:20:59 1135646.958 WRN MG build tris 596 != 597
2024-11-13T04:20:59 1135647.516 INF 1135602 SleeperVolume 56, 61, 439: Spawning 62, 61, 441 (3, 27), group 'sleeperHordeStageGS8', class zombieSteve, count 11
2024-11-13T04:21:00 1135648.630 INF 1135603 SleeperVolume 81, 59, 443: Spawning 83, 63, 443 (5, 27), group 'sleeperHordeStageGS8', class zombieYo, count 12
2024-11-13T04:21:01 1135649.657 INF 1135604 SleeperVolume 84, 59, 453: Spawning 85, 63, 458 (5, 28), group 'ZombiesCrawlers', class zombieSteveCrawler, count 12
2024-11-13T04:21:01 1135649.661 INF 1135604 SleeperVolume 84, 59, 449: Spawning 84, 63, 450 (5, 28), group 'sleeperHordeStageGS8', class zombieYo, count 12
2024-11-13T04:21:08 1135656.404 INF DroneManager saving 0 (0 + 0)
2024-11-13T04:21:08 1135656.404 INF TurretTracker saving 0 (0 + 0)
2024-11-13T04:21:08 1135656.405 INF DroneManager saved 9 bytes
2024-11-13T04:21:08 1135656.405 INF TurretTracker saved 9 bytes
2024-11-13T04:21:11 1135658.769 INF Entity zombieBusinessMan 1983 killed by CostaDelMars 171
2024-11-13T04:21:13 1135661.325 INF Entity zombieUtilityWorker 1995 killed by CostaDelMars 171
2024-11-13T04:21:13 1135661.535 INF Entity zombieYo 2000 killed by Seegee417 1377
2024-11-13T04:21:15 1135663.065 INF [DECO] written 75729, in 12ms
2024-11-13T04:21:15 1135663.067 INF [DECO] write thread 1ms
2024-11-13T04:21:15 1135663.178 INF Time: 18926.96m FPS: 16.41 Heap: 2964.2MB Max: 2988.0MB Chunks: 1329 CGO: 95 Ply: 4 Zom: 11 Ent: 23 (130) Items: 3 CO: 4 RSS: 3596.0MB
2024-11-13T04:21:27 1135675.287 INF Entity zombieSteveCrawler 1999 killed by Seegee417 1377
2024-11-13T04:21:27 1135675.456 INF Entity zombieSteveCrawler 1986 killed by CostaDelMars 171
2024-11-13T04:21:45 1135693.274 INF Time: 18927.46m FPS: 16.40 Heap: 2952.3MB Max: 2988.0MB Chunks: 1329 CGO: 98 Ply: 4 Zom: 8 Ent: 22 (115) Items: 0 CO: 4 RSS: 3601.4MB
2024-11-13T04:21:45 1135693.652 INF 1135648 SleeperVolume 545, 60, 65: Spawning 546, 63, 68 (34, 4), group 'sleeperHordeStageGS46', class zombieSteve, count 8
2024-11-13T04:21:45 1135693.655 INF 1135648 SleeperVolume 545, 60, 59: Spawning 551, 63, 63 (34, 3), group 'sleeperHordeStageGS46', class zombieSteve, count 8
2024-11-13T04:21:46 1135694.385 INF 1135649 SleeperVolume -117, 59, 603: Restoring -117, 62, 607 (-8, 37) 'zombieMoe', count 8
2024-11-13T04:21:46 1135694.687 INF 1135649 SleeperVolume -129, 59, 585: Restoring -123, 65, 588 (-8, 36) 'zombieTomClark', count 8
2024-11-13T04:22:01 1135709.387 INF Entity zombieBiker 1994 killed by CostaDelMars 171
2024-11-13T04:22:03 1135711.726 INF VehicleManager saving 0 (0 + 0)
2024-11-13T04:22:03 1135711.727 INF VehicleManager saved 9 bytes
2024-11-13T04:22:07 1135715.026 INF Player conceptxo disconnected after 125.8 minutes
2024-11-13T04:22:07 1135715.221 INF DynamicMusic: 675 successfully removed from Bloodmoon state cache
2024-11-13T04:22:07 1135715.221 INF Client disconnected from dy mesh: Id: 675 Total: 5
2024-11-13T04:22:07 1135715.221 INF Player disconnected: EntityID=675, PltfmId='Steam_76561197969472572', CrossId='EOS_00021eebf2db42e69d23b452b65f6d24', OwnerID='Steam_76561197969472572', PlayerName='conceptxo', ClientNumber='5'
2024-11-13T04:22:07 1135715.221 INF Exited thread NCS_Reader_1_0
2024-11-13T04:22:07 1135715.221 INF Exited thread NCS_Reader_1_1
2024-11-13T04:22:07 1135715.221 INF [EOS-ACS] FreeUser: EntityID=675, PltfmId='Steam_76561197969472572', CrossId='EOS_00021eebf2db42e69d23b452b65f6d24', OwnerID='Steam_76561197969472572', PlayerName='conceptxo', ClientNumber='5'
2024-11-13T04:22:07 1135715.221 INF Exited thread NCS_Writer_1_0
2024-11-13T04:22:07 1135715.221 INF Exited thread NCS_Writer_1_1
2024-11-13T04:22:07 1135715.222 INF NET: LiteNetLib: Client disconnect from: 173.92.69.216:43250 / 1 (RemoteConnectionClose)
2024-11-13T04:22:07 1135715.226 INF GMSG: Player 'conceptxo' left the game
2024-11-13T04:22:07 1135715.227 INF NET: LiteNetLib: MT: Client disconnect from: 173.92.69.216:43250 / 1 (RemoteConnectionClose)
2024-11-13T04:22:08 1135716.047 INF Entity zombieYo 1998 killed by Seegee417 1377
2024-11-13T04:22:15 1135723.245 INF [DECO] written 75729, in 24ms
2024-11-13T04:22:15 1135723.253 INF [DECO] write thread 8ms
2024-11-13T04:22:15 1135723.315 INF Time: 18927.96m FPS: 16.08 Heap: 3043.6MB Max: 3043.6MB Chunks: 1329 CGO: 83 Ply: 3 Zom: 9 Ent: 19 (114) Items: 0 CO: 3 RSS: 3680.5MB
2024-11-13T04:22:16 1135724.631 INF 1135679 SleeperVolume 539, 60, 58: Spawning 541, 63, 72 (33, 4), group 'sleeperHordeStageGS46', class zombieArlene, count 9
2024-11-13T04:22:29 1135736.942 INF Entity zombieSteve 2001 killed by CostaDelMars 171
2024-11-13T04:22:31 1135739.054 INF Entity zombieSteve 2002 killed by CostaDelMars 171
2024-11-13T04:22:33 1135741.157 INF 1135695 SleeperVolume 531, 60, 61: Spawning 535, 64, 65 (33, 4), group 'sleeperHordeStageGS46', class zombieMoe, count 8
2024-11-13T04:22:33 1135741.168 INF 1135695 SleeperVolume 535, 60, 68: Spawning 536, 63, 69 (33, 4), group 'sleeperHordeStageGS46', class zombieMoe, count 8
2024-11-13T04:22:41 1135749.539 INF 1135704 SleeperVolume 81, 67, 443: Spawning 84, 68, 451 (5, 28), group 'ZombieBikerBarGroupGS1', class zombiePartyGirl, count 10
2024-11-13T04:22:41 1135749.715 INF 1135704 SleeperVolume 81, 67, 443: Spawning 83, 68, 452 (5, 28), group 'ZombieBikerBarGroupGS1', class zombieSkateboarder, count 10
2024-11-13T04:22:42 1135749.911 INF 1135704 SleeperVolume 81, 67, 443: Spawning 83, 68, 450 (5, 28), group 'ZombieBikerBarGroupGS1', class zombiePartyGirl, count 12
2024-11-13T04:22:42 1135750.050 INF 1135704 SleeperVolume 81, 67, 443: Spawning 83, 68, 443 (5, 27), group 'ZombieBikerBarGroupGS1', class zombieJanitor, count 12
2024-11-13T04:22:45 1135753.317 INF Time: 18928.46m FPS: 16.65 Heap: 3058.4MB Max: 3058.4MB Chunks: 1329 CGO: 76 Ply: 3 Zom: 12 Ent: 26 (121) Items: 0 CO: 3 RSS: 3691.1MB
2024-11-13T04:22:53 1135761.423 INF Entity zombieJanitor 2012 killed by directorfitz 172
2024-11-13T04:23:04 1135772.044 INF Entity zombiePartyGirl 2009 killed by directorfitz 172
2024-11-13T04:23:05 1135773.152 INF Entity zombieSkateboarder 2010 killed by Seegee417 1377
2024-11-13T04:23:05 1135773.530 INF Entity zombiePartyGirl 2011 killed by directorfitz 172
2024-11-13T04:23:08 1135776.422 INF DroneManager saving 0 (0 + 0)
2024-11-13T04:23:08 1135776.422 INF TurretTracker saving 0 (0 + 0)
2024-11-13T04:23:08 1135776.423 INF DroneManager saved 9 bytes
2024-11-13T04:23:08 1135776.424 INF TurretTracker saved 9 bytes
2024-11-13T04:23:09 1135777.019 INF Entity zombieArlene 2006 killed by CostaDelMars 171
2024-11-13T04:23:15 1135783.316 INF [DECO] written 75729, in 11ms
2024-11-13T04:23:15 1135783.317 INF [DECO] write thread 1ms
2024-11-13T04:23:15 1135783.360 INF Time: 18928.96m FPS: 17.52 Heap: 3062.3MB Max: 3062.3MB Chunks: 1329 CGO: 80 Ply: 3 Zom: 9 Ent: 24 (121) Items: 0 CO: 3 RSS: 3691.9MB
2024-11-13T04:23:45 1135813.427 INF Time: 18929.46m FPS: 16.26 Heap: 1577.9MB Max: 3062.3MB Chunks: 982 CGO: 69 Ply: 3 Zom: 9 Ent: 20 (114) Items: 0 CO: 3 RSS: 3684.7MB
2024-11-13T04:23:58 1135826.032 INF Entity zombieMoe 2008 killed by CostaDelMars 171
2024-11-13T04:24:04 1135831.786 INF VehicleManager saving 0 (0 + 0)
2024-11-13T04:24:04 1135831.787 INF VehicleManager saved 9 bytes
2024-11-13T04:24:04 1135832.025 INF Entity zombieMoe 2007 killed by CostaDelMars 171
2024-11-13T04:24:06 1135833.968 INF MinEventLogMessage: XP gained during the last level:
2024-11-13T04:24:06 1135833.968 INF CVarLogValue: $xpFromLootThisLevel == 0
2024-11-13T04:24:06 1135833.969 INF CVarLogValue: $xpFromHarvestingThisLevel == 0
2024-11-13T04:24:06 1135833.969 INF CVarLogValue: $xpFromKillThisLevel == 0
2024-11-13T04:24:15 1135843.445 INF [DECO] written 75729, in 9ms
2024-11-13T04:24:15 1135843.445 INF Time: 18929.96m FPS: 17.60 Heap: 1895.8MB Max: 3062.3MB Chunks: 982 CGO: 84 Ply: 3 Zom: 8 Ent: 17 (117) Items: 0 CO: 3 RSS: 3685.1MB
2024-11-13T04:24:15 1135843.446 INF [DECO] write thread 1ms
2024-11-13T04:24:38 1135866.236 INF NET: LiteNetLib: Connect from: 173.92.69.216:54256 / 1
2024-11-13T04:24:38 1135866.237 INF Started thread NCS_Reader_1_0
2024-11-13T04:24:38 1135866.237 INF Started thread NCS_Writer_1_0
2024-11-13T04:24:38 1135866.238 INF Started thread NCS_Reader_1_1
2024-11-13T04:24:38 1135866.238 INF Started thread NCS_Writer_1_1
2024-11-13T04:24:38 1135866.238 INF [NET] PlayerConnected EntityID=-1, PltfmId='Local_<none>', CrossId='<unknown/none>', OwnerID='<unknown/none>', PlayerName='', ClientNumber='10'
2024-11-13T04:24:38 1135866.326 INF NPPL.Read
2024-11-13T04:24:38 1135866.410 INF PlayerLogin: conceptxo/V 1.1
2024-11-13T04:24:38 1135866.410 INF Client IP: 173.92.69.216
2024-11-13T04:24:38 1135866.410 INF [Auth] PlayerName authorization successful: EntityID=-1, PltfmId='Steam_76561197969472572', CrossId='EOS_00021eebf2db42e69d23b452b65f6d24', OwnerID='<unknown/none>', PlayerName='conceptxo', ClientNumber='10'
2024-11-13T04:24:38 1135866.410 INF [Auth] ServerState authorization successful: EntityID=-1, PltfmId='Steam_76561197969472572', CrossId='EOS_00021eebf2db42e69d23b452b65f6d24', OwnerID='<unknown/none>', PlayerName='conceptxo', ClientNumber='10'
2024-11-13T04:24:38 1135866.410 INF [Auth] MpHostAllowed authorization successful: EntityID=-1, PltfmId='Steam_76561197969472572', CrossId='EOS_00021eebf2db42e69d23b452b65f6d24', OwnerID='<unknown/none>', PlayerName='conceptxo', ClientNumber='10'
2024-11-13T04:24:38 1135866.410 INF [Auth] PlayerId authorization successful: EntityID=-1, PltfmId='Steam_76561197969472572', CrossId='EOS_00021eebf2db42e69d23b452b65f6d24', OwnerID='<unknown/none>', PlayerName='conceptxo', ClientNumber='10'
2024-11-13T04:24:38 1135866.410 INF [Auth] DuplicateUserId authorization successful: EntityID=-1, PltfmId='Steam_76561197969472572', CrossId='EOS_00021eebf2db42e69d23b452b65f6d24', OwnerID='<unknown/none>', PlayerName='conceptxo', ClientNumber='10'
2024-11-13T04:24:38 1135866.410 INF [Auth] VersionCheck authorization successful: EntityID=-1, PltfmId='Steam_76561197969472572', CrossId='EOS_00021eebf2db42e69d23b452b65f6d24', OwnerID='<unknown/none>', PlayerName='conceptxo', ClientNumber='10'
2024-11-13T04:24:38 1135866.410 INF [Auth] PlayerSlots authorization successful: EntityID=-1, PltfmId='Steam_76561197969472572', CrossId='EOS_00021eebf2db42e69d23b452b65f6d24', OwnerID='<unknown/none>', PlayerName='conceptxo', ClientNumber='10'
2024-11-13T04:24:38 1135866.410 INF [Auth] LegacyModAuthorizations authorization successful: EntityID=-1, PltfmId='Steam_76561197969472572', CrossId='EOS_00021eebf2db42e69d23b452b65f6d24', OwnerID='<unknown/none>', PlayerName='conceptxo', ClientNumber='10'
2024-11-13T04:24:38 1135866.410 INF [Steamworks.NET] Auth.AuthenticateUser()
2024-11-13T04:24:38 1135866.422 INF [Steamworks.NET] Authenticating player: conceptxo SteamId: 76561197969472572 TicketLen: 1024 Result: k_EBeginAuthSessionResultOK
2024-11-13T04:24:39 1135867.604 INF [Steamworks.NET] Authentication callback. ID: 76561197969472572, owner: 76561197969472572, result: k_EAuthSessionResponseOK
2024-11-13T04:24:39 1135867.604 INF [Auth] PlatformAuth authorization successful: EntityID=-1, PltfmId='Steam_76561197969472572', CrossId='EOS_00021eebf2db42e69d23b452b65f6d24', OwnerID='Steam_76561197969472572', PlayerName='conceptxo', ClientNumber='10'
2024-11-13T04:24:39 1135867.604 INF [Auth] SteamFamily authorization successful: EntityID=-1, PltfmId='Steam_76561197969472572', CrossId='EOS_00021eebf2db42e69d23b452b65f6d24', OwnerID='Steam_76561197969472572', PlayerName='conceptxo', ClientNumber='10'
2024-11-13T04:24:39 1135867.604 INF [Auth] SteamGroups authorization successful: EntityID=-1, PltfmId='Steam_76561197969472572', CrossId='EOS_00021eebf2db42e69d23b452b65f6d24', OwnerID='Steam_76561197969472572', PlayerName='conceptxo', ClientNumber='10'
2024-11-13T04:24:39 1135867.604 INF [EOS] Verifying token for 00021eebf2db42e69d23b452b65f6d24
2024-11-13T04:24:40 1135867.787 INF [EOS] Device=, Platform=steam, AccType=Steam, AccId=76561197969472572, PUID=00021eebf2db42e69d23b452b65f6d24
2024-11-13T04:24:40 1135868.318 INF [EOS] Player may have active sanctions
2024-11-13T04:24:40 1135868.318 INF [EOS] SanctionsQuery finished with: 0 sanctions
2024-11-13T04:24:40 1135868.318 INF [Auth] CrossplatformAuth authorization successful: EntityID=-1, PltfmId='Steam_76561197969472572', CrossId='EOS_00021eebf2db42e69d23b452b65f6d24', OwnerID='Steam_76561197969472572', PlayerName='conceptxo', ClientNumber='10'
2024-11-13T04:24:40 1135868.319 INF [Auth] BansAndWhitelist authorization successful: EntityID=-1, PltfmId='Steam_76561197969472572', CrossId='EOS_00021eebf2db42e69d23b452b65f6d24', OwnerID='Steam_76561197969472572', PlayerName='conceptxo', ClientNumber='10'
2024-11-13T04:24:40 1135868.319 INF [Auth] Crossplay authorization successful: EntityID=-1, PltfmId='Steam_76561197969472572', CrossId='EOS_00021eebf2db42e69d23b452b65f6d24', OwnerID='Steam_76561197969472572', PlayerName='conceptxo', ClientNumber='10'
2024-11-13T04:24:40 1135868.319 INF [EOS-ACS] Registering user: EntityID=-1, PltfmId='Steam_76561197969472572', CrossId='EOS_00021eebf2db42e69d23b452b65f6d24', OwnerID='Steam_76561197969472572', PlayerName='conceptxo', ClientNumber='10'
2024-11-13T04:24:45 1135873.543 INF Time: 18930.46m FPS: 17.10 Heap: 1899.2MB Max: 3062.3MB Chunks: 982 CGO: 70 Ply: 3 Zom: 8 Ent: 15 (118) Items: 0 CO: 3 RSS: 3687.1MB
2024-11-13T04:24:47 1135875.062 INF 1135829 SleeperVolume 186, 83, 368: Spawning 203, 83, 368 (12, 23), group 'sleeperHordeStageGS22', class zombieTomClark, count 8
2024-11-13T04:24:47 1135875.068 INF 1135829 SleeperVolume 186, 83, 379: Spawning 194, 83, 379 (12, 23), group 'VultureGroup', class animalZombieVulture, count 8
2024-11-13T04:24:47 1135875.235 INF 1135830 SleeperVolume 186, 83, 368: Spawning 204, 83, 374 (12, 23), group 'sleeperHordeStageGS22', class zombiePartyGirl, count 8
2024-11-13T04:24:47 1135875.333 INF 1135830 SleeperVolume 186, 83, 368: Spawning 204, 83, 380 (12, 23), group 'sleeperHordeStageGS22', class zombieYo, count 8
2024-11-13T04:24:49 1135877.417 INF Entity animalZombieVulture 2018 killed by directorfitz 172
2024-11-13T04:24:51 1135879.161 INF [Auth] EAC authorization successful: EntityID=-1, PltfmId='Steam_76561197969472572', CrossId='EOS_00021eebf2db42e69d23b452b65f6d24', OwnerID='Steam_76561197969472572', PlayerName='conceptxo', ClientNumber='10'
2024-11-13T04:24:51 1135879.208 INF [Auth] Finalizer authorization successful: EntityID=-1, PltfmId='Steam_76561197969472572', CrossId='EOS_00021eebf2db42e69d23b452b65f6d24', OwnerID='Steam_76561197969472572', PlayerName='conceptxo', ClientNumber='10'
2024-11-13T04:24:51 1135879.211 INF Allowing player with id EOS_00021eebf2db42e69d23b452b65f6d24
2024-11-13T04:24:51 1135879.405 INF RequestToEnterGame: EOS_00021eebf2db42e69d23b452b65f6d24/conceptxo
2024-11-13T04:25:06 1135894.217 INF Entity zombieYo 2020 killed by Seegee417 1377
2024-11-13T04:25:08 1135896.431 INF DroneManager saving 0 (0 + 0)
2024-11-13T04:25:08 1135896.431 INF TurretTracker saving 0 (0 + 0)
2024-11-13T04:25:08 1135896.432 INF DroneManager saved 9 bytes
2024-11-13T04:25:08 1135896.433 INF TurretTracker saved 9 bytes
2024-11-13T04:25:09 1135896.788 INF Entity zombiePartyGirl 2019 killed by Seegee417 1377
2024-11-13T04:25:10 1135898.141 INF Entity zombieTomClark 2017 killed by directorfitz 172
2024-11-13T04:25:15 1135903.608 INF [DECO] written 75729, in 22ms
2024-11-13T04:25:15 1135903.608 INF Time: 18930.96m FPS: 16.99 Heap: 1943.8MB Max: 3062.3MB Chunks: 982 CGO: 64 Ply: 3 Zom: 8 Ent: 17 (123) Items: 0 CO: 3 RSS: 3687.6MB
2024-11-13T04:25:15 1135903.609 INF [DECO] write thread 1ms
2024-11-13T04:25:27 1135915.191 INF Dymesh: Update items to send for conceptxo id: -1  recieved: 10
2024-11-13T04:25:27 1135915.191 INF Dymesh: Items to send: 0   Added: 9   chunks: 10
2024-11-13T04:25:27 1135915.408 INF 1135870 SleeperVolume 531, 68, 64: Spawning 534, 68, 66 (33, 4), group 'sleeperHordeStageGS46', class zombieMoe, count 8
2024-11-13T04:25:27 1135915.418 INF 1135870 SleeperVolume 539, 68, 57: Spawning 542, 68, 57 (33, 3), group 'sleeperHordeStageGS46', class zombiePartyGirl, count 8
2024-11-13T04:25:27 1135915.603 INF 1135870 SleeperVolume 539, 68, 57: Spawning 542, 68, 68 (33, 4), group 'sleeperHordeStageGS46', class zombieMoe, count 8
2024-11-13T04:25:32 1135920.655 INF 1135875 SleeperVolume 545, 68, 59: Spawning 551, 69, 61 (34, 3), group 'zombieBurntGroupGS1', class zombieBurnt, count 8
2024-11-13T04:25:33 1135920.788 INF 1135875 SleeperVolume 545, 68, 59: Spawning 546, 68, 61 (34, 3), group 'zombieBurntGroupGS1', class zombieBurnt, count 8
2024-11-13T04:25:33 1135921.574 INF 1135876 SleeperVolume 196, 92, 371: Spawning 200, 93, 374 (12, 23), group 'sleeperHordeStageGS22', class zombieMarlene, count 8
2024-11-13T04:25:34 1135921.763 INF 1135876 SleeperVolume 196, 92, 371: Spawning 198, 93, 376 (12, 23), group 'sleeperHordeStageGS22', class zombieDarlene, count 8
2024-11-13T04:25:34 1135921.881 INF 1135876 SleeperVolume 197, 93, 372: Spawning 201, 98, 374 (12, 23), group 'sleeperHordeStageGS22', class zombieSteve, count 8
2024-11-13T04:25:39 1135927.047 INF Entity zombieMoe 2023 killed by CostaDelMars 171
2024-11-13T04:25:39 1135927.291 INF Entity zombieDarlene 2029 killed by directorfitz 172
2024-11-13T04:25:42 1135929.937 INF Entity zombieMarlene 2028 killed by directorfitz 172
2024-11-13T04:25:45 1135933.677 INF Time: 18931.47m FPS: 16.13 Heap: 1916.5MB Max: 3062.3MB Chunks: 982 CGO: 71 Ply: 3 Zom: 13 Ent: 26 (120) Items: 0 CO: 3 RSS: 3685.9MB
2024-11-13T04:25:48 1135936.165 INF Entity zombieSteve 2030 killed by directorfitz 172
2024-11-13T04:25:51 1135939.041 INF Entity zombieMoe 2025 killed by CostaDelMars 171
2024-11-13T04:25:51 1135939.049 INF RequestToSpawnPlayer: 675, conceptxo, 6
2024-11-13T04:25:51 1135939.068 WRN Parameter 'IsMale' not found in animator
2024-11-13T04:25:51 1135939.069 INF Created player with id=675
2024-11-13T04:25:54 1135942.602 INF GMSG: Player 'conceptxo' joined the game
2024-11-13T04:25:54 1135942.602 INF PlayerSpawnedInWorld (reason: JoinMultiplayer, position: -216, 60, 677): EntityID=675, PltfmId='Steam_76561197969472572', CrossId='EOS_00021eebf2db42e69d23b452b65f6d24', OwnerID='Steam_76561197969472572', PlayerName='conceptxo', ClientNumber='10'
2024-11-13T04:26:04 1135951.800 INF VehicleManager saving 0 (0 + 0)
2024-11-13T04:26:04 1135951.801 INF VehicleManager saved 9 bytes
2024-11-13T04:26:15 1135963.697 INF Time: 18931.97m FPS: 16.35 Heap: 1921.4MB Max: 3062.3MB Chunks: 982 CGO: 80 Ply: 4 Zom: 11 Ent: 24 (121) Items: 0 CO: 4 RSS: 3687.3MB
2024-11-13T04:26:16 1135963.820 INF [DECO] written 75729, in 16ms
2024-11-13T04:26:16 1135963.821 INF [DECO] write thread 1ms
2024-11-13T04:26:32 1135980.155 INF Entity zombiePartyGirl 2024 killed by CostaDelMars 171
2024-11-13T04:26:45 1135993.709 INF Time: 18932.47m FPS: 16.46 Heap: 1926.0MB Max: 3062.3MB Chunks: 982 CGO: 69 Ply: 4 Zom: 10 Ent: 18 (121) Items: 0 CO: 4 RSS: 3687.3MB
2024-11-13T04:27:06 1136013.849 INF Entity zombieTomClark 1918 killed
2024-11-13T04:27:08 1136016.466 INF DroneManager saving 0 (0 + 0)
2024-11-13T04:27:08 1136016.467 INF TurretTracker saving 0 (0 + 0)
2024-11-13T04:27:08 1136016.468 INF DroneManager saved 9 bytes
2024-11-13T04:27:08 1136016.469 INF TurretTracker saved 9 bytes
2024-11-13T04:27:15 1136023.729 INF Time: 18932.97m FPS: 16.50 Heap: 1935.1MB Max: 3062.3MB Chunks: 982 CGO: 92 Ply: 4 Zom: 8 Ent: 19 (122) Items: 0 CO: 4 RSS: 3687.5MB
2024-11-13T04:27:16 1136023.923 INF [DECO] written 75729, in 16ms
2024-11-13T04:27:16 1136023.925 INF [DECO] write thread 2ms
2024-11-13T04:27:42 1136050.314 INF 1136005 SleeperVolume 56, 61, 439: Restoring 62, 61, 441 (3, 27) 'zombieSteve', count 9
2024-11-13T04:27:46 1136053.790 INF Time: 18933.47m FPS: 16.59 Heap: 1922.4MB Max: 3062.3MB Chunks: 1017 CGO: 103 Ply: 4 Zom: 9 Ent: 20 (123) Items: 1 CO: 4 RSS: 3687.0MB
2024-11-13T04:27:54 1136062.653 INF Entity zombieBurnt 2027 killed by CostaDelMars 171
2024-11-13T04:28:04 1136071.914 INF VehicleManager saving 0 (0 + 0)
2024-11-13T04:28:04 1136071.916 INF VehicleManager saved 9 bytes
2024-11-13T04:28:12 1136080.008 INF 1136034 SleeperVolume -129, 59, 585: Restoring -123, 65, 588 (-8, 36) 'zombieTomClark', count 5
2024-11-13T04:28:15 1136083.563 INF 1136038 SleeperVolume -117, 59, 603: Restoring -117, 62, 607 (-8, 37) 'zombieMoe', count 5
2024-11-13T04:28:16 1136083.895 INF Time: 18933.97m FPS: 16.79 Heap: 1925.8MB Max: 3062.3MB Chunks: 1017 CGO: 70 Ply: 4 Zom: 7 Ent: 17 (126) Items: 2 CO: 4 RSS: 3687.0MB
2024-11-13T04:28:20 1136088.617 INF Entity zombieBurnt 2026 killed by CostaDelMars 171
2024-11-13T04:28:32 1136099.995 INF 1136054 SleeperVolume 539, 72, 57: Spawning 550, 73, 66 (34, 4), group 'sleeperHordeStageGS46', class zombieArlene, count 6
2024-11-13T04:28:32 1136100.085 INF 1136054 SleeperVolume 539, 72, 57: Spawning 548, 73, 67 (34, 4), group 'sleeperHordeStageGS46', class zombieMoe, count 6
2024-11-13T04:28:32 1136100.293 INF 1136055 SleeperVolume 539, 72, 57: Spawning 540, 73, 67 (33, 4), group 'sleeperHordeStageGS46', class zombieMarlene, count 6
2024-11-13T04:28:46 1136113.937 INF Time: 18934.47m FPS: 16.39 Heap: 1930.1MB Max: 3062.3MB Chunks: 1017 CGO: 60 Ply: 4 Zom: 7 Ent: 17 (129) Items: 2 CO: 4 RSS: 3687.0MB
2024-11-13T04:28:47 1136115.364 INF Entity zombieArlene 2039 killed by CostaDelMars 171
2024-11-13T04:28:51 1136119.325 INF Entity zombieMarlene 2041 killed by CostaDelMars 171
2024-11-13T04:28:53 1136120.925 INF 1136075 SleeperVolume -129, 59, 585: Restoring -123, 65, 588 (-8, 36) 'zombieTomClark', count 5
2024-11-13T04:28:53 1136121.664 INF 1136076 SleeperVolume -117, 59, 603: Restoring -117, 62, 607 (-8, 37) 'zombieMoe', count 5
2024-11-13T04:28:59 1136127.582 INF Entity zombieMoe 2040 killed by CostaDelMars 171
2024-11-13T04:29:08 1136136.468 INF DroneManager saving 0 (0 + 0)
2024-11-13T04:29:08 1136136.468 INF TurretTracker saving 0 (0 + 0)
2024-11-13T04:29:08 1136136.469 INF DroneManager saved 9 bytes
2024-11-13T04:29:08 1136136.469 INF TurretTracker saved 9 bytes
2024-11-13T04:29:16 1136143.987 INF Time: 18934.97m FPS: 16.97 Heap: 1936.3MB Max: 3062.3MB Chunks: 1017 CGO: 76 Ply: 4 Zom: 7 Ent: 19 (133) Items: 3 CO: 4 RSS: 3687.0MB
2024-11-13T04:29:16 1136144.082 INF [DECO] written 75729, in 13ms
2024-11-13T04:29:16 1136144.083 INF [DECO] write thread 1ms
2024-11-13T04:29:46 1136174.064 INF Time: 18935.47m FPS: 16.64 Heap: 1918.6MB Max: 3062.3MB Chunks: 1017 CGO: 73 Ply: 4 Zom: 8 Ent: 17 (126) Items: 1 CO: 4 RSS: 3687.9MB
2024-11-13T04:29:59 1136187.180 INF Entity zombieMarlene 2044 killed by directorfitz 172
2024-11-13T04:30:04 1136191.915 INF VehicleManager saving 0 (0 + 0)
2024-11-13T04:30:04 1136191.917 INF VehicleManager saved 9 bytes
2024-11-13T04:30:16 1136204.105 INF Time: 18935.97m FPS: 18.64 Heap: 1926.4MB Max: 3062.3MB Chunks: 1017 CGO: 83 Ply: 4 Zom: 7 Ent: 16 (127) Items: 1 CO: 4 RSS: 3687.9MB
2024-11-13T04:30:46 1136234.125 INF Time: 18936.47m FPS: 17.96 Heap: 1930.4MB Max: 3062.3MB Chunks: 1017 CGO: 100 Ply: 4 Zom: 9 Ent: 18 (130) Items: 1 CO: 4 RSS: 3687.9MB
2024-11-13T04:31:08 1136256.542 INF DroneManager saving 0 (0 + 0)
2024-11-13T04:31:08 1136256.542 INF TurretTracker saving 0 (0 + 0)
2024-11-13T04:31:08 1136256.542 INF DroneManager saved 9 bytes
2024-11-13T04:31:08 1136256.542 INF TurretTracker saved 9 bytes
2024-11-13T04:31:16 1136264.160 INF Time: 18936.97m FPS: 16.97 Heap: 1935.3MB Max: 3062.3MB Chunks: 1017 CGO: 96 Ply: 4 Zom: 9 Ent: 19 (132) Items: 2 CO: 4 RSS: 3689.0MB
2024-11-13T04:31:38 1136286.668 INF 22620278 Vehicle PostInit [type=EntityBicycle, name=vehicleBicycle, id=2054], (567.13, 61.13, 63.83) (chunk 35, 3), rbPos (0.00, 0.00, 0.00)
2024-11-13T04:31:46 1136294.204 INF Time: 18937.47m FPS: 16.66 Heap: 1920.7MB Max: 3062.3MB Chunks: 1017 CGO: 110 Ply: 4 Zom: 9 Ent: 20 (126) Items: 1 CO: 4 RSS: 3689.4MB
2024-11-13T04:31:48 1136296.667 INF VehicleManager saving 1 (1 + 0)
2024-11-13T04:31:48 1136296.668 INF 22620441 VehicleManager write #0, id 2054, vehicleBicycle, (557.6, 58.0, 8.4), chunk 34, 0
2024-11-13T04:31:48 1136296.668 INF VehicleManager saved 356 bytes
2024-11-13T04:32:16 1136324.296 INF Time: 18937.97m FPS: 17.18 Heap: 1924.1MB Max: 3062.3MB Chunks: 1017 CGO: 70 Ply: 4 Zom: 5 Ent: 10 (130) Items: 1 CO: 4 RSS: 3690.5MB
2024-11-13T04:32:16 1136324.535 INF [DECO] written 75729, in 21ms
2024-11-13T04:32:16 1136324.536 INF [DECO] write thread 1ms
2024-11-13T04:32:35 1136342.972 WRN Occlusion: RemoveEntity [type=EntityBicycle, name=vehicleBicycle, id=2054] missing
2024-11-13T04:32:35 1136342.972 INF 22621230 VehicleManager RemoveTrackedVehicle [type=EntityBicycle, name=vehicleBicycle, id=2054], Killed
2024-11-13T04:32:45 1136353.037 INF VehicleManager saving 0 (0 + 0)
2024-11-13T04:32:45 1136353.037 INF VehicleManager saved 9 bytes
2024-11-13T04:32:46 1136354.314 INF Time: 18938.47m FPS: 15.58 Heap: 2043.3MB Max: 3062.3MB Chunks: 1017 CGO: 94 Ply: 4 Zom: 9 Ent: 14 (139) Items: 1 CO: 4 RSS: 3692.0MB
2024-11-13T04:33:08 1136376.549 INF DroneManager saving 0 (0 + 0)
2024-11-13T04:33:08 1136376.549 INF TurretTracker saving 0 (0 + 0)
2024-11-13T04:33:08 1136376.550 INF DroneManager saved 9 bytes
2024-11-13T04:33:08 1136376.550 INF TurretTracker saved 9 bytes
2024-11-13T04:33:16 1136384.415 INF Player directorfitz disconnected after 136.2 minutes
2024-11-13T04:33:16 1136384.606 INF DynamicMusic: 172 successfully removed from Bloodmoon state cache
2024-11-13T04:33:16 1136384.606 INF Client disconnected from dy mesh: Id: 172 Total: 4
2024-11-13T04:33:16 1136384.606 INF Player disconnected: EntityID=172, PltfmId='Steam_76561198053631854', CrossId='EOS_000204481cce44489a328d6fcefc5fd7', OwnerID='Steam_76561198053631854', PlayerName='directorfitz', ClientNumber='6'
2024-11-13T04:33:16 1136384.606 INF Exited thread NCS_Writer_0_0
2024-11-13T04:33:16 1136384.606 INF Exited thread NCS_Reader_0_0
2024-11-13T04:33:16 1136384.606 INF Exited thread NCS_Writer_0_1
2024-11-13T04:33:16 1136384.606 INF Exited thread NCS_Reader_0_1
2024-11-13T04:33:16 1136384.606 INF [EOS-ACS] FreeUser: EntityID=172, PltfmId='Steam_76561198053631854', CrossId='EOS_000204481cce44489a328d6fcefc5fd7', OwnerID='Steam_76561198053631854', PlayerName='directorfitz', ClientNumber='6'
2024-11-13T04:33:16 1136384.606 INF GMSG: Player 'directorfitz' left the game
2024-11-13T04:33:16 1136384.614 INF NET: LiteNetLib: Client disconnect from: 173.92.204.14:61063 / 0 (DisconnectPeerCalled)
2024-11-13T04:33:16 1136384.614 INF NET: LiteNetLib: MT: Client disconnect from: 173.92.204.14:61063 / 0 (DisconnectPeerCalled)
2024-11-13T04:33:16 1136384.615 INF NET: LiteNetLib: Received package from an unknown client: 173.92.204.14:61063
2024-11-13T04:33:16 1136384.615 INF Time: 18938.98m FPS: 17.17 Heap: 2033.9MB Max: 3062.3MB Chunks: 1017 CGO: 90 Ply: 3 Zom: 9 Ent: 13 (127) Items: 0 CO: 3 RSS: 3692.0MB
2024-11-13T04:33:21 1136388.872 INF Player conceptxo disconnected after 7.5 minutes
2024-11-13T04:33:21 1136389.102 INF DynamicMusic: 675 successfully removed from Bloodmoon state cache
2024-11-13T04:33:21 1136389.102 INF Client disconnected from dy mesh: Id: 675 Total: 3
2024-11-13T04:33:21 1136389.102 INF Player disconnected: EntityID=675, PltfmId='Steam_76561197969472572', CrossId='EOS_00021eebf2db42e69d23b452b65f6d24', OwnerID='Steam_76561197969472572', PlayerName='conceptxo', ClientNumber='10'
2024-11-13T04:33:21 1136389.102 INF Exited thread NCS_Writer_1_0
2024-11-13T04:33:21 1136389.102 INF Exited thread NCS_Reader_1_0
2024-11-13T04:33:21 1136389.102 INF Exited thread NCS_Reader_1_1
2024-11-13T04:33:21 1136389.102 INF Exited thread NCS_Writer_1_1
2024-11-13T04:33:21 1136389.102 INF [EOS-ACS] FreeUser: EntityID=675, PltfmId='Steam_76561197969472572', CrossId='EOS_00021eebf2db42e69d23b452b65f6d24', OwnerID='Steam_76561197969472572', PlayerName='conceptxo', ClientNumber='10'
2024-11-13T04:33:21 1136389.103 INF GMSG: Player 'conceptxo' left the game
2024-11-13T04:33:21 1136389.103 INF NET: LiteNetLib: Client disconnect from: 173.92.69.216:54256 / 1 (DisconnectPeerCalled)
2024-11-13T04:33:21 1136389.103 INF NET: LiteNetLib: MT: Client disconnect from: 173.92.69.216:54256 / 1 (DisconnectPeerCalled)
2024-11-13T04:33:21 1136389.103 INF NET: LiteNetLib: Received package from an unknown client: 173.92.69.216:54256
2024-11-13T04:33:21 1136389.103 INF NET: LiteNetLib: Received package from an unknown client: 173.92.69.216:54256
2024-11-13T04:33:21 1136389.103 INF NET: LiteNetLib: Received package from an unknown client: 173.92.69.216:54256
2024-11-13T04:33:46 1136414.452 INF Time: 18939.48m FPS: 16.87 Heap: 1582.3MB Max: 3062.3MB Chunks: 630 CGO: 87 Ply: 2 Zom: 9 Ent: 12 (127) Items: 0 CO: 2 RSS: 2938.6MB
2024-11-13T04:34:16 1136444.523 INF Time: 18939.98m FPS: 17.06 Heap: 1647.8MB Max: 3062.3MB Chunks: 630 CGO: 95 Ply: 2 Zom: 9 Ent: 13 (128) Items: 0 CO: 2 RSS: 2938.6MB
2024-11-13T04:34:17 1136444.953 INF [DECO] written 75729, in 21ms
2024-11-13T04:34:17 1136444.954 INF [DECO] write thread 1ms
2024-11-13T04:34:45 1136473.066 INF VehicleManager saving 0 (0 + 0)
2024-11-13T04:34:45 1136473.068 INF VehicleManager saved 9 bytes
2024-11-13T04:34:46 1136474.551 INF Time: 18940.48m FPS: 17.37 Heap: 1650.3MB Max: 3062.3MB Chunks: 637 CGO: 78 Ply: 2 Zom: 8 Ent: 10 (128) Items: 0 CO: 2 RSS: 2938.6MB
2024-11-13T04:35:08 1136496.571 INF DroneManager saving 0 (0 + 0)
2024-11-13T04:35:08 1136496.571 INF TurretTracker saving 0 (0 + 0)
2024-11-13T04:35:08 1136496.572 INF DroneManager saved 9 bytes
2024-11-13T04:35:08 1136496.573 INF TurretTracker saved 9 bytes
2024-11-13T04:35:16 1136504.568 INF Time: 18940.98m FPS: 17.59 Heap: 1755.9MB Max: 3062.3MB Chunks: 647 CGO: 81 Ply: 2 Zom: 8 Ent: 11 (129) Items: 0 CO: 2 RSS: 2938.8MB
2024-11-13T04:35:26 1136513.934 INF 22624172 Vehicle PostInit [type=EntityBicycle, name=vehicleBicycle, id=2067], (270.52, 73.10, -207.66) (chunk 16, -13), rbPos (0.00, 0.00, 0.00)
2024-11-13T04:35:36 1136523.934 INF VehicleManager saving 1 (1 + 0)
2024-11-13T04:35:36 1136523.934 INF 22624345 VehicleManager write #0, id 2067, vehicleBicycle, (281.1, 73.8, -144.3), chunk 17, -10
2024-11-13T04:35:36 1136523.936 INF VehicleManager saved 356 bytes
2024-11-13T04:35:46 1136534.598 INF Time: 18941.48m FPS: 17.26 Heap: 1841.1MB Max: 3062.3MB Chunks: 663 CGO: 61 Ply: 2 Zom: 6 Ent: 11 (130) Items: 0 CO: 2 RSS: 2934.7MB
2024-11-13T04:36:08 1136556.575 INF 1136511 SleeperVolume 292, 61, 68: Restoring 294, 61, 71 (18, 4) 'animalSnake', count 3
2024-11-13T04:36:16 1136564.599 INF Time: 18941.98m FPS: 17.50 Heap: 1929.0MB Max: 3062.3MB Chunks: 664 CGO: 69 Ply: 2 Zom: 5 Ent: 11 (137) Items: 0 CO: 2 RSS: 2934.7MB
2024-11-13T04:36:17 1136565.091 INF [DECO] written 75729, in 17ms
2024-11-13T04:36:17 1136565.101 INF [DECO] write thread 9ms
2024-11-13T04:36:46 1136594.681 INF Time: 18942.48m FPS: 17.89 Heap: 1935.4MB Max: 3062.3MB Chunks: 664 CGO: 27 Ply: 2 Zom: 1 Ent: 4 (139) Items: 0 CO: 2 RSS: 2936.9MB
2024-11-13T04:37:08 1136616.666 INF DroneManager saving 0 (0 + 0)
2024-11-13T04:37:08 1136616.666 INF TurretTracker saving 0 (0 + 0)
2024-11-13T04:37:08 1136616.666 INF DroneManager saved 9 bytes
2024-11-13T04:37:08 1136616.666 INF TurretTracker saved 9 bytes
2024-11-13T04:37:16 1136624.703 INF Time: 18942.98m FPS: 18.31 Heap: 1937.7MB Max: 3062.3MB Chunks: 664 CGO: 17 Ply: 2 Zom: 1 Ent: 4 (141) Items: 0 CO: 2 RSS: 2939.0MB
2024-11-13T04:37:36 1136643.952 INF VehicleManager saving 1 (1 + 0)
2024-11-13T04:37:36 1136643.953 INF 22626507 VehicleManager write #0, id 2067, vehicleBicycle, (-125.2, 61.0, 378.9), chunk -8, 23
2024-11-13T04:37:36 1136643.954 INF VehicleManager saved 356 bytes
2024-11-13T04:37:40 1136648.386 INF MinEventLogMessage: XP gained during the last level:
2024-11-13T04:37:40 1136648.386 INF CVarLogValue: $xpFromLootThisLevel == 0
2024-11-13T04:37:40 1136648.386 INF CVarLogValue: $xpFromHarvestingThisLevel == 0
2024-11-13T04:37:40 1136648.386 INF CVarLogValue: $xpFromKillThisLevel == 0
2024-11-13T04:37:47 1136654.819 INF Time: 18943.49m FPS: 16.76 Heap: 1910.4MB Max: 3062.3MB Chunks: 664 CGO: 27 Ply: 2 Zom: 1 Ent: 5 (132) Items: 0 CO: 2 RSS: 2937.4MB
2024-11-13T04:38:17 1136684.868 INF Time: 18943.99m FPS: 18.35 Heap: 1911.1MB Max: 3062.3MB Chunks: 664 CGO: 27 Ply: 2 Zom: 1 Ent: 5 (133) Items: 0 CO: 2 RSS: 2937.4MB
2024-11-13T04:38:38 1136706.576 WRN Received NetPackageEntityRelPosAndRot with invalid entityId 2067 from EntityID=171, PltfmId='Steam_76561199036446150', CrossId='EOS_0002f1e01ad44091a9b0bde8c30901e7', OwnerID='Steam_76561199036446150', PlayerName='CostaDelMars', ClientNumber='9'
2024-11-13T04:38:42 1136709.921 WRN Occlusion: RemoveEntity [type=EntityBicycle, name=vehicleBicycle, id=2067] missing
2024-11-13T04:38:42 1136709.921 INF 22627702 VehicleManager RemoveTrackedVehicle [type=EntityBicycle, name=vehicleBicycle, id=2067], Killed
2024-11-13T04:38:47 1136714.915 INF Time: 18944.49m FPS: 18.19 Heap: 1912.0MB Max: 3062.3MB Chunks: 664 CGO: 36 Ply: 2 Zom: 2 Ent: 5 (134) Items: 0 CO: 2 RSS: 2937.6MB
2024-11-13T04:38:52 1136719.818 INF VehicleManager saving 0 (0 + 0)
2024-11-13T04:38:52 1136719.820 INF VehicleManager saved 9 bytes
2024-11-13T04:39:08 1136736.682 INF DroneManager saving 0 (0 + 0)
2024-11-13T04:39:08 1136736.683 INF TurretTracker saving 0 (0 + 0)
2024-11-13T04:39:08 1136736.683 INF DroneManager saved 9 bytes
2024-11-13T04:39:08 1136736.683 INF TurretTracker saved 9 bytes
2024-11-13T04:39:17 1136744.935 INF Time: 18944.99m FPS: 18.00 Heap: 1914.0MB Max: 3062.3MB Chunks: 664 CGO: 45 Ply: 2 Zom: 2 Ent: 5 (134) Items: 0 CO: 2 RSS: 2937.6MB
2024-11-13T04:39:47 1136774.969 INF Time: 18945.49m FPS: 17.86 Heap: 1910.3MB Max: 3062.3MB Chunks: 659 CGO: 45 Ply: 2 Zom: 2 Ent: 5 (131) Items: 0 CO: 2 RSS: 2934.5MB
2024-11-13T04:40:17 1136804.980 INF Time: 18945.99m FPS: 18.45 Heap: 1910.8MB Max: 3062.3MB Chunks: 659 CGO: 36 Ply: 2 Zom: 1 Ent: 4 (131) Items: 0 CO: 2 RSS: 2922.4MB
2024-11-13T04:40:47 1136835.063 INF Time: 18946.49m FPS: 17.97 Heap: 1911.6MB Max: 3062.3MB Chunks: 659 CGO: 34 Ply: 2 Zom: 1 Ent: 4 (131) Items: 0 CO: 2 RSS: 2922.4MB
2024-11-13T04:40:52 1136839.831 INF VehicleManager saving 0 (0 + 0)
2024-11-13T04:40:52 1136839.831 INF VehicleManager saved 9 bytes
2024-11-13T04:41:08 1136856.695 INF DroneManager saving 0 (0 + 0)
2024-11-13T04:41:08 1136856.695 INF TurretTracker saving 0 (0 + 0)
2024-11-13T04:41:08 1136856.697 INF DroneManager saved 9 bytes
2024-11-13T04:41:08 1136856.698 INF TurretTracker saved 9 bytes
2024-11-13T04:41:17 1136865.157 INF Time: 18946.99m FPS: 18.57 Heap: 1912.2MB Max: 3062.3MB Chunks: 659 CGO: 25 Ply: 2 Zom: 0 Ent: 3 (131) Items: 0 CO: 2 RSS: 2922.4MB
2024-11-13T04:41:47 1136895.167 INF Time: 18947.49m FPS: 18.47 Heap: 1908.1MB Max: 3062.3MB Chunks: 659 CGO: 27 Ply: 2 Zom: 1 Ent: 4 (130) Items: 0 CO: 2 RSS: 2911.2MB
2024-11-13T04:42:17 1136925.187 INF Time: 18947.99m FPS: 18.55 Heap: 1908.7MB Max: 3062.3MB Chunks: 659 CGO: 27 Ply: 2 Zom: 1 Ent: 4 (130) Items: 0 CO: 2 RSS: 2911.2MB
2024-11-13T04:42:47 1136955.207 INF Time: 18948.49m FPS: 18.82 Heap: 1909.3MB Max: 3062.3MB Chunks: 659 CGO: 27 Ply: 2 Zom: 1 Ent: 4 (130) Items: 0 CO: 2 RSS: 2911.2MB
2024-11-13T04:42:52 1136959.918 INF VehicleManager saving 0 (0 + 0)
2024-11-13T04:42:52 1136959.918 INF VehicleManager saved 9 bytes
2024-11-13T04:43:08 1136976.730 INF DroneManager saving 0 (0 + 0)
2024-11-13T04:43:08 1136976.730 INF TurretTracker saving 0 (0 + 0)
2024-11-13T04:43:08 1136976.732 INF DroneManager saved 9 bytes
2024-11-13T04:43:08 1136976.733 INF TurretTracker saved 9 bytes
2024-11-13T04:43:17 1136985.277 INF Time: 18948.99m FPS: 18.56 Heap: 1909.9MB Max: 3062.3MB Chunks: 659 CGO: 26 Ply: 2 Zom: 1 Ent: 4 (130) Items: 0 CO: 2 RSS: 2911.2MB
2024-11-13T04:43:21 1136989.301 INF Player CostaDelMars disconnected after 138.2 minutes
2024-11-13T04:43:21 1136989.507 INF DynamicMusic: 171 successfully removed from Bloodmoon state cache
2024-11-13T04:43:21 1136989.507 INF Client disconnected from dy mesh: Id: 171 Total: 3
2024-11-13T04:43:21 1136989.507 INF Player disconnected: EntityID=171, PltfmId='Steam_76561199036446150', CrossId='EOS_0002f1e01ad44091a9b0bde8c30901e7', OwnerID='Steam_76561199036446150', PlayerName='CostaDelMars', ClientNumber='9'
2024-11-13T04:43:21 1136989.507 INF Exited thread NCS_Writer_3_0
2024-11-13T04:43:21 1136989.507 INF Exited thread NCS_Reader_3_0
2024-11-13T04:43:21 1136989.507 INF Exited thread NCS_Writer_3_1
2024-11-13T04:43:21 1136989.507 INF Exited thread NCS_Reader_3_1
2024-11-13T04:43:21 1136989.507 INF [EOS-ACS] FreeUser: EntityID=171, PltfmId='Steam_76561199036446150', CrossId='EOS_0002f1e01ad44091a9b0bde8c30901e7', OwnerID='Steam_76561199036446150', PlayerName='CostaDelMars', ClientNumber='9'
2024-11-13T04:43:21 1136989.507 INF GMSG: Player 'CostaDelMars' left the game
2024-11-13T04:43:21 1136989.507 INF NET: LiteNetLib: Client disconnect from: 192.168.86.1:61156 / 3 (DisconnectPeerCalled)
2024-11-13T04:43:21 1136989.507 INF NET: LiteNetLib: MT: Client disconnect from: 192.168.86.1:61156 / 3 (DisconnectPeerCalled)
2024-11-13T04:43:21 1136989.512 INF NET: LiteNetLib: Received package from an unknown client: 192.168.86.1:61156
2024-11-13T04:43:36 1137004.601 INF AIDirector: Wandering StartSpawning Horde
2024-11-13T04:43:36 1137004.601 INF AIDirector: FindWanderingTargets at player '[type=EntityPlayer, name=Seegee417, id=1377]', dist 40.09268
2024-11-13T04:43:36 1137004.602 INF Party of 1, game stage 9, enemy max 6, bonus every 12
2024-11-13T04:43:36 1137004.602 INF Party members: 
2024-11-13T04:43:36 1137004.602 INF Player id 1377, gameStage 9
2024-11-13T04:43:36 1137004.729 INF AIDirector: Spawned wandering horde (group wanderingHordeStageGS8, zombie [type=EntityZombie, name=zombieBoe, id=2081])
2024-11-13T04:43:38 1137005.859 INF AIDirector: Spawned wandering horde (group wanderingHordeStageGS8, zombie [type=EntityZombie, name=zombieArlene, id=2082])
2024-11-13T04:43:39 1137007.054 INF AIDirector: Spawned wandering horde (group wanderingHordeStageGS8, zombie [type=EntityZombie, name=zombieNurse, id=2083])
2024-11-13T04:43:40 1137008.139 INF AIDirector: Spawned wandering horde (group wanderingHordeStageGS8, zombie [type=EntityZombie, name=zombieMoe, id=2084])
2024-11-13T04:43:41 1137009.303 INF AIDirector: Spawned wandering horde (group wanderingHordeStageGS8, zombie [type=EntityZombie, name=zombieYo, id=2085])
2024-11-13T04:43:42 1137010.341 INF AIDirector: Spawned wandering horde (group wanderingHordeStageGS8, zombie [type=EntityZombie, name=zombieArlene, id=2086])
2024-11-13T04:43:42 1137010.435 INF AIDirectorGameStagePartySpawner: groups done (1)
2024-11-13T04:43:47 1137015.350 INF Time: 18949.49m FPS: 18.06 Heap: 1622.6MB Max: 3062.3MB Chunks: 358 CGO: 40 Ply: 1 Zom: 7 Ent: 8 (131) Items: 0 CO: 7 RSS: 2742.3MB
2024-11-13T04:44:10 1137038.181 INF Entity zombieArlene 2082 killed
2024-11-13T04:44:10 1137038.248 INF AIDirector: Wandering horde zombie '[type=EntityZombie, name=zombieArlene, id=2082]' removed from control
2024-11-13T04:44:11 1137039.315 INF AIDirector: Wandering horde zombie '[type=EntityZombie, name=zombieBoe, id=2081]' removed from horde control. Was killed or investigating
2024-11-13T04:44:11 1137039.315 INF AIDirector: Wandering horde zombie '[type=EntityZombie, name=zombieBoe, id=2081]' removed from control
2024-11-13T04:44:11 1137039.477 INF AIDirector: Wandering horde zombie '[type=EntityZombie, name=zombieArlene, id=2086]' removed from horde control. Was killed or investigating
2024-11-13T04:44:11 1137039.477 INF AIDirector: Wandering horde zombie '[type=EntityZombie, name=zombieArlene, id=2086]' removed from control
2024-11-13T04:44:12 1137040.091 INF AIDirector: Wandering horde zombie '[type=EntityZombie, name=zombieNurse, id=2083]' removed from horde control. Was killed or investigating
2024-11-13T04:44:12 1137040.091 INF AIDirector: Wandering horde zombie '[type=EntityZombie, name=zombieNurse, id=2083]' removed from control
2024-11-13T04:44:12 1137040.733 INF AIDirector: Wandering horde zombie '[type=EntityZombie, name=zombieYo, id=2085]' removed from horde control. Was killed or investigating
2024-11-13T04:44:12 1137040.733 INF AIDirector: Wandering horde zombie '[type=EntityZombie, name=zombieYo, id=2085]' removed from control
2024-11-13T04:44:15 1137042.774 INF AIDirector: Wandering horde zombie '[type=EntityZombie, name=zombieMoe, id=2084]' removed from control
2024-11-13T04:44:15 1137042.851 INF AIDirector: Wandering spawner finished Horde
2024-11-13T04:44:16 1137044.561 INF Entity zombieNurse 2083 killed
2024-11-13T04:44:17 1137045.462 INF Time: 18950.00m FPS: 18.10 Heap: 1654.7MB Max: 3062.3MB Chunks: 358 CGO: 33 Ply: 1 Zom: 6 Ent: 10 (133) Items: 1 CO: 1 RSS: 2742.4MB
2024-11-13T04:44:19 1137047.481 INF Entity zombieArlene 2086 killed
2024-11-13T04:44:21 1137049.030 INF Entity zombieBoe 2081 killed by Seegee417 1377
2024-11-13T04:44:22 1137050.040 INF Entity zombieYo 2085 killed
2024-11-13T04:44:31 1137058.930 INF Entity zombieMoe 2084 killed by Seegee417 1377
2024-11-13T04:44:35 1137063.604 INF Player Seegee417 disconnected after 139.8 minutes
2024-11-13T04:44:36 1137063.775 INF DynamicMusic: 1377 successfully removed from Bloodmoon state cache
2024-11-13T04:44:36 1137063.775 INF Client disconnected from dy mesh: Id: 1377 Total: 2
2024-11-13T04:44:36 1137063.775 INF Player disconnected: EntityID=1377, PltfmId='Steam_76561198346392358', CrossId='EOS_00024a1acbf648c0a055194d215e49f5', OwnerID='Steam_76561198346392358', PlayerName='Seegee417', ClientNumber='8'
2024-11-13T04:44:36 1137063.775 INF Exited thread NCS_Writer_2_0
2024-11-13T04:44:36 1137063.775 INF Exited thread NCS_Reader_2_0
2024-11-13T04:44:36 1137063.775 INF Exited thread NCS_Reader_2_1
2024-11-13T04:44:36 1137063.775 INF [EOS-ACS] FreeUser: EntityID=1377, PltfmId='Steam_76561198346392358', CrossId='EOS_00024a1acbf648c0a055194d215e49f5', OwnerID='Steam_76561198346392358', PlayerName='Seegee417', ClientNumber='8'
2024-11-13T04:44:36 1137063.776 INF Exited thread NCS_Writer_2_1
2024-11-13T04:44:36 1137063.776 INF GMSG: Player 'Seegee417' left the game
2024-11-13T04:44:36 1137063.776 INF NET: LiteNetLib: Client disconnect from: 68.42.33.162:61548 / 2 (DisconnectPeerCalled)
2024-11-13T04:44:36 1137063.776 INF NET: LiteNetLib: MT: Client disconnect from: 68.42.33.162:61548 / 2 (DisconnectPeerCalled)
2024-11-13T04:44:36 1137063.778 INF NET: LiteNetLib: Received package from an unknown client: 68.42.33.162:61548
2024-11-13T04:44:36 1137063.778 INF NET: LiteNetLib: Received package from an unknown client: 68.42.33.162:61548
2024-11-13T04:44:36 1137063.778 INF NET: LiteNetLib: Received package from an unknown client: 68.42.33.162:61548
2024-11-13T04:44:43 1137071.568 INF Clearing all pools
2024-11-13T04:44:47 1137075.457 INF Time: 18950.50m FPS: 19.20 Heap: 1633.2MB Max: 3062.3MB Chunks: 358 CGO: 0 Ply: 0 Zom: 3 Ent: 0 (129) Items: 2 CO: 0 RSS: 2742.4MB
2024-11-14T03:03:08 1217375.869 WRN [EOS] [LogHttp - Warning] 0x60484c4ce8e0: HTTP request timed out after 30.00 seconds URL=https://api.epicgames.dev/anticheat/v6/service/status/
2024-11-14T03:03:08 1217375.870 WRN [EOS] [LogHttp - Warning] 0x60484c4ce8e0: request failed, libcurl error: 0 (No error)
2024-11-14T03:03:08 1217375.870 WRN [EOS] [LogHttp - Warning] 0x60484c4ce8e0: libcurl info message cache 0 (Found bundle for host: 0x7580a8027c90 [serially])
2024-11-14T03:03:08 1217375.871 WRN [EOS] [LogHttp - Warning] 0x60484c4ce8e0: libcurl info message cache 1 (Re-using existing connection with host api.epicgames.dev)
2024-11-14T03:03:08 1217375.871 WRN [EOS] [LogHttp - Warning] 0x60484c4ce8e0: libcurl info message cache 2 (Closing connection)
2024-11-14T03:03:08 1217375.871 WRN [EOS] [LogHttp - Warning] 0x60484c4ce8e0: libcurl info message cache 3 (TLSv1.3 (OUT), TLS alert, close notify (256):)
2024-11-14T03:03:08 1217375.871 WRN [EOS] [LogHttp - Warning] Retry exhausted on https://api.epicgames.dev/anticheat/v6/service/status/
2024-11-14T03:03:08 1217375.871 WRN [EOS] [LogEOS - Warning] Failed to connect to the backend. ServiceName=[AntiCheat], OperationName=[GameStatus], Url=[<Redacted>]
2024-11-14T03:03:38 1217406.032 WRN [EOS] [LogHttp - Warning] 0x6048501930a0: HTTP request timed out after 30.00 seconds URL=https://api.epicgames.dev/anticheat/v6/service/status/
2024-11-14T03:03:38 1217406.032 WRN [EOS] [LogHttp - Warning] 0x6048501930a0: request failed, libcurl error: 0 (No error)
2024-11-14T03:03:38 1217406.032 WRN [EOS] [LogHttp - Warning] 0x6048501930a0: libcurl info message cache 0 (Found bundle for host: 0x7580a8027c90 [serially])
2024-11-14T03:03:38 1217406.032 WRN [EOS] [LogHttp - Warning] 0x6048501930a0: libcurl info message cache 1 (Re-using existing connection with host api.epicgames.dev)
2024-11-14T03:03:38 1217406.032 WRN [EOS] [LogHttp - Warning] 0x6048501930a0: libcurl info message cache 2 (Closing connection)
2024-11-14T03:03:38 1217406.032 WRN [EOS] [LogHttp - Warning] 0x6048501930a0: libcurl info message cache 3 (TLSv1.3 (OUT), TLS alert, close notify (256):)
2024-11-14T03:03:38 1217406.032 WRN [EOS] [LogHttp - Warning] Retry exhausted on https://api.epicgames.dev/anticheat/v6/service/status/
2024-11-14T03:03:38 1217406.032 WRN [EOS] [LogEOS - Warning] Failed to connect to the backend. ServiceName=[AntiCheat], OperationName=[GameStatus], Url=[<Redacted>]
2024-11-14T03:04:08 1217435.994 WRN [EOS] [LogHttp - Warning] 0x60484c4ce8e0: HTTP request timed out after 30.00 seconds URL=https://api.epicgames.dev/anticheat/v6/service/status/
2024-11-14T03:04:08 1217435.994 WRN [EOS] [LogHttp - Warning] 0x60484c4ce8e0: request failed, libcurl error: 0 (No error)
2024-11-14T03:04:08 1217435.994 WRN [EOS] [LogHttp - Warning] 0x60484c4ce8e0: libcurl info message cache 0 (Found bundle for host: 0x7580a8027c90 [serially])
2024-11-14T03:04:08 1217435.994 WRN [EOS] [LogHttp - Warning] 0x60484c4ce8e0: libcurl info message cache 1 (Re-using existing connection with host api.epicgames.dev)
2024-11-14T03:04:08 1217435.994 WRN [EOS] [LogHttp - Warning] 0x60484c4ce8e0: libcurl info message cache 2 (Closing connection)
2024-11-14T03:04:08 1217435.995 WRN [EOS] [LogHttp - Warning] 0x60484c4ce8e0: libcurl info message cache 3 (TLSv1.3 (OUT), TLS alert, close notify (256):)
2024-11-14T03:04:08 1217435.995 WRN [EOS] [LogHttp - Warning] Retry exhausted on https://api.epicgames.dev/anticheat/v6/service/status/
2024-11-14T03:04:08 1217435.995 WRN [EOS] [LogEOS - Warning] Failed to connect to the backend. ServiceName=[AntiCheat], OperationName=[GameStatus], Url=[<Redacted>]
2024-11-14T03:04:08 1217436.102 WRN [EOS] [LogHttp - Warning] 0x6048501930a0: request has been successfully processed. URL: https://api.epicgames.dev/anticheat/v6/service/status/, HTTP code: 503, content length: 162, actual payload size: 162, elapsed: 0.03s
2024-11-14T03:04:08 1217436.112 WRN [EOS] [LogHttp - Warning] 0x6048501930a0 Response Header Date: Thu, 14 Nov 2024 02:04:08 GMT
2024-11-14T03:04:08 1217436.112 WRN [EOS] [LogHttp - Warning] 0x6048501930a0 Response Header Content-Type: text/html
2024-11-14T03:04:08 1217436.112 WRN [EOS] [LogHttp - Warning] 0x6048501930a0 Response Header Content-Length: 162
2024-11-14T03:04:08 1217436.112 WRN [EOS] [LogHttp - Warning] 0x6048501930a0 Response Header Connection: keep-alive
2024-11-14T03:04:08 1217436.112 WRN [EOS] [LogHttp - Warning] 0x6048501930a0 Response Header Server: eos-gateway
2024-11-14T03:04:08 1217436.112 WRN [EOS] [LogEOS - Warning] Error response received from backend. Response is not JSON. ServiceName=[AntiCheat], OperationName=[GameStatus], Url=[<Redacted>], HttpStatus=[503], CorrId=[]
2024-11-14T03:04:38 1217466.132 WRN [EOS] [LogHttp - Warning] 0x60484c4ce8e0: request has been successfully processed. URL: https://api.epicgames.dev/anticheat/v6/service/status/, HTTP code: 503, content length: 162, actual payload size: 162, elapsed: 0.03s
2024-11-14T03:04:38 1217466.132 WRN [EOS] [LogHttp - Warning] 0x60484c4ce8e0 Response Header Date: Thu, 14 Nov 2024 02:04:38 GMT
2024-11-14T03:04:38 1217466.132 WRN [EOS] [LogHttp - Warning] 0x60484c4ce8e0 Response Header Content-Type: text/html
2024-11-14T03:04:38 1217466.135 WRN [EOS] [LogEOS - Warning] Error response received from backend. Response is not JSON. ServiceName=[AntiCheat], OperationName=[GameStatus], Url=[<Redacted>], HttpStatus=[503], CorrId=[]
2024-11-14T03:05:08 1217496.184 WRN [EOS] [LogEOS - Warning] Error response received from backend. Response is not JSON. ServiceName=[AntiCheat], OperationName=[GameStatus], Url=[<Redacted>], HttpStatus=[503], CorrId=[]
2024-11-14T03:05:38 1217526.263 WRN [EOS] [LogEOS - Warning] Error response received from backend. Response is not JSON. ServiceName=[AntiCheat], OperationName=[GameStatus], Url=[<Redacted>], HttpStatus=[503], CorrId=[EOS-NUOqul5IWbJDLE-QF2xWfw-pXtkmFtLOLEKzmWSISYz7A]
2024-11-14T03:06:08 1217556.410 WRN [EOS] [LogEOS - Warning] Error response received from backend. Response is not JSON. ServiceName=[AntiCheat], OperationName=[GameStatus], Url=[<Redacted>], HttpStatus=[503], CorrId=[]
2024-11-14T03:06:38 1217586.423 WRN [EOS] [LogEOS - Warning] Error response received from backend. Response is not JSON. ServiceName=[AntiCheat], OperationName=[GameStatus], Url=[<Redacted>], HttpStatus=[503], CorrId=[]
