[UnityMemory] Configuration Parameters - Can be set up in boot.config
    "memorysetup-bucket-allocator-granularity=16"
    "memorysetup-bucket-allocator-bucket-count=8"
    "memorysetup-bucket-allocator-block-size=4194304"
    "memorysetup-bucket-allocator-block-count=1"
    "memorysetup-main-allocator-block-size=16777216"
    "memorysetup-thread-allocator-block-size=16777216"
    "memorysetup-gfx-main-allocator-block-size=16777216"
    "memorysetup-gfx-thread-allocator-block-size=16777216"
    "memorysetup-cache-allocator-block-size=4194304"
    "memorysetup-typetree-allocator-block-size=2097152"
    "memorysetup-profiler-bucket-allocator-granularity=16"
    "memorysetup-profiler-bucket-allocator-bucket-count=8"
    "memorysetup-profiler-bucket-allocator-block-size=4194304"
    "memorysetup-profiler-bucket-allocator-block-count=1"
    "memorysetup-profiler-allocator-block-size=16777216"
    "memorysetup-profiler-editor-allocator-block-size=1048576"
    "memorysetup-temp-allocator-size-main=4194304"
    "memorysetup-job-temp-allocator-block-size=2097152"
    "memorysetup-job-temp-allocator-block-size-background=1048576"
    "memorysetup-job-temp-allocator-reduction-small-platforms=262144"
    "memorysetup-allocator-temp-initial-block-size-main=262144"
    "memorysetup-allocator-temp-initial-block-size-worker=262144"
    "memorysetup-temp-allocator-size-background-worker=32768"
    "memorysetup-temp-allocator-size-job-worker=262144"
    "memorysetup-temp-allocator-size-preload-manager=262144"
    "memorysetup-temp-allocator-size-nav-mesh-worker=65536"
    "memorysetup-temp-allocator-size-audio-worker=65536"
    "memorysetup-temp-allocator-size-cloud-worker=32768"
    "memorysetup-temp-allocator-size-gfx=262144"
Mono path[0] = '/home/sdtdserver/serverfiles/7DaysToDieServer_Data/Managed'
Mono config path = '/home/sdtdserver/serverfiles/7DaysToDieServer_Data/MonoBleedingEdge/etc'
Shutdown handler: initialize.
Preloaded 'libEOSSDK-Linux-Shipping.so'
Preloaded 'libMagick.so'
Preloaded 'lib_burst_generated.so'
Preloaded 'libgetrss.so'
Preloaded 'libsteam_api.so'
Preloaded 'steamclient.so'
Unable to preload the following plugins:
	libMouseLib.so
[PhysX] Initialized MultithreadedTaskDispatcher with 20 workers.
Loading player data from /home/sdtdserver/serverfiles/7DaysToDieServer_Data/data.unity3d
Initialize engine version: 2022.3.50f1 (c3db7f8bf9b1)
[Subsystems] Discovering subsystems at path /home/sdtdserver/serverfiles/7DaysToDieServer_Data/UnitySubsystems
Forcing GfxDevice: Null
GfxDevice: creating device client; threaded=0; jobified=0
NullGfxDevice:
    Version:  NULL 1.0 [1.0]
    Renderer: Null Device
    Vendor:   Unity Technologies
Begin MonoManager ReloadAssembly
- Loaded All Assemblies, in  0.114 seconds
- Finished resetting the current domain, in  0.001 seconds
ERROR: Shader Hidden/LandClaimBoundary shader is not supported on this GPU (none of subshaders/fallbacks are suitable)
ERROR: Shader Sprites/Default shader is not supported on this GPU (none of subshaders/fallbacks are suitable)
ERROR: Shader Sprites/Mask shader is not supported on this GPU (none of subshaders/fallbacks are suitable)
ERROR: Shader Legacy Shaders/VertexLit shader is not supported on this GPU (none of subshaders/fallbacks are suitable)
WARNING: Shader Unsupported: 'Legacy Shaders/Diffuse' - All subshaders removed
WARNING: Shader Did you use #pragma only_renderers and omit this platform?
WARNING: Shader If subshaders removal was intentional, you may have forgotten turning Fallback off?
ERROR: Shader Legacy Shaders/Diffuse shader is not supported on this GPU (none of subshaders/fallbacks are suitable)
WARNING: Shader Unsupported: 'Legacy Shaders/Diffuse' - All subshaders removed
WARNING: Shader Did you use #pragma only_renderers and omit this platform?
WARNING: Shader If subshaders removal was intentional, you may have forgotten turning Fallback off?
WARNING: Shader Unsupported: '7DTD/Cube_UI_Glow' - All subshaders removed
WARNING: Shader Did you use #pragma only_renderers and omit this platform?
WARNING: Shader If subshaders removal was intentional, you may have forgotten turning Fallback off?
ERROR: Shader 7DTD/Cube_UI_Glow shader is not supported on this GPU (none of subshaders/fallbacks are suitable)
WARNING: Shader Unsupported: '7DTD/Cube_UI_Glow' - All subshaders removed
WARNING: Shader Did you use #pragma only_renderers and omit this platform?
WARNING: Shader If subshaders removal was intentional, you may have forgotten turning Fallback off?
WARNING: Shader Unsupported: '7DTD/Cube_UI_Frame' - All subshaders removed
WARNING: Shader Did you use #pragma only_renderers and omit this platform?
WARNING: Shader If subshaders removal was intentional, you may have forgotten turning Fallback off?
ERROR: Shader 7DTD/Cube_UI_Frame shader is not supported on this GPU (none of subshaders/fallbacks are suitable)
WARNING: Shader Unsupported: '7DTD/Cube_UI_Frame' - All subshaders removed
WARNING: Shader Did you use #pragma only_renderers and omit this platform?
WARNING: Shader If subshaders removal was intentional, you may have forgotten turning Fallback off?
ERROR: Shader Unlit/Transparent Colored shader is not supported on this GPU (none of subshaders/fallbacks are suitable)
ERROR: Shader GUI/Text Shader shader is not supported on this GPU (none of subshaders/fallbacks are suitable)
[PhysX] Initialized MultithreadedTaskDispatcher with 20 workers.
UnloadTime: 0.540512 ms
2025-08-01T16:43:54 0.000 ERR [GameEntrypoint] Blocking initialization in Awake!
2025-08-01T16:43:54 0.032 INF Version: V 1.3 (b9) Compatibility Version: V 1.3, Build: LinuxServer 64 Bit
2025-08-01T16:43:54 0.041 INF System information:
2025-08-01T16:43:54 0.041 INF    OS: Linux 6.14 Ubuntu 24.04 64bit
2025-08-01T16:43:54 0.042 INF    CPU: 12th Gen Intel(R) Core(TM) i7-12700K (cores: 20)
2025-08-01T16:43:54 0.042 INF    RAM: 64056 MB
2025-08-01T16:43:54 0.042 INF    GPU: Null Device (128 MB)
2025-08-01T16:43:54 0.044 INF    Graphics API: NULL 1.0 [1.0] (shader level 3.0)
2025-08-01T16:43:54 0.046 INF Local UTC offset: 2 hours
2025-08-01T16:43:54 0.064 INF Command line arguments: ./7DaysToDieServer.x86_64 -quit -batchmode -nographics -dedicated -configfile=/home/sdtdserver/serverfiles/sdtdserver.xml
2025-08-01T16:43:54 0.071 INF Parsing server configfile: /home/sdtdserver/serverfiles/sdtdserver.xml
2025-08-01T16:43:54 0.095 INF Parsing server configfile successfully completed
2025-08-01T16:43:54 0.095 INF UserDataFolder: /home/sdtdserver/.local/share/7DaysToDie
2025-08-01T16:43:54 0.097 INF [Platform] Init
2025-08-01T16:43:54 0.123 INF [Platform] Using native platform: Steam
2025-08-01T16:43:54 0.124 INF [Platform] Using cross platform: EOS
2025-08-01T16:43:54 0.124 INF [Platform] Using server platform: Steam
2025-08-01T16:43:54 0.124 INF [Platform] Using server platform: XBL
2025-08-01T16:43:54 0.124 INF [Platform] Using server platform: PSN
2025-08-01T16:43:54 0.127 INF Starting PlayerInputManager...
2025-08-01T16:43:54 0.128 INF InControl (version 1.8.9 build 9376, native module = False, XInput = False)
2025-08-01T16:43:54 0.130 INF InControl (version 1.8.9 build 9376)
2025-08-01T16:43:54 0.227 INF UnityInputDeviceManager enabled.
2025-08-01T16:43:54 0.240 INF [Platform] Initializing Steam
2025-08-01T16:43:54 0.253 INF [Platform] Initializing EOS
2025-08-01T16:43:54 0.278 INF [EOS] Initialize: Success
2025-08-01T16:43:54 0.301 INF [Platform] Initializing XBL
2025-08-01T16:43:54 0.301 INF [Platform] Initializing PSN
2025-08-01T16:43:54 0.302 INF [SaveDataUtils] InitStatic Begin
2025-08-01T16:43:54 0.303 INF [SaveDataUtils] SdPlayerPrefs -> Unity
2025-08-01T16:43:54 0.303 INF [SaveDataUtils] InitStatic Complete
2025-08-01T16:43:54 0.304 INF Last played version: V 1.3
2025-08-01T16:43:54 0.306 INF Starting dedicated server level=RWG game name=ChickenNoodleSoup
2025-08-01T16:43:54 0.306 INF Maximum allowed players: 8
2025-08-01T16:43:54 0.306 INF Game mode: GameModeSurvival
2025-08-01T16:43:54 0.306 INF Crossplay: True
2025-08-01T16:43:54 0.497 INF Localization language from prefs: english
2025-08-01T16:43:54 0.505 INF Awake IsFocused: True
2025-08-01T16:43:54 0.505 INF Awake
2025-08-01T16:43:54 0.632 INF Dedicated server only build
ERROR: Shader Occlusion/DepthCopy shader is not supported on this GPU (none of subshaders/fallbacks are suitable)
WARNING: Shader Unsupported: 'Standard' - All subshaders removed
WARNING: Shader Did you use #pragma only_renderers and omit this platform?
WARNING: Shader If subshaders removal was intentional, you may have forgotten turning Fallback off?
ERROR: Shader Standard shader is not supported on this GPU (none of subshaders/fallbacks are suitable)
WARNING: Shader Unsupported: 'Standard' - All subshaders removed
WARNING: Shader Did you use #pragma only_renderers and omit this platform?
WARNING: Shader If subshaders removal was intentional, you may have forgotten turning Fallback off?
2025-08-01T16:43:55 0.655 INF Occlusion: Awake
2025-08-01T16:43:55 0.656 INF Texture quality is set to 3
ERROR: Shader Legacy Shaders/VertexLit shader is not supported on this GPU (none of subshaders/fallbacks are suitable)
WARNING: Shader Unsupported: 'Legacy Shaders/Diffuse' - All subshaders removed
WARNING: Shader Did you use #pragma only_renderers and omit this platform?
WARNING: Shader If subshaders removal was intentional, you may have forgotten turning Fallback off?
ERROR: Shader Legacy Shaders/Diffuse shader is not supported on this GPU (none of subshaders/fallbacks are suitable)
WARNING: Shader Unsupported: 'Legacy Shaders/Diffuse' - All subshaders removed
WARNING: Shader Did you use #pragma only_renderers and omit this platform?
WARNING: Shader If subshaders removal was intentional, you may have forgotten turning Fallback off?
WARNING: Shader Unsupported: 'Game/Entity Tint Mask' - All subshaders removed
WARNING: Shader Did you use #pragma only_renderers and omit this platform?
WARNING: Shader If subshaders removal was intentional, you may have forgotten turning Fallback off?
ERROR: Shader Game/Entity Tint Mask shader is not supported on this GPU (none of subshaders/fallbacks are suitable)
WARNING: Shader Unsupported: 'Game/Entity Tint Mask' - All subshaders removed
WARNING: Shader Did you use #pragma only_renderers and omit this platform?
WARNING: Shader If subshaders removal was intentional, you may have forgotten turning Fallback off?
2025-08-01T16:43:55 0.716 INF [MODS] Start loading from: '/home/sdtdserver/serverfiles/7DaysToDieServer_Data/../Mods'
2025-08-01T16:43:55 0.720 INF [MODS]   Trying to load from folder: '0_TFP_Harmony'
2025-08-01T16:43:55 0.732 INF [MODS]     Loaded Mod: TFP_Harmony (1.1.0.4)
2025-08-01T16:43:55 0.732 INF [MODS]   Trying to load from folder: 'TFP_CommandExtensions'
2025-08-01T16:43:55 0.733 INF [MODS]     Loaded Mod: TFP_CommandExtensions (1.1.0.1)
2025-08-01T16:43:55 0.733 INF [MODS]   Trying to load from folder: 'TFP_MapRendering'
2025-08-01T16:43:55 0.733 INF [MODS]     Loaded Mod: TFP_MapRendering (1.1.0.0)
2025-08-01T16:43:55 0.733 INF [MODS]   Trying to load from folder: 'TFP_WebServer'
2025-08-01T16:43:55 0.737 INF [MODS]     Loaded Mod: TFP_WebServer (1.1.0.4)
2025-08-01T16:43:55 0.737 INF [MODS]   Trying to load from folder: 'Xample_MarkersMod'
2025-08-01T16:43:55 0.737 INF [MODS]     Loaded Mod: TFP_MarkersExample (1.1.0.0)
2025-08-01T16:43:55 0.738 INF [MODS] Initializing mod code
2025-08-01T16:43:55 0.738 INF [MODS]   Initializing mod TFP_Harmony
2025-08-01T16:43:55 0.748 INF [MODS]     Found ModAPI in TfpHarmony.dll, creating instance
2025-08-01T16:43:55 0.748 INF [MODS]       [Harmony] Init done
Fallback handler could not load library /home/sdtdserver/serverfiles/7DaysToDieServer_Data/MonoBleedingEdge/x86_64/data-0x5687eb5d82b0.so
2025-08-01T16:43:55 0.959 INF [MODS]     Initialized code in mod 'TFP_Harmony' from DLL 'TfpHarmony.dll'
2025-08-01T16:43:55 0.959 INF [MODS]   Initializing mod TFP_CommandExtensions
2025-08-01T16:43:55 0.959 INF [MODS]     Found ModAPI in CommandExtensions.dll, creating instance
2025-08-01T16:43:55 0.959 INF [MODS]     Initialized code in mod 'TFP_CommandExtensions' from DLL 'CommandExtensions.dll'
2025-08-01T16:43:55 0.959 INF [MODS]   Initializing mod TFP_MapRendering
2025-08-01T16:43:55 0.960 INF [MODS]     Found ModAPI in MapRendering.dll, creating instance
2025-08-01T16:43:55 0.960 INF [MODS]     Initialized code in mod 'TFP_MapRendering' from DLL 'MapRendering.dll'
2025-08-01T16:43:55 0.960 INF [MODS]   Initializing mod TFP_WebServer
2025-08-01T16:43:55 0.961 INF [MODS]     Found ModAPI in WebServer.dll, creating instance
2025-08-01T16:43:55 0.972 INF [MODS]     Initialized code in mod 'TFP_WebServer' from DLL 'WebServer.dll'
2025-08-01T16:43:55 0.972 INF [MODS]   Initializing mod TFP_MarkersExample
2025-08-01T16:43:55 0.972 INF [MODS]     Found ModAPI in MarkersMod.dll, creating instance
2025-08-01T16:43:55 0.972 INF [MODS]     Initialized code in mod 'TFP_MarkersExample' from DLL 'MarkersMod.dll'
2025-08-01T16:43:55 0.972 INF [MODS] Loading done
2025-08-01T16:43:55 0.983 INF Loading permissions file at '/home/sdtdserver/.local/share/7DaysToDie/Saves/serveradmin.xml'
2025-08-01T16:43:55 0.996 INF Loading permissions file done.
WARNING: Shader Unsupported: 'Game Particles/partPyro_template_lit_B' - All subshaders removed
WARNING: Shader Did you use #pragma only_renderers and omit this platform?
WARNING: Shader If subshaders removal was intentional, you may have forgotten turning Fallback off?
ERROR: Shader Game Particles/partPyro_template_lit_B shader is not supported on this GPU (none of subshaders/fallbacks are suitable)
WARNING: Shader Unsupported: 'Game Particles/partPyro_template_lit_B' - All subshaders removed
WARNING: Shader Did you use #pragma only_renderers and omit this platform?
WARNING: Shader If subshaders removal was intentional, you may have forgotten turning Fallback off?
WARNING: Shader Unsupported: 'Game Particles/partPyro_fireShader_A' - All subshaders removed
WARNING: Shader Did you use #pragma only_renderers and omit this platform?
WARNING: Shader If subshaders removal was intentional, you may have forgotten turning Fallback off?
ERROR: Shader Game Particles/partPyro_fireShader_A shader is not supported on this GPU (none of subshaders/fallbacks are suitable)
WARNING: Shader Unsupported: 'Game Particles/partPyro_fireShader_A' - All subshaders removed
WARNING: Shader Did you use #pragma only_renderers and omit this platform?
WARNING: Shader If subshaders removal was intentional, you may have forgotten turning Fallback off?
ERROR: Shader Legacy Shaders/Particles/Additive shader is not supported on this GPU (none of subshaders/fallbacks are suitable)
WARNING: Shader Unsupported: 'Standard' - All subshaders removed
WARNING: Shader Did you use #pragma only_renderers and omit this platform?
WARNING: Shader If subshaders removal was intentional, you may have forgotten turning Fallback off?
ERROR: Shader Standard shader is not supported on this GPU (none of subshaders/fallbacks are suitable)
WARNING: Shader Unsupported: 'Standard' - All subshaders removed
WARNING: Shader Did you use #pragma only_renderers and omit this platform?
WARNING: Shader If subshaders removal was intentional, you may have forgotten turning Fallback off?
WARNING: Shader Unsupported: 'Game Particles/bloodShader_T' - All subshaders removed
WARNING: Shader Did you use #pragma only_renderers and omit this platform?
WARNING: Shader If subshaders removal was intentional, you may have forgotten turning Fallback off?
ERROR: Shader Game Particles/bloodShader_T shader is not supported on this GPU (none of subshaders/fallbacks are suitable)
WARNING: Shader Unsupported: 'Game Particles/bloodShader_T' - All subshaders removed
WARNING: Shader Did you use #pragma only_renderers and omit this platform?
WARNING: Shader If subshaders removal was intentional, you may have forgotten turning Fallback off?
WARNING: Shader Unsupported: 'Game Particles/bloodShader_spec_T' - All subshaders removed
WARNING: Shader Did you use #pragma only_renderers and omit this platform?
WARNING: Shader If subshaders removal was intentional, you may have forgotten turning Fallback off?
ERROR: Shader Game Particles/bloodShader_spec_T shader is not supported on this GPU (none of subshaders/fallbacks are suitable)
WARNING: Shader Unsupported: 'Game Particles/bloodShader_spec_T' - All subshaders removed
WARNING: Shader Did you use #pragma only_renderers and omit this platform?
WARNING: Shader If subshaders removal was intentional, you may have forgotten turning Fallback off?
ERROR: Shader Game Particles/bloodShader_U shader is not supported on this GPU (none of subshaders/fallbacks are suitable)
WARNING: Shader Unsupported: 'Game Particles/bloodShader_O' - All subshaders removed
WARNING: Shader Did you use #pragma only_renderers and omit this platform?
WARNING: Shader If subshaders removal was intentional, you may have forgotten turning Fallback off?
ERROR: Shader Game Particles/bloodShader_O shader is not supported on this GPU (none of subshaders/fallbacks are suitable)
WARNING: Shader Unsupported: 'Game Particles/bloodShader_O' - All subshaders removed
WARNING: Shader Did you use #pragma only_renderers and omit this platform?
WARNING: Shader If subshaders removal was intentional, you may have forgotten turning Fallback off?
WARNING: Shader Unsupported: 'Particles/Standard Surface' - All subshaders removed
WARNING: Shader Did you use #pragma only_renderers and omit this platform?
WARNING: Shader If subshaders removal was intentional, you may have forgotten turning Fallback off?
ERROR: Shader Particles/Standard Surface shader is not supported on this GPU (none of subshaders/fallbacks are suitable)
WARNING: Shader Unsupported: 'Particles/Standard Surface' - All subshaders removed
WARNING: Shader Did you use #pragma only_renderers and omit this platform?
WARNING: Shader If subshaders removal was intentional, you may have forgotten turning Fallback off?
WARNING: Shader Unsupported: 'Autodesk Interactive' - All subshaders removed
WARNING: Shader Did you use #pragma only_renderers and omit this platform?
WARNING: Shader If subshaders removal was intentional, you may have forgotten turning Fallback off?
ERROR: Shader Autodesk Interactive shader is not supported on this GPU (none of subshaders/fallbacks are suitable)
WARNING: Shader Unsupported: 'Autodesk Interactive' - All subshaders removed
WARNING: Shader Did you use #pragma only_renderers and omit this platform?
WARNING: Shader If subshaders removal was intentional, you may have forgotten turning Fallback off?
WARNING: Shader Unsupported: 'Game/Autodesk XFade' - All subshaders removed
WARNING: Shader Did you use #pragma only_renderers and omit this platform?
WARNING: Shader If subshaders removal was intentional, you may have forgotten turning Fallback off?
ERROR: Shader Game/Autodesk XFade shader is not supported on this GPU (none of subshaders/fallbacks are suitable)
WARNING: Shader Unsupported: 'Game/Autodesk XFade' - All subshaders removed
WARNING: Shader Did you use #pragma only_renderers and omit this platform?
WARNING: Shader If subshaders removal was intentional, you may have forgotten turning Fallback off?
WARNING: Shader Unsupported: '7DTD/7DTD_Glass' - All subshaders removed
WARNING: Shader Did you use #pragma only_renderers and omit this platform?
WARNING: Shader If subshaders removal was intentional, you may have forgotten turning Fallback off?
ERROR: Shader 7DTD/7DTD_Glass shader is not supported on this GPU (none of subshaders/fallbacks are suitable)
WARNING: Shader Unsupported: '7DTD/7DTD_Glass' - All subshaders removed
WARNING: Shader Did you use #pragma only_renderers and omit this platform?
WARNING: Shader If subshaders removal was intentional, you may have forgotten turning Fallback off?
WARNING: Shader Unsupported: '7DTD/7DTD_Fire' - All subshaders removed
WARNING: Shader Did you use #pragma only_renderers and omit this platform?
WARNING: Shader If subshaders removal was intentional, you may have forgotten turning Fallback off?
ERROR: Shader 7DTD/7DTD_Fire shader is not supported on this GPU (none of subshaders/fallbacks are suitable)
WARNING: Shader Unsupported: '7DTD/7DTD_Fire' - All subshaders removed
WARNING: Shader Did you use #pragma only_renderers and omit this platform?
WARNING: Shader If subshaders removal was intentional, you may have forgotten turning Fallback off?
WARNING: Shader Unsupported: 'Game Particles/shader_gas_unlit' - All subshaders removed
WARNING: Shader Did you use #pragma only_renderers and omit this platform?
WARNING: Shader If subshaders removal was intentional, you may have forgotten turning Fallback off?
ERROR: Shader Game Particles/shader_gas_unlit shader is not supported on this GPU (none of subshaders/fallbacks are suitable)
WARNING: Shader Unsupported: 'Game Particles/shader_gas_unlit' - All subshaders removed
WARNING: Shader Did you use #pragma only_renderers and omit this platform?
WARNING: Shader If subshaders removal was intentional, you may have forgotten turning Fallback off?
ERROR: Shader Legacy Shaders/Particles/Alpha Blended Premultiply shader is not supported on this GPU (none of subshaders/fallbacks are suitable)
ERROR: Shader Particles/Blood_Particle shader is not supported on this GPU (none of subshaders/fallbacks are suitable)
WARNING: Shader Unsupported: 'Game Particles/vomitShader_T' - All subshaders removed
WARNING: Shader Did you use #pragma only_renderers and omit this platform?
WARNING: Shader If subshaders removal was intentional, you may have forgotten turning Fallback off?
ERROR: Shader Game Particles/vomitShader_T shader is not supported on this GPU (none of subshaders/fallbacks are suitable)
WARNING: Shader Unsupported: 'Game Particles/vomitShader_T' - All subshaders removed
WARNING: Shader Did you use #pragma only_renderers and omit this platform?
WARNING: Shader If subshaders removal was intentional, you may have forgotten turning Fallback off?
ERROR: Shader Legacy/AlphaSelfIllum shader is not supported on this GPU (none of subshaders/fallbacks are suitable)
WARNING: Shader Unsupported: 'Game Particles/barrelLiquidShader' - All subshaders removed
WARNING: Shader Did you use #pragma only_renderers and omit this platform?
WARNING: Shader If subshaders removal was intentional, you may have forgotten turning Fallback off?
ERROR: Shader Game Particles/barrelLiquidShader shader is not supported on this GPU (none of subshaders/fallbacks are suitable)
WARNING: Shader Unsupported: 'Game Particles/barrelLiquidShader' - All subshaders removed
WARNING: Shader Did you use #pragma only_renderers and omit this platform?
WARNING: Shader If subshaders removal was intentional, you may have forgotten turning Fallback off?
WARNING: Shader Unsupported: 'Game Particles/partPyro_template_lit_C' - All subshaders removed
WARNING: Shader Did you use #pragma only_renderers and omit this platform?
WARNING: Shader If subshaders removal was intentional, you may have forgotten turning Fallback off?
ERROR: Shader Game Particles/partPyro_template_lit_C shader is not supported on this GPU (none of subshaders/fallbacks are suitable)
WARNING: Shader Unsupported: 'Game Particles/partPyro_template_lit_C' - All subshaders removed
WARNING: Shader Did you use #pragma only_renderers and omit this platform?
WARNING: Shader If subshaders removal was intentional, you may have forgotten turning Fallback off?
WARNING: Shader Unsupported: 'Particles/Standard Unlit' - All subshaders removed
WARNING: Shader Did you use #pragma only_renderers and omit this platform?
WARNING: Shader If subshaders removal was intentional, you may have forgotten turning Fallback off?
ERROR: Shader Particles/Standard Unlit shader is not supported on this GPU (none of subshaders/fallbacks are suitable)
WARNING: Shader Unsupported: 'Particles/Standard Unlit' - All subshaders removed
WARNING: Shader Did you use #pragma only_renderers and omit this platform?
WARNING: Shader If subshaders removal was intentional, you may have forgotten turning Fallback off?
WARNING: Shader Unsupported: 'Game Particles/Standard Surface' - All subshaders removed
WARNING: Shader Did you use #pragma only_renderers and omit this platform?
WARNING: Shader If subshaders removal was intentional, you may have forgotten turning Fallback off?
ERROR: Shader Game Particles/Standard Surface shader is not supported on this GPU (none of subshaders/fallbacks are suitable)
WARNING: Shader Unsupported: 'Game Particles/Standard Surface' - All subshaders removed
WARNING: Shader Did you use #pragma only_renderers and omit this platform?
WARNING: Shader If subshaders removal was intentional, you may have forgotten turning Fallback off?
WARNING: Shader Unsupported: 'Game Particles/gasGenericShader_A' - All subshaders removed
WARNING: Shader Did you use #pragma only_renderers and omit this platform?
WARNING: Shader If subshaders removal was intentional, you may have forgotten turning Fallback off?
ERROR: Shader Game Particles/gasGenericShader_A shader is not supported on this GPU (none of subshaders/fallbacks are suitable)
WARNING: Shader Unsupported: 'Game Particles/gasGenericShader_A' - All subshaders removed
WARNING: Shader Did you use #pragma only_renderers and omit this platform?
WARNING: Shader If subshaders removal was intentional, you may have forgotten turning Fallback off?
WARNING: Shader Unsupported: 'Game Particles/Unlit' - All subshaders removed
WARNING: Shader Did you use #pragma only_renderers and omit this platform?
WARNING: Shader If subshaders removal was intentional, you may have forgotten turning Fallback off?
ERROR: Shader Game Particles/Unlit shader is not supported on this GPU (none of subshaders/fallbacks are suitable)
WARNING: Shader Unsupported: 'Game Particles/Unlit' - All subshaders removed
WARNING: Shader Did you use #pragma only_renderers and omit this platform?
WARNING: Shader If subshaders removal was intentional, you may have forgotten turning Fallback off?
Couldn't create a Convex Mesh from source mesh "hull_forklift_tire" within the maximum polygons limit (256). The partial hull will be used. Consider simplifying your mesh.
ERROR: Shader Game/Transparent shader is not supported on this GPU (none of subshaders/fallbacks are suitable)
WARNING: Shader Unsupported: 'Legacy Shaders/Specular' - All subshaders removed
WARNING: Shader Did you use #pragma only_renderers and omit this platform?
WARNING: Shader If subshaders removal was intentional, you may have forgotten turning Fallback off?
ERROR: Shader Legacy Shaders/Specular shader is not supported on this GPU (none of subshaders/fallbacks are suitable)
WARNING: Shader Unsupported: 'Legacy Shaders/Specular' - All subshaders removed
WARNING: Shader Did you use #pragma only_renderers and omit this platform?
WARNING: Shader If subshaders removal was intentional, you may have forgotten turning Fallback off?
WARNING: Shader Unsupported: 'Legacy Shaders/Bumped Specular' - All subshaders removed
WARNING: Shader Did you use #pragma only_renderers and omit this platform?
WARNING: Shader If subshaders removal was intentional, you may have forgotten turning Fallback off?
ERROR: Shader Legacy Shaders/Bumped Specular shader is not supported on this GPU (none of subshaders/fallbacks are suitable)
WARNING: Shader Unsupported: 'Legacy Shaders/Bumped Specular' - All subshaders removed
WARNING: Shader Did you use #pragma only_renderers and omit this platform?
WARNING: Shader If subshaders removal was intentional, you may have forgotten turning Fallback off?
WARNING: Shader Unsupported: 'Game Particles/surfaceShader_particleEnhanced' - All subshaders removed
WARNING: Shader Did you use #pragma only_renderers and omit this platform?
WARNING: Shader If subshaders removal was intentional, you may have forgotten turning Fallback off?
ERROR: Shader Game Particles/surfaceShader_particleEnhanced shader is not supported on this GPU (none of subshaders/fallbacks are suitable)
WARNING: Shader Unsupported: 'Game Particles/surfaceShader_particleEnhanced' - All subshaders removed
WARNING: Shader Did you use #pragma only_renderers and omit this platform?
WARNING: Shader If subshaders removal was intentional, you may have forgotten turning Fallback off?
WARNING: Shader Unsupported: 'Standard (Specular setup)' - All subshaders removed
WARNING: Shader Did you use #pragma only_renderers and omit this platform?
WARNING: Shader If subshaders removal was intentional, you may have forgotten turning Fallback off?
ERROR: Shader Standard (Specular setup) shader is not supported on this GPU (none of subshaders/fallbacks are suitable)
WARNING: Shader Unsupported: 'Standard (Specular setup)' - All subshaders removed
WARNING: Shader Did you use #pragma only_renderers and omit this platform?
WARNING: Shader If subshaders removal was intentional, you may have forgotten turning Fallback off?
WARNING: Shader Unsupported: 'Game Particles/Lit' - All subshaders removed
WARNING: Shader Did you use #pragma only_renderers and omit this platform?
WARNING: Shader If subshaders removal was intentional, you may have forgotten turning Fallback off?
ERROR: Shader Game Particles/Lit shader is not supported on this GPU (none of subshaders/fallbacks are suitable)
WARNING: Shader Unsupported: 'Game Particles/Lit' - All subshaders removed
WARNING: Shader Did you use #pragma only_renderers and omit this platform?
WARNING: Shader If subshaders removal was intentional, you may have forgotten turning Fallback off?
WARNING: Shader Unsupported: 'Game Particles/Lit' - All subshaders removed
WARNING: Shader Did you use #pragma only_renderers and omit this platform?
WARNING: Shader If subshaders removal was intentional, you may have forgotten turning Fallback off?
ERROR: Shader Game Particles/Lit shader is not supported on this GPU (none of subshaders/fallbacks are suitable)
WARNING: Shader Unsupported: 'Game Particles/Lit' - All subshaders removed
WARNING: Shader Did you use #pragma only_renderers and omit this platform?
WARNING: Shader If subshaders removal was intentional, you may have forgotten turning Fallback off?
ERROR: Shader Legacy Shaders/Particles/Alpha Blended shader is not supported on this GPU (none of subshaders/fallbacks are suitable)
WARNING: Shader Unsupported: 'Game Particles/Unlit' - All subshaders removed
WARNING: Shader Did you use #pragma only_renderers and omit this platform?
WARNING: Shader If subshaders removal was intentional, you may have forgotten turning Fallback off?
ERROR: Shader Game Particles/Unlit shader is not supported on this GPU (none of subshaders/fallbacks are suitable)
WARNING: Shader Unsupported: 'Game Particles/Unlit' - All subshaders removed
WARNING: Shader Did you use #pragma only_renderers and omit this platform?
WARNING: Shader If subshaders removal was intentional, you may have forgotten turning Fallback off?
ERROR: Shader Legacy Shaders/Particles/Additive (Soft) shader is not supported on this GPU (none of subshaders/fallbacks are suitable)
WARNING: Shader Unsupported: 'Game/BasicUV_TA' - All subshaders removed
WARNING: Shader Did you use #pragma only_renderers and omit this platform?
WARNING: Shader If subshaders removal was intentional, you may have forgotten turning Fallback off?
ERROR: Shader Game/BasicUV_TA shader is not supported on this GPU (none of subshaders/fallbacks are suitable)
WARNING: Shader Unsupported: 'Game/BasicUV_TA' - All subshaders removed
WARNING: Shader Did you use #pragma only_renderers and omit this platform?
WARNING: Shader If subshaders removal was intentional, you may have forgotten turning Fallback off?
ERROR: Shader Shader Forge/PaintParticle shader is not supported on this GPU (none of subshaders/fallbacks are suitable)
ERROR: Shader Shader Forge/7DTD_Fire_New shader is not supported on this GPU (none of subshaders/fallbacks are suitable)
WARNING: Shader Unsupported: 'Legacy Shaders/Bumped Diffuse' - All subshaders removed
WARNING: Shader Did you use #pragma only_renderers and omit this platform?
WARNING: Shader If subshaders removal was intentional, you may have forgotten turning Fallback off?
ERROR: Shader Legacy Shaders/Bumped Diffuse shader is not supported on this GPU (none of subshaders/fallbacks are suitable)
WARNING: Shader Unsupported: 'Legacy Shaders/Bumped Diffuse' - All subshaders removed
WARNING: Shader Did you use #pragma only_renderers and omit this platform?
WARNING: Shader If subshaders removal was intentional, you may have forgotten turning Fallback off?
ERROR: Shader Legacy Shaders/Transparent/Cutout/VertexLit shader is not supported on this GPU (none of subshaders/fallbacks are suitable)
WARNING: Shader Unsupported: 'Legacy Shaders/Transparent/Cutout/Bumped Specular' - All subshaders removed
WARNING: Shader Did you use #pragma only_renderers and omit this platform?
WARNING: Shader If subshaders removal was intentional, you may have forgotten turning Fallback off?
ERROR: Shader Legacy Shaders/Transparent/Cutout/Bumped Specular shader is not supported on this GPU (none of subshaders/fallbacks are suitable)
WARNING: Shader Unsupported: 'Legacy Shaders/Transparent/Cutout/Bumped Specular' - All subshaders removed
WARNING: Shader Did you use #pragma only_renderers and omit this platform?
WARNING: Shader If subshaders removal was intentional, you may have forgotten turning Fallback off?
WARNING: Shader Unsupported: 'Legacy Shaders/Transparent/Cutout/Diffuse' - All subshaders removed
WARNING: Shader Did you use #pragma only_renderers and omit this platform?
WARNING: Shader If subshaders removal was intentional, you may have forgotten turning Fallback off?
ERROR: Shader Legacy Shaders/Transparent/Cutout/Diffuse shader is not supported on this GPU (none of subshaders/fallbacks are suitable)
WARNING: Shader Unsupported: 'Legacy Shaders/Transparent/Cutout/Diffuse' - All subshaders removed
WARNING: Shader Did you use #pragma only_renderers and omit this platform?
WARNING: Shader If subshaders removal was intentional, you may have forgotten turning Fallback off?
WARNING: Shader Unsupported: 'Legacy Shaders/Transparent/Cutout/Bumped Diffuse' - All subshaders removed
WARNING: Shader Did you use #pragma only_renderers and omit this platform?
WARNING: Shader If subshaders removal was intentional, you may have forgotten turning Fallback off?
ERROR: Shader Legacy Shaders/Transparent/Cutout/Bumped Diffuse shader is not supported on this GPU (none of subshaders/fallbacks are suitable)
WARNING: Shader Unsupported: 'Legacy Shaders/Transparent/Cutout/Bumped Diffuse' - All subshaders removed
WARNING: Shader Did you use #pragma only_renderers and omit this platform?
WARNING: Shader If subshaders removal was intentional, you may have forgotten turning Fallback off?
WARNING: Shader Unsupported: 'Game Particles/shader_gas_lit' - All subshaders removed
WARNING: Shader Did you use #pragma only_renderers and omit this platform?
WARNING: Shader If subshaders removal was intentional, you may have forgotten turning Fallback off?
ERROR: Shader Game Particles/shader_gas_lit shader is not supported on this GPU (none of subshaders/fallbacks are suitable)
WARNING: Shader Unsupported: 'Game Particles/shader_gas_lit' - All subshaders removed
WARNING: Shader Did you use #pragma only_renderers and omit this platform?
WARNING: Shader If subshaders removal was intentional, you may have forgotten turning Fallback off?
Couldn't create a Convex Mesh from source mesh "Head" within the maximum polygons limit (256). The partial hull will be used. Consider simplifying your mesh.
ERROR: Shader Game/ZombieDismembermentBloodcap shader is not supported on this GPU (none of subshaders/fallbacks are suitable)
WARNING: Shader Unsupported: 'Game Particles/Liquid' - All subshaders removed
WARNING: Shader Did you use #pragma only_renderers and omit this platform?
WARNING: Shader If subshaders removal was intentional, you may have forgotten turning Fallback off?
ERROR: Shader Game Particles/Liquid shader is not supported on this GPU (none of subshaders/fallbacks are suitable)
WARNING: Shader Unsupported: 'Game Particles/Liquid' - All subshaders removed
WARNING: Shader Did you use #pragma only_renderers and omit this platform?
WARNING: Shader If subshaders removal was intentional, you may have forgotten turning Fallback off?
WARNING: Shader Unsupported: 'Game/Autodesk' - All subshaders removed
WARNING: Shader Did you use #pragma only_renderers and omit this platform?
WARNING: Shader If subshaders removal was intentional, you may have forgotten turning Fallback off?
ERROR: Shader Game/Autodesk shader is not supported on this GPU (none of subshaders/fallbacks are suitable)
WARNING: Shader Unsupported: 'Game/Autodesk' - All subshaders removed
WARNING: Shader Did you use #pragma only_renderers and omit this platform?
WARNING: Shader If subshaders removal was intentional, you may have forgotten turning Fallback off?
WARNING: Shader Unsupported: 'Game/ZombieGibRadiation' - All subshaders removed
WARNING: Shader Did you use #pragma only_renderers and omit this platform?
WARNING: Shader If subshaders removal was intentional, you may have forgotten turning Fallback off?
ERROR: Shader Game/ZombieGibRadiation shader is not supported on this GPU (none of subshaders/fallbacks are suitable)
WARNING: Shader Unsupported: 'Game/ZombieGibRadiation' - All subshaders removed
WARNING: Shader Did you use #pragma only_renderers and omit this platform?
WARNING: Shader If subshaders removal was intentional, you may have forgotten turning Fallback off?
ERROR: Shader Game/Character shader is not supported on this GPU (none of subshaders/fallbacks are suitable)
WARNING: Shader Unsupported: 'Legacy Shaders/Reflective/VertexLit' - All subshaders removed
WARNING: Shader Did you use #pragma only_renderers and omit this platform?
WARNING: Shader If subshaders removal was intentional, you may have forgotten turning Fallback off?
ERROR: Shader Legacy Shaders/Reflective/VertexLit shader is not supported on this GPU (none of subshaders/fallbacks are suitable)
WARNING: Shader Unsupported: 'Legacy Shaders/Reflective/VertexLit' - All subshaders removed
WARNING: Shader Did you use #pragma only_renderers and omit this platform?
WARNING: Shader If subshaders removal was intentional, you may have forgotten turning Fallback off?
WARNING: Shader Unsupported: 'Legacy Shaders/Reflective/Bumped Diffuse' - All subshaders removed
WARNING: Shader Did you use #pragma only_renderers and omit this platform?
WARNING: Shader If subshaders removal was intentional, you may have forgotten turning Fallback off?
ERROR: Shader Legacy Shaders/Reflective/Bumped Diffuse shader is not supported on this GPU (none of subshaders/fallbacks are suitable)
WARNING: Shader Unsupported: 'Legacy Shaders/Reflective/Bumped Diffuse' - All subshaders removed
WARNING: Shader Did you use #pragma only_renderers and omit this platform?
WARNING: Shader If subshaders removal was intentional, you may have forgotten turning Fallback off?
WARNING: Shader Unsupported: 'Legacy Shaders/Reflective/Bumped Specular' - All subshaders removed
WARNING: Shader Did you use #pragma only_renderers and omit this platform?
WARNING: Shader If subshaders removal was intentional, you may have forgotten turning Fallback off?
ERROR: Shader Legacy Shaders/Reflective/Bumped Specular shader is not supported on this GPU (none of subshaders/fallbacks are suitable)
WARNING: Shader Unsupported: 'Legacy Shaders/Reflective/Bumped Specular' - All subshaders removed
WARNING: Shader Did you use #pragma only_renderers and omit this platform?
WARNING: Shader If subshaders removal was intentional, you may have forgotten turning Fallback off?
WARNING: Shader Unsupported: 'Game Particles/sparkShader' - All subshaders removed
WARNING: Shader Did you use #pragma only_renderers and omit this platform?
WARNING: Shader If subshaders removal was intentional, you may have forgotten turning Fallback off?
ERROR: Shader Game Particles/sparkShader shader is not supported on this GPU (none of subshaders/fallbacks are suitable)
WARNING: Shader Unsupported: 'Game Particles/sparkShader' - All subshaders removed
WARNING: Shader Did you use #pragma only_renderers and omit this platform?
WARNING: Shader If subshaders removal was intentional, you may have forgotten turning Fallback off?
ERROR: Shader Sprites/Default shader is not supported on this GPU (none of subshaders/fallbacks are suitable)
WARNING: Shader Unsupported: 'stainedGlass' - All subshaders removed
WARNING: Shader Did you use #pragma only_renderers and omit this platform?
WARNING: Shader If subshaders removal was intentional, you may have forgotten turning Fallback off?
ERROR: Shader stainedGlass shader is not supported on this GPU (none of subshaders/fallbacks are suitable)
WARNING: Shader Unsupported: 'stainedGlass' - All subshaders removed
WARNING: Shader Did you use #pragma only_renderers and omit this platform?
WARNING: Shader If subshaders removal was intentional, you may have forgotten turning Fallback off?
ERROR: Shader Hidden/Game/ChunkTransparent shader is not supported on this GPU (none of subshaders/fallbacks are suitable)
2025-08-01T16:43:56 1.706 INF Loaded (local): events in 0.01
2025-08-01T16:43:56 1.715 INF Loaded (local): rwgmixer in 0.01
2025-08-01T16:43:56 1.722 INF Loaded (local): archetypes in 0.01
2025-08-01T16:43:56 1.723 INF Loaded (local): loadingscreen in 0.00
2025-08-01T16:43:56 1.731 INF Added 1335 subtitle data entries and 3 speaker colors
2025-08-01T16:43:56 1.731 INF Loaded (local): subtitles in 0.00
2025-08-01T16:43:56 1.732 INF Loaded (local): videos in 0.00
2025-08-01T16:43:56 1.732 INF WorldStaticData.Init() needed 0.000s
2025-08-01T16:43:56 1.752 INF Started Telnet on 8081
2025-08-01T16:43:56 1.758 INF [PartyQuests] Initialized
2025-08-01T16:43:56 1.758 INF Awake done in 1252 ms
ERROR: Shader Unlit/Text shader is not supported on this GPU (none of subshaders/fallbacks are suitable)
2025-08-01T16:44:00 6.367 INF NET: Starting server protocols
2025-08-01T16:44:00 6.368 INF [NET] Disabling protocol: SteamNetworking
2025-08-01T16:44:00 6.386 INF NET: LiteNetLib server started
2025-08-01T16:44:00 6.386 INF [PlatformApplication] restart required = False
2025-08-01T16:44:00 6.386 INF StartGame
2025-08-01T16:44:00 6.387 INF NetPackageManager Init
2025-08-01T16:44:00 6.618 INF Persistent GamePrefs saved
GamePref.AdminFileName = serveradmin.xml
GamePref.AirDropFrequency = 72
GamePref.AirDropMarker = True
GamePref.AllowSpawnNearBackpack = True
GamePref.AutopilotMode = 0
GamePref.BedrollDeadZoneSize = 15
GamePref.BedrollExpiryTime = 45
GamePref.BlockDamageAI = 100
GamePref.BlockDamageAIBM = 100
GamePref.BlockDamagePlayer = 100
GamePref.BloodMoonEnemyCount = 8
GamePref.BloodMoonFrequency = 7
GamePref.BloodMoonRange = 0
GamePref.BloodMoonWarning = 8
GamePref.BuildCreate = False
GamePref.ConnectToServerIP = 127.0.0.1
GamePref.ConnectToServerPort = 26900
GamePref.CreateLevelDim = 4096
GamePref.CreateLevelName = My Level
GamePref.CreativeMenuEnabled = False
GamePref.DayCount = 3
GamePref.DayLightLength = 18
GamePref.DayNightLength = 60
GamePref.DeathPenalty = 1
GamePref.DebugMenuEnabled = False
GamePref.DebugMenuShowTasks = False
GamePref.DebugPanelsEnabled = -
GamePref.DebugStopEnemiesMoving = False
GamePref.DropOnDeath = 1
GamePref.DropOnQuit = 0
GamePref.DynamicMeshDistance = 1000
GamePref.DynamicMeshEnabled = True
GamePref.DynamicMeshLandClaimBuffer = 3
GamePref.DynamicMeshLandClaimOnly = True
GamePref.DynamicMeshMaxItemCache = 3
GamePref.DynamicMeshMaxRegionCache = 1
GamePref.DynamicMeshUseImposters = False
GamePref.DynamicSpawner = 
GamePref.EACEnabled = True
GamePref.EnableMapRendering = False
GamePref.EnemyDifficulty = 0
GamePref.EnemySpawnMode = True
GamePref.EulaLatestVersion = 0
GamePref.EulaVersionAccepted = -1
GamePref.FavoriteServersList = 
GamePref.FragLimit = 20
GamePref.GameDifficulty = 2
GamePref.GameGuidClient = 
GamePref.GameMode = GameModeSurvival
GamePref.GameName = ChickenNoodleSoup
GamePref.GameNameClient = My Game
GamePref.GameVersion = V 1.3
GamePref.GameWorld = New Jepoda Valley
GamePref.HideCommandExecutionLog = 0
GamePref.IgnoreEOSSanctions = False
GamePref.JoiningOptions = True
GamePref.LandClaimCount = 3
GamePref.LandClaimDeadZone = 30
GamePref.LandClaimDecayMode = 0
GamePref.LandClaimExpiryTime = 7
GamePref.LandClaimOfflineDelay = 0
GamePref.LandClaimOfflineDurabilityModifier = 4
GamePref.LandClaimOnlineDurabilityModifier = 4
GamePref.LandClaimSize = 41
GamePref.Language = English
GamePref.LanguageBrowser = 
GamePref.LastGameResetRevision = 0
GamePref.LastLoadedPrefab = 
GamePref.LastLoadingTipRead = -1
GamePref.LootAbundance = 100
GamePref.LootRespawnDays = 7
GamePref.LootTimer = 
GamePref.MatchLength = 10
GamePref.MaxChunkAge = -1
GamePref.MaxQueuedMeshLayers = 1000
GamePref.MaxSpawnedAnimals = 50
GamePref.MaxSpawnedZombies = 64
GamePref.MaxUncoveredMapChunksPerPlayer = 131072
GamePref.NoGraphicsMode = True
GamePref.OptionsAllowController = True
GamePref.OptionsAmbientVolumeLevel = 1
GamePref.OptionsAudioOcclusion = False
GamePref.OptionsBackgroundGlobalOpacity = 0.95
GamePref.OptionsChatCommunication = True
GamePref.OptionsControllerAimAssists = True
GamePref.OptionsControllerCursorHoverSensitivity = 0.5
GamePref.OptionsControllerCursorSnap = True
GamePref.OptionsControllerIconStyle = 0
GamePref.OptionsControllerJoystickLayout = 0
GamePref.OptionsControllerLookAcceleration = 4
GamePref.OptionsControllerLookAxisDeadzone = 0.1
GamePref.OptionsControllerLookInvert = False
GamePref.OptionsControllerMoveAxisDeadzone = 0.1
GamePref.OptionsControllerSensitivityX = 0.35
GamePref.OptionsControllerSensitivityY = 0.25
GamePref.OptionsControllerTriggerEffects = False
GamePref.OptionsControllerVehicleSensitivity = 1
GamePref.OptionsControllerVibration = True
GamePref.OptionsControllerVibrationStrength = 2
GamePref.OptionsControllerWeaponAiming = False
GamePref.OptionsControllerZoomSensitivity = 0.5
GamePref.OptionsControlsResetRevision = 0
GamePref.OptionsControlsSprintLock = True
GamePref.OptionsCrossplay = True
GamePref.OptionsDisableChunkLODs = False
GamePref.OptionsDisableXmlEvents = False
GamePref.OptionsDynamicMusicDailyTime = 0.45
GamePref.OptionsDynamicMusicEnabled = True
GamePref.OptionsFilterProfanity = False
GamePref.OptionsForegroundGlobalOpacity = 1
GamePref.OptionsGfxAA = 1
GamePref.OptionsGfxAASharpness = 0
GamePref.OptionsGfxBloom = True
GamePref.OptionsGfxBrightness = 0.5
GamePref.OptionsGfxDOF = False
GamePref.OptionsGfxDynamicMinFPS = 30
GamePref.OptionsGfxDynamicMode = 0
GamePref.OptionsGfxDynamicScale = 1
GamePref.OptionsGfxFOV = 65
GamePref.OptionsGfxGrassDistance = 1
GamePref.OptionsGfxLODDistance = 0.5
GamePref.OptionsGfxMotionBlur = 1
GamePref.OptionsGfxMotionBlurEnabled = True
GamePref.OptionsGfxObjQuality = 3
GamePref.OptionsGfxOcclusion = True
GamePref.OptionsGfxQualityPreset = 2
GamePref.OptionsGfxReflectQuality = 1
GamePref.OptionsGfxReflectShadows = False
GamePref.OptionsGfxResetRevision = 0
GamePref.OptionsGfxResolution = 0
GamePref.OptionsGfxShadowDistance = 1
GamePref.OptionsGfxShadowQuality = 1
GamePref.OptionsGfxSSAO = True
GamePref.OptionsGfxSSReflections = 1
GamePref.OptionsGfxStreamMipmaps = True
GamePref.OptionsGfxSunShafts = True
GamePref.OptionsGfxTerrainQuality = 3
GamePref.OptionsGfxTexFilter = 1
GamePref.OptionsGfxTexQuality = 1
GamePref.OptionsGfxTreeDistance = 4
GamePref.OptionsGfxViewDistance = 6
GamePref.OptionsGfxVsync = 1
GamePref.OptionsGfxWaterPtlLimiter = 0.5
GamePref.OptionsGfxWaterQuality = 1
GamePref.OptionsHudOpacity = 1
GamePref.OptionsHudSize = 1
GamePref.OptionsInterfaceSensitivity = 0.5
GamePref.OptionsIntroMovieEnabled = True
GamePref.OptionsInvertMouse = False
GamePref.OptionsJournalPopup = True
GamePref.OptionsLiteNetLibMtuOverride = False
GamePref.OptionsLookSensitivity = 0.5
GamePref.OptionsMenuMusicVolumeLevel = 0.7
GamePref.OptionsMicVolumeLevel = 0.75
GamePref.OptionsMumblePositionalAudioSupport = False
GamePref.OptionsMusicVolumeLevel = 0.6
GamePref.OptionsOverallAudioVolumeLevel = 1
GamePref.OptionsPlayChanceFrequency = 3
GamePref.OptionsPlayChanceProbability = 0.983
GamePref.OptionsPlayerModel = playerMale
GamePref.OptionsPlayerModelTexture = Player/Male/Player_male
GamePref.OptionsPOICulling = 1
GamePref.OptionsQuestsAutoAccept = True
GamePref.OptionsQuestsAutoShare = True
GamePref.OptionsScreenBoundsValue = 1
GamePref.OptionsSelectionBoxAlphaMultiplier = 0.4
GamePref.OptionsShowCompass = True
GamePref.OptionsShowConsoleButton = False
GamePref.OptionsShowCrosshair = True
GamePref.OptionsStabSpawnBlocksOnGround = True
GamePref.OptionsSubtitlesEnabled = False
GamePref.OptionsTempCelsius = False
GamePref.OptionsUiCompassUseEnglishCardinalDirections = False
GamePref.OptionsUiFpsScaling = 1
GamePref.OptionsVehicleLookSensitivity = 0.5
GamePref.OptionsVoiceChatEnabled = True
GamePref.OptionsVoiceInputDevice = 
GamePref.OptionsVoiceOutputDevice = 
GamePref.OptionsVoiceVolumeLevel = 0.75
GamePref.OptionsWeaponAiming = False
GamePref.OptionsZoomAccel = 0.5
GamePref.OptionsZoomSensitivity = 0.3
GamePref.PartySharedKillRange = 100
GamePref.PersistentPlayerProfiles = False
GamePref.PlayerAutologin = False
GamePref.PlayerKillingMode = 3
GamePref.PlayerName = Player
GamePref.PlayerSafeZoneHours = 5
GamePref.PlayerSafeZoneLevel = 5
GamePref.PlayerToken = 
GamePref.PlaytestBiome = 3
GamePref.QuestProgressionDailyLimit = 4
GamePref.RebuildMap = False
GamePref.Region = NorthAmericaEast
GamePref.SaveDataLimit = -1
GamePref.SaveDataLimitType = Unlimited
GamePref.SelectionContextMode = 0
GamePref.SelectionOperationMode = 0
GamePref.ServerAdminSlots = 0
GamePref.ServerAdminSlotsPermission = 0
GamePref.ServerAllowCrossplay = True
GamePref.ServerDescription = A CostaDelMars 7 Days to Die server
GamePref.ServerDisabledNetworkProtocols = SteamNetworking
GamePref.ServerEACPeerToPeer = True
GamePref.ServerEnabled = False
GamePref.ServerIP = 
GamePref.ServerIsPublic = True
GamePref.ServerLoginConfirmationText = 
GamePref.ServerMaxAllowedViewDistance = 12
GamePref.ServerMaxPlayerCount = 8
GamePref.ServerMaxWorldTransferSpeedKiBs = 512
GamePref.ServerName = CostaDelMars_Small
GamePref.ServerPort = 26910
GamePref.ServerReservedSlots = 0
GamePref.ServerReservedSlotsPermission = 100
GamePref.ServerVisibility = 2
GamePref.ServerWebsiteURL = 
GamePref.ShowFriendPlayerOnMap = True
GamePref.SkipSpawnButton = False
GamePref.TelnetEnabled = True
GamePref.TelnetFailedLoginLimit = 10
GamePref.TelnetFailedLoginsBlocktime = 10
GamePref.TelnetPort = 8081
GamePref.TerminalWindowEnabled = True
GamePref.TwitchBloodMoonAllowed = False
GamePref.TwitchServerPermission = 90
GamePref.UNUSED_ControlPanelEnabled = False
GamePref.UNUSED_ControlPanelPort = 8080
GamePref.UNUSED_LastLoadedPrefabSize = 
GamePref.UNUSED_NewGameSetDefaults = 
GamePref.UNUSED_OptionsBloom = 
GamePref.UNUSED_OptionsDOF = 
GamePref.UNUSED_OptionsFieldOfViewNew = 
GamePref.UNUSED_OptionsGamma = 
GamePref.UNUSED_OptionsGfxGameplayResolutionHeight = 
GamePref.UNUSED_OptionsGfxGameplayResolutionWidth = 
GamePref.UNUSED_OptionsGfxUMATexQuality = 
GamePref.UNUSED_OptionsMotionBlur = 
GamePref.UNUSED_OptionsObjectBlur = 
GamePref.UNUSED_OptionsReflectionBounces = 
GamePref.UNUSED_OptionsReflectionCullList = 
GamePref.UNUSED_OptionsReflectionFarClip = 
GamePref.UNUSED_OptionsReflectionRefreshMode = 
GamePref.UNUSED_OptionsReflectionShadowDistance = 
GamePref.UNUSED_OptionsReflectionTimeSlicingMode = 
GamePref.UNUSED_OptionsSSAO = 
GamePref.UNUSED_OptionsStreamingMipmapsBudget = 
GamePref.UNUSED_OptionsSunShafts = 
GamePref.UNUSED_PlayerId = 
GamePref.UNUSED_SaveGameFolder = 
GamePref.UNUSED_UserDataFolder = 
GamePref.WebDashboardEnabled = False
GamePref.WebDashboardPort = 8080
GamePref.WebDashboardUrl = 
GamePref.WorldGenSeed = alphabet
GamePref.WorldGenSize = 8192
GamePref.XPMultiplier = 100
GamePref.ZombieBMMove = 3
GamePref.ZombieFeralMove = 3
GamePref.ZombieFeralSense = 0
GamePref.ZombieMove = 0
GamePref.ZombieMoveNight = 3
GamePref.ZombiePlayers = True
GameStat.AirDropFrequency = 0
GameStat.AirDropMarker = True
GameStat.AllowedViewDistance = 12
GameStat.AnimalCount = 0
GameStat.AutoParty = False
GameStat.BedrollExpiryTime = 45
GameStat.BlockDamagePlayer = 100
GameStat.BloodMoonDay = 0
GameStat.BloodMoonEnemyCount = 8
GameStat.BloodMoonWarning = 8
GameStat.ChunkStabilityEnabled = True
GameStat.CurrentRoundIx = 0
GameStat.DayLightLength = 18
GameStat.DayLimitActive = False
GameStat.DayLimitThisRound = 0
GameStat.DeathPenalty = XPOnly
GameStat.DropOnDeath = 1
GameStat.DropOnQuit = 0
GameStat.EnemyCount = 0
GameStat.EnemyDifficulty = Normal
GameStat.EnemySpawnMode = True
GameStat.FragLimitActive = False
GameStat.FragLimitThisRound = 0
GameStat.GameDifficulty = 2
GameStat.GameDifficultyBonus = 1
GameStat.GameModeId = 0
GameStat.GameState = 0
GameStat.GlobalMessageToShow = 
GameStat.IsCreativeMenuEnabled = False
GameStat.IsFlyingEnabled = False
GameStat.IsPlayerCollisionEnabled = True
GameStat.IsPlayerDamageEnabled = True
GameStat.IsResetMapOnRestart = False
GameStat.IsSaveSupplyCrates = True
GameStat.IsSpawnEnemies = True
GameStat.IsSpawnNearOtherPlayer = False
GameStat.IsTeleportEnabled = False
GameStat.IsVersionCheckDone = False
GameStat.LandClaimCount = 3
GameStat.LandClaimDeadZone = 30
GameStat.LandClaimDecayMode = 0
GameStat.LandClaimExpiryTime = 3
GameStat.LandClaimOfflineDelay = 0
GameStat.LandClaimOfflineDurabilityModifier = 32
GameStat.LandClaimOnlineDurabilityModifier = 32
GameStat.LandClaimSize = 41
GameStat.LoadScene = 
GameStat.LootTimer = 
GameStat.OptionsPOICulling = 0
GameStat.PartySharedKillRange = 100
GameStat.PlayerKillingMode = KillStrangersOnly
GameStat.QuestProgressionDailyLimit = 4
GameStat.ScoreDiedMultiplier = -5
GameStat.ScorePlayerKillMultiplier = 1
GameStat.ScoreZombieKillMultiplier = 1
GameStat.ShowAllPlayersOnMap = False
GameStat.ShowFriendPlayerOnMap = True
GameStat.ShowSpawnWindow = False
GameStat.ShowWindow = 
GameStat.TimeLimitActive = False
GameStat.TimeLimitThisRound = 0
GameStat.TimeOfDayIncPerSec = 20
GameStat.TwitchBloodMoonAllowed = True
GameStat.UNUSED_ShowZombieCounter = 
GameStat.XPMultiplier = 100
GameStat.ZombieHordeMeter = False
2025-08-01T16:44:01 6.718 INF StartAsServer
2025-08-01T16:44:01 7.138 INF Loaded (local): events in 0.10
2025-08-01T16:44:02 7.838 INF Loaded (local): materials in 0.30
2025-08-01T16:44:02 8.189 INF Loaded (local): physicsbodies in 0.10
2025-08-01T16:44:02 8.538 INF Loaded (local): painting in 0.10
2025-08-01T16:44:03 8.888 INF Loaded (local): shapes in 0.10
ERROR: Shader Legacy Shaders/Transparent/Cutout/VertexLit shader is not supported on this GPU (none of subshaders/fallbacks are suitable)
WARNING: Shader Unsupported: 'Game/SpeedTree' - All subshaders removed
WARNING: Shader Did you use #pragma only_renderers and omit this platform?
WARNING: Shader If subshaders removal was intentional, you may have forgotten turning Fallback off?
ERROR: Shader Game/SpeedTree shader is not supported on this GPU (none of subshaders/fallbacks are suitable)
WARNING: Shader Unsupported: 'Game/SpeedTree' - All subshaders removed
WARNING: Shader Did you use #pragma only_renderers and omit this platform?
WARNING: Shader If subshaders removal was intentional, you may have forgotten turning Fallback off?
WARNING: Shader Unsupported: 'Nature/SpeedTree Billboard' - All subshaders removed
WARNING: Shader Did you use #pragma only_renderers and omit this platform?
WARNING: Shader If subshaders removal was intentional, you may have forgotten turning Fallback off?
ERROR: Shader Nature/SpeedTree Billboard shader is not supported on this GPU (none of subshaders/fallbacks are suitable)
WARNING: Shader Unsupported: 'Nature/SpeedTree Billboard' - All subshaders removed
WARNING: Shader Did you use #pragma only_renderers and omit this platform?
WARNING: Shader If subshaders removal was intentional, you may have forgotten turning Fallback off?
ERROR: Shader Game/BlockMissing shader is not supported on this GPU (none of subshaders/fallbacks are suitable)
WARNING: Shader Unsupported: 'Game/Entity Tint Mask' - All subshaders removed
WARNING: Shader Did you use #pragma only_renderers and omit this platform?
WARNING: Shader If subshaders removal was intentional, you may have forgotten turning Fallback off?
ERROR: Shader Game/Entity Tint Mask shader is not supported on this GPU (none of subshaders/fallbacks are suitable)
WARNING: Shader Unsupported: 'Game/Entity Tint Mask' - All subshaders removed
WARNING: Shader Did you use #pragma only_renderers and omit this platform?
WARNING: Shader If subshaders removal was intentional, you may have forgotten turning Fallback off?
ERROR: Shader Game/Transparent shader is not supported on this GPU (none of subshaders/fallbacks are suitable)
WARNING: Shader Unsupported: '7DTD/7DTD_Liquid' - All subshaders removed
WARNING: Shader Did you use #pragma only_renderers and omit this platform?
WARNING: Shader If subshaders removal was intentional, you may have forgotten turning Fallback off?
ERROR: Shader 7DTD/7DTD_Liquid shader is not supported on this GPU (none of subshaders/fallbacks are suitable)
WARNING: Shader Unsupported: '7DTD/7DTD_Liquid' - All subshaders removed
WARNING: Shader Did you use #pragma only_renderers and omit this platform?
WARNING: Shader If subshaders removal was intentional, you may have forgotten turning Fallback off?
WARNING: Shader Unsupported: 'Custom/SignTextShader' - All subshaders removed
WARNING: Shader Did you use #pragma only_renderers and omit this platform?
WARNING: Shader If subshaders removal was intentional, you may have forgotten turning Fallback off?
ERROR: Shader Custom/SignTextShader shader is not supported on this GPU (none of subshaders/fallbacks are suitable)
WARNING: Shader Unsupported: 'Custom/SignTextShader' - All subshaders removed
WARNING: Shader Did you use #pragma only_renderers and omit this platform?
WARNING: Shader If subshaders removal was intentional, you may have forgotten turning Fallback off?
WARNING: Shader Unsupported: 'Game/Autodesk XFade' - All subshaders removed
WARNING: Shader Did you use #pragma only_renderers and omit this platform?
WARNING: Shader If subshaders removal was intentional, you may have forgotten turning Fallback off?
ERROR: Shader Game/Autodesk XFade shader is not supported on this GPU (none of subshaders/fallbacks are suitable)
WARNING: Shader Unsupported: 'Game/Autodesk XFade' - All subshaders removed
WARNING: Shader Did you use #pragma only_renderers and omit this platform?
WARNING: Shader If subshaders removal was intentional, you may have forgotten turning Fallback off?
ERROR: Shader Legacy Shaders/Particles/Alpha Blended Premultiply shader is not supported on this GPU (none of subshaders/fallbacks are suitable)
WARNING: Shader Unsupported: '7DTD/7DTD_Fire' - All subshaders removed
WARNING: Shader Did you use #pragma only_renderers and omit this platform?
WARNING: Shader If subshaders removal was intentional, you may have forgotten turning Fallback off?
ERROR: Shader 7DTD/7DTD_Fire shader is not supported on this GPU (none of subshaders/fallbacks are suitable)
WARNING: Shader Unsupported: '7DTD/7DTD_Fire' - All subshaders removed
WARNING: Shader Did you use #pragma only_renderers and omit this platform?
WARNING: Shader If subshaders removal was intentional, you may have forgotten turning Fallback off?
There is no texture data available to upload.
ERROR: Shader Game/SemiTransGlow shader is not supported on this GPU (none of subshaders/fallbacks are suitable)
WARNING: Shader Unsupported: 'Particles/Standard Unlit' - All subshaders removed
WARNING: Shader Did you use #pragma only_renderers and omit this platform?
WARNING: Shader If subshaders removal was intentional, you may have forgotten turning Fallback off?
ERROR: Shader Particles/Standard Unlit shader is not supported on this GPU (none of subshaders/fallbacks are suitable)
WARNING: Shader Unsupported: 'Particles/Standard Unlit' - All subshaders removed
WARNING: Shader Did you use #pragma only_renderers and omit this platform?
WARNING: Shader If subshaders removal was intentional, you may have forgotten turning Fallback off?
WARNING: Shader Unsupported: 'Game Particles/Unlit' - All subshaders removed
WARNING: Shader Did you use #pragma only_renderers and omit this platform?
WARNING: Shader If subshaders removal was intentional, you may have forgotten turning Fallback off?
ERROR: Shader Game Particles/Unlit shader is not supported on this GPU (none of subshaders/fallbacks are suitable)
WARNING: Shader Unsupported: 'Game Particles/Unlit' - All subshaders removed
WARNING: Shader Did you use #pragma only_renderers and omit this platform?
WARNING: Shader If subshaders removal was intentional, you may have forgotten turning Fallback off?
There is no texture data available to upload.
There is no texture data available to upload.
There is no texture data available to upload.
There is no texture data available to upload.
There is no texture data available to upload.
There is no texture data available to upload.
There is no texture data available to upload.
There is no texture data available to upload.
There is no texture data available to upload.
There is no texture data available to upload.
There is no texture data available to upload.
There is no texture data available to upload.
There is no texture data available to upload.
There is no texture data available to upload.
WARNING: Shader Unsupported: 'Game/TorchFire' - All subshaders removed
WARNING: Shader Did you use #pragma only_renderers and omit this platform?
WARNING: Shader If subshaders removal was intentional, you may have forgotten turning Fallback off?
ERROR: Shader Game/TorchFire shader is not supported on this GPU (none of subshaders/fallbacks are suitable)
WARNING: Shader Unsupported: 'Game/TorchFire' - All subshaders removed
WARNING: Shader Did you use #pragma only_renderers and omit this platform?
WARNING: Shader If subshaders removal was intentional, you may have forgotten turning Fallback off?
WARNING: Shader Unsupported: 'Game Particles/partPyro_fireShader_A' - All subshaders removed
WARNING: Shader Did you use #pragma only_renderers and omit this platform?
WARNING: Shader If subshaders removal was intentional, you may have forgotten turning Fallback off?
ERROR: Shader Game Particles/partPyro_fireShader_A shader is not supported on this GPU (none of subshaders/fallbacks are suitable)
WARNING: Shader Unsupported: 'Game Particles/partPyro_fireShader_A' - All subshaders removed
WARNING: Shader Did you use #pragma only_renderers and omit this platform?
WARNING: Shader If subshaders removal was intentional, you may have forgotten turning Fallback off?
WARNING: Shader Unsupported: 'Game Particles/partPyro_template_lit_B' - All subshaders removed
WARNING: Shader Did you use #pragma only_renderers and omit this platform?
WARNING: Shader If subshaders removal was intentional, you may have forgotten turning Fallback off?
ERROR: Shader Game Particles/partPyro_template_lit_B shader is not supported on this GPU (none of subshaders/fallbacks are suitable)
WARNING: Shader Unsupported: 'Game Particles/partPyro_template_lit_B' - All subshaders removed
WARNING: Shader Did you use #pragma only_renderers and omit this platform?
WARNING: Shader If subshaders removal was intentional, you may have forgotten turning Fallback off?
ERROR: Shader Legacy Shaders/Particles/Additive shader is not supported on this GPU (none of subshaders/fallbacks are suitable)
WARNING: Shader Unsupported: 'Particles/Standard Surface' - All subshaders removed
WARNING: Shader Did you use #pragma only_renderers and omit this platform?
WARNING: Shader If subshaders removal was intentional, you may have forgotten turning Fallback off?
ERROR: Shader Particles/Standard Surface shader is not supported on this GPU (none of subshaders/fallbacks are suitable)
WARNING: Shader Unsupported: 'Particles/Standard Surface' - All subshaders removed
WARNING: Shader Did you use #pragma only_renderers and omit this platform?
WARNING: Shader If subshaders removal was intentional, you may have forgotten turning Fallback off?
WARNING: Shader Unsupported: 'Autodesk Interactive' - All subshaders removed
WARNING: Shader Did you use #pragma only_renderers and omit this platform?
WARNING: Shader If subshaders removal was intentional, you may have forgotten turning Fallback off?
ERROR: Shader Autodesk Interactive shader is not supported on this GPU (none of subshaders/fallbacks are suitable)
WARNING: Shader Unsupported: 'Autodesk Interactive' - All subshaders removed
WARNING: Shader Did you use #pragma only_renderers and omit this platform?
WARNING: Shader If subshaders removal was intentional, you may have forgotten turning Fallback off?
WARNING: Shader Unsupported: '7DTD/7DTD_Cobweb' - All subshaders removed
WARNING: Shader Did you use #pragma only_renderers and omit this platform?
WARNING: Shader If subshaders removal was intentional, you may have forgotten turning Fallback off?
ERROR: Shader 7DTD/7DTD_Cobweb shader is not supported on this GPU (none of subshaders/fallbacks are suitable)
WARNING: Shader Unsupported: '7DTD/7DTD_Cobweb' - All subshaders removed
WARNING: Shader Did you use #pragma only_renderers and omit this platform?
WARNING: Shader If subshaders removal was intentional, you may have forgotten turning Fallback off?
There is no texture data available to upload.
WARNING: Shader Unsupported: 'Game/EntityTintMaskSSS' - All subshaders removed
WARNING: Shader Did you use #pragma only_renderers and omit this platform?
WARNING: Shader If subshaders removal was intentional, you may have forgotten turning Fallback off?
ERROR: Shader Game/EntityTintMaskSSS shader is not supported on this GPU (none of subshaders/fallbacks are suitable)
WARNING: Shader Unsupported: 'Game/EntityTintMaskSSS' - All subshaders removed
WARNING: Shader Did you use #pragma only_renderers and omit this platform?
WARNING: Shader If subshaders removal was intentional, you may have forgotten turning Fallback off?
ERROR: Shader Legacy Shaders/Particles/Alpha Blended shader is not supported on this GPU (none of subshaders/fallbacks are suitable)
WARNING: Shader Unsupported: 'Game/CharacterPlayerOutfit' - All subshaders removed
WARNING: Shader Did you use #pragma only_renderers and omit this platform?
WARNING: Shader If subshaders removal was intentional, you may have forgotten turning Fallback off?
ERROR: Shader Game/CharacterPlayerOutfit shader is not supported on this GPU (none of subshaders/fallbacks are suitable)
WARNING: Shader Unsupported: 'Game/CharacterPlayerOutfit' - All subshaders removed
WARNING: Shader Did you use #pragma only_renderers and omit this platform?
WARNING: Shader If subshaders removal was intentional, you may have forgotten turning Fallback off?
WARNING: Shader Unsupported: 'Game Particles/Lit' - All subshaders removed
WARNING: Shader Did you use #pragma only_renderers and omit this platform?
WARNING: Shader If subshaders removal was intentional, you may have forgotten turning Fallback off?
ERROR: Shader Game Particles/Lit shader is not supported on this GPU (none of subshaders/fallbacks are suitable)
WARNING: Shader Unsupported: 'Game Particles/Lit' - All subshaders removed
WARNING: Shader Did you use #pragma only_renderers and omit this platform?
WARNING: Shader If subshaders removal was intentional, you may have forgotten turning Fallback off?
WARNING: Shader Unsupported: 'Game Particles/Standard Surface' - All subshaders removed
WARNING: Shader Did you use #pragma only_renderers and omit this platform?
WARNING: Shader If subshaders removal was intentional, you may have forgotten turning Fallback off?
ERROR: Shader Game Particles/Standard Surface shader is not supported on this GPU (none of subshaders/fallbacks are suitable)
WARNING: Shader Unsupported: 'Game Particles/Standard Surface' - All subshaders removed
WARNING: Shader Did you use #pragma only_renderers and omit this platform?
WARNING: Shader If subshaders removal was intentional, you may have forgotten turning Fallback off?
There is no texture data available to upload.
WARNING: Shader Unsupported: 'Game/Autodesk' - All subshaders removed
WARNING: Shader Did you use #pragma only_renderers and omit this platform?
WARNING: Shader If subshaders removal was intentional, you may have forgotten turning Fallback off?
ERROR: Shader Game/Autodesk shader is not supported on this GPU (none of subshaders/fallbacks are suitable)
WARNING: Shader Unsupported: 'Game/Autodesk' - All subshaders removed
WARNING: Shader Did you use #pragma only_renderers and omit this platform?
WARNING: Shader If subshaders removal was intentional, you may have forgotten turning Fallback off?
WARNING: Shader Unsupported: '7DTD/7DTD_Sign_Illuminated' - All subshaders removed
WARNING: Shader Did you use #pragma only_renderers and omit this platform?
WARNING: Shader If subshaders removal was intentional, you may have forgotten turning Fallback off?
ERROR: Shader 7DTD/7DTD_Sign_Illuminated shader is not supported on this GPU (none of subshaders/fallbacks are suitable)
WARNING: Shader Unsupported: '7DTD/7DTD_Sign_Illuminated' - All subshaders removed
WARNING: Shader Did you use #pragma only_renderers and omit this platform?
WARNING: Shader If subshaders removal was intentional, you may have forgotten turning Fallback off?
There is no texture data available to upload.
WARNING: Shader Unsupported: 'Custom/SignTextShader' - All subshaders removed
WARNING: Shader Did you use #pragma only_renderers and omit this platform?
WARNING: Shader If subshaders removal was intentional, you may have forgotten turning Fallback off?
ERROR: Shader Custom/SignTextShader shader is not supported on this GPU (none of subshaders/fallbacks are suitable)
WARNING: Shader Unsupported: 'Custom/SignTextShader' - All subshaders removed
WARNING: Shader Did you use #pragma only_renderers and omit this platform?
WARNING: Shader If subshaders removal was intentional, you may have forgotten turning Fallback off?
WARNING: Shader Unsupported: 'Standard' - All subshaders removed
WARNING: Shader Did you use #pragma only_renderers and omit this platform?
WARNING: Shader If subshaders removal was intentional, you may have forgotten turning Fallback off?
ERROR: Shader Standard shader is not supported on this GPU (none of subshaders/fallbacks are suitable)
WARNING: Shader Unsupported: 'Standard' - All subshaders removed
WARNING: Shader Did you use #pragma only_renderers and omit this platform?
WARNING: Shader If subshaders removal was intentional, you may have forgotten turning Fallback off?
WARNING: Shader Unsupported: 'Nature/SpeedTree8' - All subshaders removed
WARNING: Shader Did you use #pragma only_renderers and omit this platform?
WARNING: Shader If subshaders removal was intentional, you may have forgotten turning Fallback off?
ERROR: Shader Nature/SpeedTree8 shader is not supported on this GPU (none of subshaders/fallbacks are suitable)
WARNING: Shader Unsupported: 'Nature/SpeedTree8' - All subshaders removed
WARNING: Shader Did you use #pragma only_renderers and omit this platform?
WARNING: Shader If subshaders removal was intentional, you may have forgotten turning Fallback off?
WARNING: Shader Unsupported: 'Game/SpeedTree8' - All subshaders removed
WARNING: Shader Did you use #pragma only_renderers and omit this platform?
WARNING: Shader If subshaders removal was intentional, you may have forgotten turning Fallback off?
ERROR: Shader Game/SpeedTree8 shader is not supported on this GPU (none of subshaders/fallbacks are suitable)
WARNING: Shader Unsupported: 'Game/SpeedTree8' - All subshaders removed
WARNING: Shader Did you use #pragma only_renderers and omit this platform?
WARNING: Shader If subshaders removal was intentional, you may have forgotten turning Fallback off?
WARNING: Shader Unsupported: 'Nature/SpeedTree' - All subshaders removed
WARNING: Shader Did you use #pragma only_renderers and omit this platform?
WARNING: Shader If subshaders removal was intentional, you may have forgotten turning Fallback off?
ERROR: Shader Nature/SpeedTree shader is not supported on this GPU (none of subshaders/fallbacks are suitable)
WARNING: Shader Unsupported: 'Nature/SpeedTree' - All subshaders removed
WARNING: Shader Did you use #pragma only_renderers and omit this platform?
WARNING: Shader If subshaders removal was intentional, you may have forgotten turning Fallback off?
WARNING: Shader Unsupported: 'Game/Autodesk XFade' - All subshaders removed
WARNING: Shader Did you use #pragma only_renderers and omit this platform?
WARNING: Shader If subshaders removal was intentional, you may have forgotten turning Fallback off?
ERROR: Shader Game/Autodesk XFade shader is not supported on this GPU (none of subshaders/fallbacks are suitable)
WARNING: Shader Unsupported: 'Game/Autodesk XFade' - All subshaders removed
WARNING: Shader Did you use #pragma only_renderers and omit this platform?
WARNING: Shader If subshaders removal was intentional, you may have forgotten turning Fallback off?
WARNING: Shader Unsupported: 'Standard (Specular setup)' - All subshaders removed
WARNING: Shader Did you use #pragma only_renderers and omit this platform?
WARNING: Shader If subshaders removal was intentional, you may have forgotten turning Fallback off?
ERROR: Shader Standard (Specular setup) shader is not supported on this GPU (none of subshaders/fallbacks are suitable)
WARNING: Shader Unsupported: 'Standard (Specular setup)' - All subshaders removed
WARNING: Shader Did you use #pragma only_renderers and omit this platform?
WARNING: Shader If subshaders removal was intentional, you may have forgotten turning Fallback off?
There is no texture data available to upload.
WARNING: Shader Unsupported: '7DTD/7DTD_RallyPoint' - All subshaders removed
WARNING: Shader Did you use #pragma only_renderers and omit this platform?
WARNING: Shader If subshaders removal was intentional, you may have forgotten turning Fallback off?
ERROR: Shader 7DTD/7DTD_RallyPoint shader is not supported on this GPU (none of subshaders/fallbacks are suitable)
WARNING: Shader Unsupported: '7DTD/7DTD_RallyPoint' - All subshaders removed
WARNING: Shader Did you use #pragma only_renderers and omit this platform?
WARNING: Shader If subshaders removal was intentional, you may have forgotten turning Fallback off?
No mesh data available for mesh GeneratorLightGlass on particle system OffState. Make sure Read/Write Enabled is set in the importer to work on the particle system renderer
No mesh data available for mesh GeneratorLightGlass on particle system RebootState. Make sure Read/Write Enabled is set in the importer to work on the particle system renderer
No mesh data available for mesh GeneratorLightGlass on particle system OnState. Make sure Read/Write Enabled is set in the importer to work on the particle system renderer
No mesh data available for mesh GeneratorLightGlass on particle system EnteringOnState. Make sure Read/Write Enabled is set in the importer to work on the particle system renderer
There is no texture data available to upload.
No mesh data available for mesh GeneratorLightGlass on particle system OnState. Make sure Read/Write Enabled is set in the importer to work on the particle system renderer
No mesh data available for mesh GeneratorLightGlass on particle system EnteringOnState. Make sure Read/Write Enabled is set in the importer to work on the particle system renderer
No mesh data available for mesh GeneratorLightGlass on particle system OffState. Make sure Read/Write Enabled is set in the importer to work on the particle system renderer
No mesh data available for mesh GeneratorLightGlass on particle system RebootState. Make sure Read/Write Enabled is set in the importer to work on the particle system renderer
ERROR: Shader Game/Character shader is not supported on this GPU (none of subshaders/fallbacks are suitable)
WARNING: Shader Unsupported: 'Game/Cloth' - All subshaders removed
WARNING: Shader Did you use #pragma only_renderers and omit this platform?
WARNING: Shader If subshaders removal was intentional, you may have forgotten turning Fallback off?
ERROR: Shader Game/Cloth shader is not supported on this GPU (none of subshaders/fallbacks are suitable)
WARNING: Shader Unsupported: 'Game/Cloth' - All subshaders removed
WARNING: Shader Did you use #pragma only_renderers and omit this platform?
WARNING: Shader If subshaders removal was intentional, you may have forgotten turning Fallback off?
WARNING: Shader Unsupported: 'Game Particles/shader_gas_unlit' - All subshaders removed
WARNING: Shader Did you use #pragma only_renderers and omit this platform?
WARNING: Shader If subshaders removal was intentional, you may have forgotten turning Fallback off?
ERROR: Shader Game Particles/shader_gas_unlit shader is not supported on this GPU (none of subshaders/fallbacks are suitable)
WARNING: Shader Unsupported: 'Game Particles/shader_gas_unlit' - All subshaders removed
WARNING: Shader Did you use #pragma only_renderers and omit this platform?
WARNING: Shader If subshaders removal was intentional, you may have forgotten turning Fallback off?
Unloading 5 Unused Serialized files (Serialized files now loaded: 11)
2025-08-01T16:44:10 16.303 INF Block IDs with mapping
2025-08-01T16:44:10 16.310 INF Block IDs total 23973, terr 29, last 24195
2025-08-01T16:44:10 16.321 INF Loaded (local): blocks in 7.13
Unloading 73653 unused Assets to reduce memory usage. Loaded Objects now: 84806.
Total: 205.230793 ms (FindLiveObjects: 3.692253 ms CreateObjectMapping: 5.549291 ms MarkObjects: 180.329070 ms  DeleteObjects: 15.659587 ms)

2025-08-01T16:44:11 16.807 INF Loaded (local): progression in 0.12
WARNING: Shader Unsupported: '7DTD_Unity5/WaterInBucket' - All subshaders removed
WARNING: Shader Did you use #pragma only_renderers and omit this platform?
WARNING: Shader If subshaders removal was intentional, you may have forgotten turning Fallback off?
ERROR: Shader 7DTD_Unity5/WaterInBucket shader is not supported on this GPU (none of subshaders/fallbacks are suitable)
WARNING: Shader Unsupported: '7DTD_Unity5/WaterInBucket' - All subshaders removed
WARNING: Shader Did you use #pragma only_renderers and omit this platform?
WARNING: Shader If subshaders removal was intentional, you may have forgotten turning Fallback off?
2025-08-01T16:44:11 17.222 INF Loaded (local): buffs in 0.17
2025-08-01T16:44:11 17.564 INF Loaded (local): misc in 0.10
WARNING: Shader Unsupported: '7DTD/TorchGlow' - All subshaders removed
WARNING: Shader Did you use #pragma only_renderers and omit this platform?
WARNING: Shader If subshaders removal was intentional, you may have forgotten turning Fallback off?
ERROR: Shader 7DTD/TorchGlow shader is not supported on this GPU (none of subshaders/fallbacks are suitable)
WARNING: Shader Unsupported: '7DTD/TorchGlow' - All subshaders removed
WARNING: Shader Did you use #pragma only_renderers and omit this platform?
WARNING: Shader If subshaders removal was intentional, you may have forgotten turning Fallback off?
WARNING: Shader Unsupported: 'Game/TorchFire' - All subshaders removed
WARNING: Shader Did you use #pragma only_renderers and omit this platform?
WARNING: Shader If subshaders removal was intentional, you may have forgotten turning Fallback off?
ERROR: Shader Game/TorchFire shader is not supported on this GPU (none of subshaders/fallbacks are suitable)
WARNING: Shader Unsupported: 'Game/TorchFire' - All subshaders removed
WARNING: Shader Did you use #pragma only_renderers and omit this platform?
WARNING: Shader If subshaders removal was intentional, you may have forgotten turning Fallback off?
WARNING: Shader Unsupported: 'Game/TorchFire' - All subshaders removed
WARNING: Shader Did you use #pragma only_renderers and omit this platform?
WARNING: Shader If subshaders removal was intentional, you may have forgotten turning Fallback off?
ERROR: Shader Game/TorchFire shader is not supported on this GPU (none of subshaders/fallbacks are suitable)
WARNING: Shader Unsupported: 'Game/TorchFire' - All subshaders removed
WARNING: Shader Did you use #pragma only_renderers and omit this platform?
WARNING: Shader If subshaders removal was intentional, you may have forgotten turning Fallback off?
There is no texture data available to upload.
2025-08-01T16:44:12 18.158 INF Loaded (local): items in 0.34
ERROR: Shader Shader Forge/7DTD_Particle_Additive shader is not supported on this GPU (none of subshaders/fallbacks are suitable)
WARNING: Shader Unsupported: 'Game/Glass Reflex' - All subshaders removed
WARNING: Shader Did you use #pragma only_renderers and omit this platform?
WARNING: Shader If subshaders removal was intentional, you may have forgotten turning Fallback off?
ERROR: Shader Game/Glass Reflex shader is not supported on this GPU (none of subshaders/fallbacks are suitable)
WARNING: Shader Unsupported: 'Game/Glass Reflex' - All subshaders removed
WARNING: Shader Did you use #pragma only_renderers and omit this platform?
WARNING: Shader If subshaders removal was intentional, you may have forgotten turning Fallback off?
2025-08-01T16:44:12 18.526 INF Item IDs with mapping
2025-08-01T16:44:12 18.526 INF ItemIDs from Mapping
2025-08-01T16:44:12 18.528 INF ItemClass assignLeftOverItems 66882 of 81920
2025-08-01T16:44:12 18.575 INF Loaded (local): item_modifiers in 0.05
2025-08-01T16:44:13 18.928 INF Loaded (local): entityclasses in 0.10
2025-08-01T16:44:13 19.276 INF Loaded (local): qualityinfo in 0.10
2025-08-01T16:44:13 19.626 INF Loaded (local): sounds in 0.10
2025-08-01T16:44:14 19.977 INF Loaded (local): recipes in 0.10
2025-08-01T16:44:14 20.327 INF Loaded (local): blockplaceholders in 0.10
2025-08-01T16:44:15 20.677 INF Loaded (local): loot in 0.10
2025-08-01T16:44:15 21.026 INF Loaded (local): entitygroups in 0.10
2025-08-01T16:44:15 21.377 INF Loaded (local): utilityai in 0.10
2025-08-01T16:44:16 21.727 INF Loaded (local): vehicles in 0.10
2025-08-01T16:44:16 22.076 INF Loaded (local): rwgmixer in 0.10
2025-08-01T16:44:16 22.427 INF Loaded (local): weathersurvival in 0.10
2025-08-01T16:44:17 22.777 INF Loaded (local): archetypes in 0.10
2025-08-01T16:44:17 23.127 INF Loaded (local): challenges in 0.10
2025-08-01T16:44:17 23.477 INF Loaded (local): quests in 0.10
2025-08-01T16:44:18 23.827 INF Loaded (local): traders in 0.10
2025-08-01T16:44:18 24.177 INF Loaded (local): npc in 0.10
2025-08-01T16:44:18 24.527 INF Loaded (local): dialogs in 0.10
2025-08-01T16:44:19 24.877 INF Loaded (local): ui_display in 0.10
2025-08-01T16:44:19 25.226 INF Loaded (local): nav_objects in 0.10
2025-08-01T16:44:19 25.576 INF Loaded (local): gamestages in 0.10
2025-08-01T16:44:20 26.054 INF Loaded (local): gameevents in 0.23
2025-08-01T16:44:20 26.384 INF Loaded (local): twitch in 0.10
2025-08-01T16:44:21 26.733 INF Loaded (local): twitch_events in 0.10
2025-08-01T16:44:21 27.084 INF Loaded (local): dmscontent in 0.10
2025-08-01T16:44:21 27.434 INF Loaded (local): XUi_Common/styles in 0.10
2025-08-01T16:44:22 27.783 INF Loaded (local): XUi_Common/controls in 0.10
2025-08-01T16:44:22 28.134 INF Loaded (local): XUi/styles in 0.10
2025-08-01T16:44:22 28.484 INF Loaded (local): XUi/controls in 0.10
2025-08-01T16:44:23 28.833 INF Loaded (local): XUi/windows in 0.10
2025-08-01T16:44:23 29.184 INF Loaded (local): XUi/xui in 0.10
2025-08-01T16:44:23 29.534 INF Loaded (local): biomes in 0.10
2025-08-01T16:44:24 29.884 INF Loaded (local): worldglobal in 0.10
2025-08-01T16:44:24 30.234 INF Loaded (local): spawning in 0.10
2025-08-01T16:44:24 30.584 INF Loaded (local): loadingscreen in 0.10
2025-08-01T16:44:25 30.885 INF Added 1335 subtitle data entries and 3 speaker colors
2025-08-01T16:44:25 30.933 INF Loaded (local): subtitles in 0.10
2025-08-01T16:44:25 31.284 INF Loaded (local): videos in 0.10
2025-08-01T16:44:25 31.435 INF Loading players.xml
2025-08-01T16:44:25 31.453 INF createWorld: New Jepoda Valley, ChickenNoodleSoup, GameModeSurvival
2025-08-01T16:44:25 31.453 INF Occlusion: Disabled
2025-08-01T16:44:25 31.491 INF Started thread ChunkCalc
2025-08-01T16:44:25 31.491 INF Started thread ChunkMeshBake
2025-08-01T16:44:25 31.491 INF Started thread ChunkRegeneration
2025-08-01T16:44:25 31.585 INF World.Load: New Jepoda Valley
2025-08-01T16:44:25 31.603 INF BloodMoon SetDay: day 42, last day 35, freq 7, range 0
2025-08-01T16:44:25 31.637 INF Started thread WaterSimulationApplyChanges
2025-08-01T16:44:29 35.232 INF Started thread GenerateChunks
Unloading 1 Unused Serialized files (Serialized files now loaded: 11)
Unloading 2589 unused Assets to reduce memory usage. Loaded Objects now: 82719.
Total: 312.023541 ms (FindLiveObjects: 2.019534 ms CreateObjectMapping: 2.310894 ms MarkObjects: 306.845598 ms  DeleteObjects: 0.847073 ms)

2025-08-01T16:44:31 36.734 INF Calculating world hashes took 822 ms (world size 266 MiB)
2025-08-01T16:44:31 36.735 INF Initial ENABLE_FILE_BACKED_ARRAYS == False
2025-08-01T16:44:31 36.815 INF Loading dtm raw file took 1541ms
Unloading 0 Unused Serialized files (Serialized files now loaded: 11)
Unloading 0 unused Assets to reduce memory usage. Loaded Objects now: 82719.
Total: 315.155325 ms (FindLiveObjects: 2.024510 ms CreateObjectMapping: 2.111451 ms MarkObjects: 310.925941 ms  DeleteObjects: 0.092934 ms)

2025-08-01T16:44:31 37.455 INF Biomes image size w= 1024, h = 1024
Unloading 0 Unused Serialized files (Serialized files now loaded: 11)
Unloading 0 unused Assets to reduce memory usage. Loaded Objects now: 82719.
Total: 402.486076 ms (FindLiveObjects: 2.501004 ms CreateObjectMapping: 2.684392 ms MarkObjects: 397.198253 ms  DeleteObjects: 0.101857 ms)

Texture with ID 2780 and with size 8192x8192 was too large for graphics device maximum supported texture size (4096x4096). Falling back to a dummy texture. Generate mip maps to provide lower size fallback.
Unloading 0 Unused Serialized files (Serialized files now loaded: 11)
Unloading 0 unused Assets to reduce memory usage. Loaded Objects now: 82719.
Total: 338.410495 ms (FindLiveObjects: 2.429330 ms CreateObjectMapping: 2.577031 ms MarkObjects: 333.308449 ms  DeleteObjects: 0.094890 ms)

2025-08-01T16:44:34 39.782 INF Loading and creating biomes took 2967ms
Unloading 0 Unused Serialized files (Serialized files now loaded: 11)
Unloading 0 unused Assets to reduce memory usage. Loaded Objects now: 82719.
Total: 316.632223 ms (FindLiveObjects: 2.014828 ms CreateObjectMapping: 2.018699 ms MarkObjects: 312.504017 ms  DeleteObjects: 0.094128 ms)

Texture with ID 2781 and with size 8192x8192 was too large for graphics device maximum supported texture size (4096x4096). Falling back to a dummy texture. Generate mip maps to provide lower size fallback.
Unloading 0 Unused Serialized files (Serialized files now loaded: 11)
Unloading 0 unused Assets to reduce memory usage. Loaded Objects now: 82720.
Total: 317.045329 ms (FindLiveObjects: 2.007492 ms CreateObjectMapping: 2.026230 ms MarkObjects: 312.912551 ms  DeleteObjects: 0.098585 ms)

Texture with ID 2782 and with size 8192x8192 was too large for graphics device maximum supported texture size (4096x4096). Falling back to a dummy texture. Generate mip maps to provide lower size fallback.
Unloading 0 Unused Serialized files (Serialized files now loaded: 11)
Unloading 0 unused Assets to reduce memory usage. Loaded Objects now: 82721.
Total: 329.602725 ms (FindLiveObjects: 3.292877 ms CreateObjectMapping: 3.130207 ms MarkObjects: 323.083633 ms  DeleteObjects: 0.095310 ms)

2025-08-01T16:44:36 42.454 INF Loading and creating shader control textures took 2671ms
Unloading 0 Unused Serialized files (Serialized files now loaded: 11)
Unloading 0 unused Assets to reduce memory usage. Loaded Objects now: 82723.
Total: 304.881785 ms (FindLiveObjects: 1.921732 ms CreateObjectMapping: 2.030897 ms MarkObjects: 300.834663 ms  DeleteObjects: 0.093827 ms)

2025-08-01T16:44:38 43.676 INF Loading and parsing of generator took 1222ms
2025-08-01T16:44:38 43.745 INF Computed 1117 chunk groups containing a total of 28713 chunks. Largest group contains 434 chunks.
2025-08-01T16:44:38 43.811 INF Started thread SaveChunks /home/sdtdserver/.local/share/7DaysToDie/Saves/New Jepoda Valley/ChickenNoodleSoup/Region
Unloading 0 Unused Serialized files (Serialized files now loaded: 11)
Unloading 0 unused Assets to reduce memory usage. Loaded Objects now: 82723.
Total: 319.742767 ms (FindLiveObjects: 1.999447 ms CreateObjectMapping: 2.041274 ms MarkObjects: 315.604428 ms  DeleteObjects: 0.097097 ms)

2025-08-01T16:44:40 45.698 INF [DECO] read 173404
2025-08-01T16:44:40 45.845 INF Dynamic Music Initialized on Server
2025-08-01T16:44:40 45.845 INF Dynamic Music Initialized on Dedi
2025-08-01T16:44:40 45.850 INF AstarManager Init
2025-08-01T16:44:40 46.088 INF WeatherManager: Init 8 weather packages
WARNING: Shader Unsupported: '7DTD_Unity5/Wire' - All subshaders removed
WARNING: Shader Did you use #pragma only_renderers and omit this platform?
WARNING: Shader If subshaders removal was intentional, you may have forgotten turning Fallback off?
ERROR: Shader 7DTD_Unity5/Wire shader is not supported on this GPU (none of subshaders/fallbacks are suitable)
WARNING: Shader Unsupported: '7DTD_Unity5/Wire' - All subshaders removed
WARNING: Shader Did you use #pragma only_renderers and omit this platform?
WARNING: Shader If subshaders removal was intentional, you may have forgotten turning Fallback off?
There is no texture data available to upload.
There is no texture data available to upload.
2025-08-01T16:44:40 46.442 INF createWorld() done
2025-08-01T16:44:40 46.487 INF WeatherManager: ApplySavedPackages
2025-08-01T16:44:40 46.536 INF Loaded player
2025-08-01T16:44:40 46.597 INF 734 VehicleManager read #0, id 13225, vehicleTruck4x4, (-1009.2, 35.1, -259.1), chunk -64, -17
2025-08-01T16:44:40 46.597 INF VehicleManager /home/sdtdserver/.local/share/7DaysToDie/Saves/New Jepoda Valley/ChickenNoodleSoup/vehicles.dat, loaded 1
2025-08-01T16:44:40 46.598 INF DroneManager /home/sdtdserver/.local/share/7DaysToDie/Saves/New Jepoda Valley/ChickenNoodleSoup/drones.dat, loaded 1
2025-08-01T16:44:40 46.599 INF TurretTracker /home/sdtdserver/.local/share/7DaysToDie/Saves/New Jepoda Valley/ChickenNoodleSoup/turrets.dat, loaded 4
2025-08-01T16:44:41 46.688 INF [EOS] Registering server
2025-08-01T16:44:41 46.704 INF [PlayerInteractions] JoinedMultplayerServer
2025-08-01T16:44:41 46.706 INF [EAC] Starting EAC server
Unloading 1 Unused Serialized files (Serialized files now loaded: 11)
Unloading 69 unused Assets to reduce memory usage. Loaded Objects now: 84017.
Total: 350.087625 ms (FindLiveObjects: 2.313701 ms CreateObjectMapping: 2.006771 ms MarkObjects: 345.635057 ms  DeleteObjects: 0.131609 ms)

[S_API] SteamAPI_Init(): Loaded local 'steamclient.so' OK.
CAppInfoCacheReadFromDiskThread took 0 milliseconds to initialize
dlmopen steamservice.so failed: steamservice.so: cannot open shared object file: No such file or directory
Setting breakpad minidump AppID = 251570
SteamInternal_SetMinidumpSteamID:  Caching Steam ID:  76561197960265728 [API loaded no]
[S_API FAIL] Tried to access Steam interface SteamNetworkingUtils004 before SteamAPI_Init succeeded.
2025-08-01T16:44:41 47.534 INF Loading dymesh settings
2025-08-01T16:44:41 47.534 INF Dynamic Mesh Settings
2025-08-01T16:44:41 47.534 INF Use Imposter Values: False
2025-08-01T16:44:41 47.534 INF Only Player Areas: True
2025-08-01T16:44:41 47.534 INF Player Area Buffer: 3
2025-08-01T16:44:41 47.534 INF Max View Distance: 1000
2025-08-01T16:44:41 47.534 INF Regen all on new world: False
2025-08-01T16:44:41 47.536 INF Dymesh: Prepping dynamic mesh. Resend Default: True
2025-08-01T16:44:41 47.536 INF Dymesh: Mesh location: /home/sdtdserver/.local/share/7DaysToDie/Saves/New Jepoda Valley/ChickenNoodleSoup/DynamicMeshes/
2025-08-01T16:44:41 47.537 INF [Web] Webserver not started, WebDashboardEnabled set to false
2025-08-01T16:44:41 47.537 INF StartGame done
2025-08-01T16:44:41 47.539 INF [Steamworks.NET] Registering auth callbacks
2025-08-01T16:44:41 47.541 INF [Steamworks.NET] GameServer.Init successful
2025-08-01T16:44:41 47.543 INF [Steamworks.NET] Making server public
2025-08-01T16:44:42 47.835 INF [EOS] Server registered, session: 9e05e1cde3bb46efb41e8e76e14a9b07, 53 attributes
2025-08-01T16:44:42 47.838 INF [EOS] Session address: 13*.5*.14*.7*
2025-08-01T16:44:42 48.134 INF [Steamworks.NET] GameServer.LogOn successful, SteamID=90272035256273948, public IP=13*.5*.14*.7*
2025-08-01T16:44:42 48.533 INF Dymesh: Warming dynamic mesh
2025-08-01T16:44:42 48.533 INF Dymesh: Creating dynamic mesh manager
2025-08-01T16:44:42 48.536 INF Dymesh: Awake
2025-08-01T16:44:42 48.536 INF Dymesh: Mesh location: /home/sdtdserver/.local/share/7DaysToDie/Saves/New Jepoda Valley/ChickenNoodleSoup/DynamicMeshes/
2025-08-01T16:44:42 48.537 INF Dymesh: Loading Items: /home/sdtdserver/.local/share/7DaysToDie/Saves/New Jepoda Valley/ChickenNoodleSoup/DynamicMeshes/
2025-08-01T16:44:42 48.545 INF Dymesh: Loaded Items: 13
2025-08-01T16:44:42 48.546 INF Dymesh: Loading all items took: 0.009062 seconds.
2025-08-01T16:44:42 48.548 INF Clearing queues.
2025-08-01T16:44:42 48.549 INF Cleared queues.
2025-08-01T16:44:42 48.549 INF Dynamic thread starting
2025-08-01T16:44:42 48.551 INF Dymesh door replacement: imposterBlock
2025-08-01T16:44:59 65.006 INF [DECO] written 173404, in 22ms
2025-08-01T16:44:59 65.008 INF [DECO] write thread 1ms
2025-08-04T16:16:09 257534.843 WRN [EOS] [LogHttp - Warning] 0x5687ee2676f0: HTTP request timed out after 30.00 seconds URL=https://api.epicgames.dev/matchmaking/v1/c9ccbd00333f4dd6995beb7c75000942/sessions/9e05e1cde3bb46efb41e8e76e14a9b07
2025-08-04T16:16:09 257534.846 WRN [EOS] [LogHttp - Warning] 0x5687ee2676f0: request failed, libcurl error: 0 (No error)
2025-08-04T16:16:09 257534.847 WRN [EOS] [LogHttp - Warning] 0x5687ee2676f0: libcurl info message cache 0 (Found bundle for host: 0x74cb6406d9c0 [serially])
2025-08-04T16:16:09 257534.847 WRN [EOS] [LogHttp - Warning] 0x5687ee2676f0: libcurl info message cache 1 (Re-using existing connection with host api.epicgames.dev)
2025-08-04T16:16:09 257534.847 WRN [EOS] [LogHttp - Warning] 0x5687ee2676f0: libcurl info message cache 2 (We are completely uploaded and fine)
2025-08-04T16:16:09 257534.847 WRN [EOS] [LogHttp - Warning] 0x5687ee2676f0: libcurl info message cache 3 (Closing connection)
2025-08-04T16:16:09 257534.847 WRN [EOS] [LogHttp - Warning] 0x5687ee2676f0: libcurl info message cache 4 (TLSv1.3 (OUT), TLS alert, close notify (256):)
2025-08-04T16:16:09 257534.847 WRN [EOS] [LogHttp - Warning] Retry exhausted on https://api.epicgames.dev/matchmaking/v1/c9ccbd00333f4dd6995beb7c75000942/sessions/9e05e1cde3bb46efb41e8e76e14a9b07
2025-08-04T16:16:09 257534.848 WRN [EOS] [LogEOS - Warning] Failed to connect to the backend. ServiceName=[Sessions], OperationName=[UpsertSession], Url=[<Redacted>]
2025-08-04T16:16:09 257535.009 ERR [EOS] Failed updating session on backend: NoConnection. From: UnityEngine.StackTraceUtility:ExtractStackTrace ()
Platform.EOS.SessionsHost:sessionUpdatedCallback (Epic.OnlineServices.Sessions.UpdateSessionCallbackInfo&)
Platform.EOS.SessionsHost:commitSessionCallbackWrapper (Epic.OnlineServices.Sessions.UpdateSessionCallbackInfo&)
Epic.OnlineServices.Sessions.SessionsInterface:OnUpdateSessionCallbackInternalImplementation (Epic.OnlineServices.Sessions.UpdateSessionCallbackInfoInternal&)
Epic.OnlineServices.Platform.PlatformInterface:Tick ()
Platform.EOS.Api:Update ()
Platform.AbsPlatform:Update ()
Platform.PlatformManager:Update ()
GameManager:gmUpdate ()
GameManager:Update ()

2025-08-04T16:16:09 257535.009 WRN [EOS] Attribute count: 53
2025-08-04T16:16:17 257542.720 WRN [EOS] [LogHttp - Warning] 0x5687ee679670: HTTP request timed out after 30.00 seconds URL=https://api.epicgames.dev/anticheat/v6/service/status/
2025-08-04T16:16:17 257542.721 WRN [EOS] [LogHttp - Warning] 0x5687ee679670: request failed, libcurl error: 0 (No error)
2025-08-04T16:16:17 257542.721 WRN [EOS] [LogHttp - Warning] 0x5687ee679670: libcurl info message cache 0 (Found bundle for host: 0x74cb6406d9c0 [serially])
2025-08-04T16:16:17 257542.721 WRN [EOS] [LogHttp - Warning] 0x5687ee679670: libcurl info message cache 1 (  Trying 54.163.231.97:443...)
2025-08-04T16:16:17 257542.722 WRN [EOS] [LogHttp - Warning] 0x5687ee679670: libcurl info message cache 2 (Closing connection)
2025-08-04T16:16:17 257542.722 WRN [EOS] [LogHttp - Warning] Retry exhausted on https://api.epicgames.dev/anticheat/v6/service/status/
2025-08-04T16:16:17 257542.722 WRN [EOS] [LogEOS - Warning] Failed to connect to the backend. ServiceName=[AntiCheat], OperationName=[GameStatus], Url=[<Redacted>]
2025-08-04T16:16:24 257550.315 WRN [EOS] [LogHttp - Warning] 0x5687ebc1ca20: HTTP request timed out after 30.00 seconds URL=https://api.epicgames.dev/telemetry/data/datarouter/api/v1/public/data?SessionID=%7BDF39B9D2-0B53-4C70-BDBD-158A0562F543%7D&AppID=EOSSDK.PhaseRelease.ReleaseBuild&AppVersion=1.16.4-36651368%20-%20%2B%2BEOSSDK%2BRelease-1.16.4-CL-36651368&UserID=&AppEnvironment=Production&UploadType=sdkevents
2025-08-04T16:16:24 257550.315 WRN [EOS] [LogHttp - Warning] 0x5687ebc1ca20: request failed, libcurl error: 0 (No error)
2025-08-04T16:16:24 257550.315 WRN [EOS] [LogHttp - Warning] 0x5687ebc1ca20: libcurl info message cache 0 (Found bundle for host: 0x74cb6406d9c0 [serially])
2025-08-04T16:16:24 257550.315 WRN [EOS] [LogHttp - Warning] 0x5687ebc1ca20: libcurl info message cache 1 (Hostname api.epicgames.dev was found in DNS cache)
2025-08-04T16:16:24 257550.315 WRN [EOS] [LogHttp - Warning] 0x5687ebc1ca20: libcurl info message cache 2 (  Trying 54.163.231.97:443...)
2025-08-04T16:16:24 257550.315 WRN [EOS] [LogHttp - Warning] 0x5687ebc1ca20: libcurl info message cache 3 (ipv4 connect timeout after 30000ms, move on!)
2025-08-04T16:16:24 257550.315 WRN [EOS] [LogHttp - Warning] 0x5687ebc1ca20: libcurl info message cache 4 (Closing connection)
2025-08-04T16:16:24 257550.315 WRN [EOS] [LogHttp - Warning] Retry exhausted on https://api.epicgames.dev/telemetry/data/datarouter/api/v1/public/data?SessionID=%7BDF39B9D2-0B53-4C70-BDBD-158A0562F543%7D&AppID=EOSSDK.PhaseRelease.ReleaseBuild&AppVersion=1.16.4-36651368%20-%20%2B%2BEOSSDK%2BRelease-1.16.4-CL-36651368&UserID=&AppEnvironment=Production&UploadType=sdkevents
2025-08-04T16:16:27 257552.724 WRN [EOS] [LogHttp - Warning] 0x5687ee67f2d0: HTTP request timed out after 30.00 seconds URL=https://api.epicgames.dev/telemetry/data/datarouter/api/v1/public/data?SessionID=%7BC0042809-E271-4B5B-B5E9-179E7A209BB5%7D&AppID=EOSSDK.PhaseRelease.ReleaseBuild&AppVersion=1.16.4-36651368%20-%20%2B%2BEOSSDK%2BRelease-1.16.4-CL-36651368&UserID=&AppEnvironment=Production&UploadType=sdkevents
2025-08-04T16:16:27 257552.724 WRN [EOS] [LogHttp - Warning] 0x5687ee67f2d0: request failed, libcurl error: 0 (No error)
2025-08-04T16:16:27 257552.724 WRN [EOS] [LogHttp - Warning] 0x5687ee67f2d0: libcurl info message cache 0 (Found bundle for host: 0x74cb6406d9c0 [serially])
2025-08-04T16:16:27 257552.724 WRN [EOS] [LogHttp - Warning] 0x5687ee67f2d0: libcurl info message cache 1 (Hostname api.epicgames.dev was found in DNS cache)
2025-08-04T16:16:27 257552.724 WRN [EOS] [LogHttp - Warning] 0x5687ee67f2d0: libcurl info message cache 2 (  Trying 54.163.231.97:443...)
2025-08-04T16:16:27 257552.724 WRN [EOS] [LogHttp - Warning] 0x5687ee67f2d0: libcurl info message cache 3 (ipv4 connect timeout after 30000ms, move on!)
2025-08-04T16:16:27 257552.725 WRN [EOS] [LogHttp - Warning] 0x5687ee67f2d0: libcurl info message cache 4 (Closing connection)
2025-08-04T16:16:27 257552.725 WRN [EOS] [LogHttp - Warning] Retry exhausted on https://api.epicgames.dev/telemetry/data/datarouter/api/v1/public/data?SessionID=%7BC0042809-E271-4B5B-B5E9-179E7A209BB5%7D&AppID=EOSSDK.PhaseRelease.ReleaseBuild&AppVersion=1.16.4-36651368%20-%20%2B%2BEOSSDK%2BRelease-1.16.4-CL-36651368&UserID=&AppEnvironment=Production&UploadType=sdkevents
2025-08-04T16:16:44 257570.122 WRN [EOS] [LogHttp - Warning] 0x5687ea7ef060: HTTP request timed out after 30.00 seconds URL=https://api.epicgames.dev/matchmaking/v1/c9ccbd00333f4dd6995beb7c75000942/sessions/9e05e1cde3bb46efb41e8e76e14a9b07/lastupdated
2025-08-04T16:16:44 257570.122 WRN [EOS] [LogHttp - Warning] 0x5687ea7ef060: request failed, libcurl error: 0 (No error)
2025-08-04T16:16:44 257570.122 WRN [EOS] [LogHttp - Warning] 0x5687ea7ef060: libcurl info message cache 0 (Found bundle for host: 0x74cb6406d9c0 [serially])
2025-08-04T16:16:44 257570.122 WRN [EOS] [LogHttp - Warning] 0x5687ea7ef060: libcurl info message cache 1 (Hostname api.epicgames.dev was found in DNS cache)
2025-08-04T16:16:44 257570.122 WRN [EOS] [LogHttp - Warning] 0x5687ea7ef060: libcurl info message cache 2 (  Trying 54.163.231.97:443...)
2025-08-04T16:16:44 257570.122 WRN [EOS] [LogHttp - Warning] 0x5687ea7ef060: libcurl info message cache 3 (ipv4 connect timeout after 30000ms, move on!)
2025-08-04T16:16:44 257570.122 WRN [EOS] [LogHttp - Warning] 0x5687ea7ef060: libcurl info message cache 4 (Closing connection)
2025-08-04T16:16:44 257570.122 WRN [EOS] [LogHttp - Warning] Lockout of 1.000000s on https://api.epicgames.dev/matchmaking/v1/c9ccbd00333f4dd6995beb7c75000942/sessions/9e05e1cde3bb46efb41e8e76e14a9b07/lastupdated
2025-08-04T16:16:45 257571.211 WRN [EOS] [LogHttp - Warning] Retry 1 on https://api.epicgames.dev/matchmaking/v1/c9ccbd00333f4dd6995beb7c75000942/sessions/9e05e1cde3bb46efb41e8e76e14a9b07/lastupdated
2025-08-04T16:16:47 257572.766 WRN [EOS] [LogHttp - Warning] 0x5687ee70a9b0: HTTP request timed out after 30.00 seconds URL=https://api.epicgames.dev/anticheat/v6/service/status/
2025-08-04T16:16:47 257572.774 WRN [EOS] [LogHttp - Warning] 0x5687ee70a9b0: request failed, libcurl error: 0 (No error)
2025-08-04T16:16:47 257572.774 WRN [EOS] [LogHttp - Warning] 0x5687ee70a9b0: libcurl info message cache 0 (Found bundle for host: 0x74cb6406d9c0 [serially])
2025-08-04T16:16:47 257572.775 WRN [EOS] [LogHttp - Warning] 0x5687ee70a9b0: libcurl info message cache 1 (Hostname api.epicgames.dev was found in DNS cache)
2025-08-04T16:16:47 257572.775 WRN [EOS] [LogHttp - Warning] 0x5687ee70a9b0: libcurl info message cache 2 (  Trying 54.163.231.97:443...)
2025-08-04T16:16:47 257572.775 WRN [EOS] [LogHttp - Warning] 0x5687ee70a9b0: libcurl info message cache 3 (ipv4 connect timeout after 30000ms, move on!)
2025-08-04T16:16:47 257572.775 WRN [EOS] [LogHttp - Warning] 0x5687ee70a9b0: libcurl info message cache 4 (Closing connection)
2025-08-04T16:16:47 257572.775 WRN [EOS] [LogHttp - Warning] Retry exhausted on https://api.epicgames.dev/anticheat/v6/service/status/
2025-08-04T16:16:47 257572.775 WRN [EOS] [LogEOS - Warning] Failed to connect to the backend. ServiceName=[AntiCheat], OperationName=[GameStatus], Url=[<Redacted>]
2025-08-04T16:17:15 257601.312 WRN [EOS] [LogHttp - Warning] 0x5687ea7ef060: HTTP request timed out after 30.00 seconds URL=https://api.epicgames.dev/matchmaking/v1/c9ccbd00333f4dd6995beb7c75000942/sessions/9e05e1cde3bb46efb41e8e76e14a9b07/lastupdated
2025-08-04T16:17:15 257601.312 WRN [EOS] [LogHttp - Warning] 0x5687ea7ef060: request failed, libcurl error: 0 (No error)
2025-08-04T16:17:17 257602.870 WRN [EOS] [LogEOS - Warning] Failed to connect to the backend. ServiceName=[AntiCheat], OperationName=[GameStatus], Url=[<Redacted>]
2025-08-04T16:17:47 257632.915 WRN [EOS] [LogEOS - Warning] Failed to connect to the backend. ServiceName=[AntiCheat], OperationName=[GameStatus], Url=[<Redacted>]
2025-08-04T16:18:17 257663.064 WRN [EOS] [LogEOS - Warning] Failed to connect to the backend. ServiceName=[AntiCheat], OperationName=[GameStatus], Url=[<Redacted>]
2025-08-04T16:18:47 257693.067 WRN [EOS] [LogEOS - Warning] Failed to connect to the backend. ServiceName=[AntiCheat], OperationName=[GameStatus], Url=[<Redacted>]
2025-08-04T16:18:49 257694.780 WRN [EOS] [LogEOS - Warning] Failed to connect to the backend. ServiceName=[Sessions], OperationName=[HeartbeatSession], Url=[<Redacted>]
2025-08-04T16:19:01 257707.163 WRN [EOS] [LogEOS - Warning] Failed to connect to the backend. ServiceName=[Metrics], OperationName=[SendBackendEvent], Url=[<Redacted>]
2025-08-04T16:19:17 257723.090 WRN [EOS] [LogEOS - Warning] Failed to connect to the backend. ServiceName=[AntiCheat], OperationName=[GameStatus], Url=[<Redacted>]
2025-08-04T16:19:19 257725.338 WRN [EOS] Failed updating session on backend, will retry
2025-08-04T16:19:47 257753.184 WRN [EOS] [LogEOS - Warning] Failed to connect to the backend. ServiceName=[AntiCheat], OperationName=[GameStatus], Url=[<Redacted>]
2025-08-04T16:19:50 257756.541 WRN [EOS] Failed updating session on backend, will retry
2025-08-04T16:20:17 257783.280 WRN [EOS] [LogEOS - Warning] Failed to connect to the backend. ServiceName=[AntiCheat], OperationName=[GameStatus], Url=[<Redacted>]
2025-08-04T16:20:22 257787.685 WRN [EOS] Failed updating session on backend, will retry
2025-08-04T16:20:47 257813.289 WRN [EOS] [LogEOS - Warning] Failed to connect to the backend. ServiceName=[AntiCheat], OperationName=[GameStatus], Url=[<Redacted>]
2025-08-04T16:20:53 257818.828 WRN [EOS] Failed updating session on backend, will retry
2025-08-04T16:21:01 257827.051 WRN [EOS] [LogEOS - Warning] Failed to connect to the backend. ServiceName=[Metrics], OperationName=[SendBackendEvent], Url=[<Redacted>]
2025-08-04T16:21:02 257828.397 WRN [EOS] [LogEOS - Warning] Failed to connect to the backend. ServiceName=[SDKConfig], OperationName=[GetProductConfigRoute], Url=[<Redacted>]
2025-08-04T16:21:02 257828.488 WRN [EOS] [LogEOS - Warning] SDK Config Product Update Request Failed, Result Code: EOS_NoConnection, Retrying after 30.238924 seconds
2025-08-04T16:21:17 257843.339 WRN [EOS] [LogEOS - Warning] Failed to connect to the backend. ServiceName=[AntiCheat], OperationName=[GameStatus], Url=[<Redacted>]
2025-08-04T16:21:24 257849.688 WRN [EOS] [LogEOS - Warning] Failed to connect to the backend. ServiceName=[Sessions], OperationName=[UpsertSession], Url=[<Redacted>]
2025-08-04T16:21:24 257849.947 ERR [EOS] Failed updating session on backend: NoConnection. From: UnityEngine.StackTraceUtility:ExtractStackTrace ()
Platform.EOS.SessionsHost:sessionUpdatedCallback (Epic.OnlineServices.Sessions.UpdateSessionCallbackInfo&)
Platform.EOS.SessionsHost:commitSessionCallbackWrapper (Epic.OnlineServices.Sessions.UpdateSessionCallbackInfo&)
Epic.OnlineServices.Sessions.SessionsInterface:OnUpdateSessionCallbackInternalImplementation (Epic.OnlineServices.Sessions.UpdateSessionCallbackInfoInternal&)
Epic.OnlineServices.Platform.PlatformInterface:Tick ()
Platform.EOS.Api:Update ()
Platform.AbsPlatform:Update ()
Platform.PlatformManager:Update ()
GameManager:gmUpdate ()
GameManager:Update ()

2025-08-04T16:21:24 257849.949 WRN [EOS] Attribute count: 53
