[UnityMemory] Configuration Parameters - Can be set up in boot.config
    "memorysetup-bucket-allocator-granularity=16"
    "memorysetup-bucket-allocator-bucket-count=8"
    "memorysetup-bucket-allocator-block-size=4194304"
    "memorysetup-bucket-allocator-block-count=1"
    "memorysetup-main-allocator-block-size=16777216"
    "memorysetup-thread-allocator-block-size=16777216"
    "memorysetup-gfx-main-allocator-block-size=16777216"
    "memorysetup-gfx-thread-allocator-block-size=16777216"
    "memorysetup-cache-allocator-block-size=4194304"
    "memorysetup-typetree-allocator-block-size=2097152"
    "memorysetup-profiler-bucket-allocator-granularity=16"
    "memorysetup-profiler-bucket-allocator-bucket-count=8"
    "memorysetup-profiler-bucket-allocator-block-size=4194304"
    "memorysetup-profiler-bucket-allocator-block-count=1"
    "memorysetup-profiler-allocator-block-size=16777216"
    "memorysetup-profiler-editor-allocator-block-size=1048576"
    "memorysetup-temp-allocator-size-main=4194304"
    "memorysetup-job-temp-allocator-block-size=2097152"
    "memorysetup-job-temp-allocator-block-size-background=1048576"
    "memorysetup-job-temp-allocator-reduction-small-platforms=262144"
    "memorysetup-allocator-temp-initial-block-size-main=262144"
    "memorysetup-allocator-temp-initial-block-size-worker=262144"
    "memorysetup-temp-allocator-size-background-worker=32768"
    "memorysetup-temp-allocator-size-job-worker=262144"
    "memorysetup-temp-allocator-size-preload-manager=262144"
    "memorysetup-temp-allocator-size-nav-mesh-worker=65536"
    "memorysetup-temp-allocator-size-audio-worker=65536"
    "memorysetup-temp-allocator-size-cloud-worker=32768"
    "memorysetup-temp-allocator-size-gfx=262144"
Mono path[0] = '/home/sdtdserver/serverfiles/7DaysToDieServer_Data/Managed'
Mono config path = '/home/sdtdserver/serverfiles/7DaysToDieServer_Data/MonoBleedingEdge/etc'
Shutdown handler: initialize.
Preloaded 'libEOSSDK-Linux-Shipping.so'
Preloaded 'libMagick.so'
Preloaded 'lib_burst_generated.so'
Preloaded 'libgetrss.so'
Preloaded 'libsteam_api.so'
Preloaded 'steamclient.so'
Unable to preload the following plugins:
	libMouseLib.so
[Physics::Module] Initialized MultithreadedJobDispatcher with 19 workers.
Loading player data from /home/sdtdserver/serverfiles/7DaysToDieServer_Data/data.unity3d
PlayerPrefs - Creating folder: /home/sdtdserver/.config/unity3d/The Fun Pimps
PlayerPrefs - Creating folder: /home/sdtdserver/.config/unity3d/The Fun Pimps/7 Days To Die - Dedicated
Unable to load player prefs
Initialize engine version: 2022.3.29f1 (8d510ca76d2b)
[Subsystems] Discovering subsystems at path /home/sdtdserver/serverfiles/7DaysToDieServer_Data/UnitySubsystems
Forcing GfxDevice: Null
GfxDevice: creating device client; threaded=0; jobified=0
NullGfxDevice:
    Version:  NULL 1.0 [1.0]
    Renderer: Null Device
    Vendor:   Unity Technologies
Begin MonoManager ReloadAssembly
- Loaded All Assemblies, in  0.062 seconds
- Finished resetting the current domain, in  0.001 seconds
ERROR: Shader Hidden/LandClaimBoundary shader is not supported on this GPU (none of subshaders/fallbacks are suitable)
ERROR: Shader Sprites/Default shader is not supported on this GPU (none of subshaders/fallbacks are suitable)
ERROR: Shader Sprites/Mask shader is not supported on this GPU (none of subshaders/fallbacks are suitable)
ERROR: Shader Legacy Shaders/VertexLit shader is not supported on this GPU (none of subshaders/fallbacks are suitable)
WARNING: Shader Unsupported: 'Legacy Shaders/Diffuse' - All subshaders removed
WARNING: Shader Did you use #pragma only_renderers and omit this platform?
WARNING: Shader If subshaders removal was intentional, you may have forgotten turning Fallback off?
ERROR: Shader Legacy Shaders/Diffuse shader is not supported on this GPU (none of subshaders/fallbacks are suitable)
WARNING: Shader Unsupported: 'Legacy Shaders/Diffuse' - All subshaders removed
WARNING: Shader Did you use #pragma only_renderers and omit this platform?
WARNING: Shader If subshaders removal was intentional, you may have forgotten turning Fallback off?
WARNING: Shader Unsupported: '7DTD/Cube_UI_Glow' - All subshaders removed
WARNING: Shader Did you use #pragma only_renderers and omit this platform?
WARNING: Shader If subshaders removal was intentional, you may have forgotten turning Fallback off?
ERROR: Shader 7DTD/Cube_UI_Glow shader is not supported on this GPU (none of subshaders/fallbacks are suitable)
WARNING: Shader Unsupported: '7DTD/Cube_UI_Glow' - All subshaders removed
WARNING: Shader Did you use #pragma only_renderers and omit this platform?
WARNING: Shader If subshaders removal was intentional, you may have forgotten turning Fallback off?
WARNING: Shader Unsupported: '7DTD/Cube_UI_Frame' - All subshaders removed
WARNING: Shader Did you use #pragma only_renderers and omit this platform?
WARNING: Shader If subshaders removal was intentional, you may have forgotten turning Fallback off?
ERROR: Shader 7DTD/Cube_UI_Frame shader is not supported on this GPU (none of subshaders/fallbacks are suitable)
WARNING: Shader Unsupported: '7DTD/Cube_UI_Frame' - All subshaders removed
WARNING: Shader Did you use #pragma only_renderers and omit this platform?
WARNING: Shader If subshaders removal was intentional, you may have forgotten turning Fallback off?
ERROR: Shader Unlit/Transparent Colored shader is not supported on this GPU (none of subshaders/fallbacks are suitable)
ERROR: Shader GUI/Text Shader shader is not supported on this GPU (none of subshaders/fallbacks are suitable)
UnloadTime: 0.537664 ms
2024-12-02T18:33:21 0.000 INF Version: V 1.1 (b14) Compatibility Version: V 1.1, Build: LinuxServer 64 Bit
2024-12-02T18:33:21 0.010 INF System information:
2024-12-02T18:33:21 0.011 INF    OS: Linux 6.8 Ubuntu 24.04 64bit
2024-12-02T18:33:21 0.011 INF    CPU: 12th Gen Intel(R) Core(TM) i7-12700K (cores: 20)
2024-12-02T18:33:21 0.011 INF    RAM: 64056 MB
2024-12-02T18:33:21 0.012 INF    GPU: Null Device (128 MB)
2024-12-02T18:33:21 0.014 INF    Graphics API: NULL 1.0 [1.0] (shader level 3.0)
2024-12-02T18:33:21 0.015 INF Local UTC offset: 1 hours
2024-12-02T18:33:21 0.034 INF Command line arguments: ./7DaysToDieServer.x86_64 -quit -batchmode -nographics -dedicated -configfile=/home/sdtdserver/serverfiles/sdtdserver.xml
2024-12-02T18:33:21 0.041 INF Parsing server configfile: /home/sdtdserver/serverfiles/sdtdserver.xml
2024-12-02T18:33:21 0.064 INF Parsing server configfile successfully completed
2024-12-02T18:33:21 0.065 INF UserDataFolder: /home/sdtdserver/.local/share/7DaysToDie
2024-12-02T18:33:21 0.066 INF [Platform] Init
2024-12-02T18:33:21 0.093 INF [Platform] Using native platform: Steam
2024-12-02T18:33:21 0.094 INF [Platform] Using cross platform: EOS
2024-12-02T18:33:21 0.094 INF [Platform] Using server platform: Steam
2024-12-02T18:33:21 0.094 INF [Platform] Using server platform: XBL
2024-12-02T18:33:21 0.094 INF [Platform] Using server platform: PSN
2024-12-02T18:33:21 0.097 INF Starting PlayerInputManager...
2024-12-02T18:33:21 0.098 INF InControl (version 1.8.9 build 9376, native module = False, XInput = False)
2024-12-02T18:33:21 0.101 INF InControl (version 1.8.9 build 9376)
2024-12-02T18:33:21 0.199 INF UnityInputDeviceManager enabled.
2024-12-02T18:33:21 0.213 INF [Platform] Initializing Steam
2024-12-02T18:33:21 0.218 INF [Platform] Initializing EOS
2024-12-02T18:33:21 0.228 INF [EOS] Initialize: Success
2024-12-02T18:33:21 0.242 INF [Platform] Initializing XBL
2024-12-02T18:33:21 0.242 INF [Platform] Initializing PSN
2024-12-02T18:33:21 0.243 INF [SaveDataUtils] InitStatic Begin
2024-12-02T18:33:21 0.245 INF [SaveDataUtils] SdPlayerPrefs -> Unity
2024-12-02T18:33:21 0.245 INF [SaveDataUtils] InitStatic Complete
2024-12-02T18:33:21 0.246 INF Last played version: V 1.1
2024-12-02T18:33:21 0.248 INF Starting dedicated server level=Navezgane game name=My Game
2024-12-02T18:33:21 0.248 INF Maximum allowed players: 8
2024-12-02T18:33:21 0.248 INF Game mode: GameModeSurvival
2024-12-02T18:33:21 0.422 INF Localization language from prefs: english
2024-12-02T18:33:21 0.430 INF Awake IsFocused: True
2024-12-02T18:33:21 0.430 INF Awake
2024-12-02T18:33:21 0.550 INF Dedicated server only build
ERROR: Shader Occlusion/DepthCopy shader is not supported on this GPU (none of subshaders/fallbacks are suitable)
WARNING: Shader Unsupported: 'Standard' - All subshaders removed
WARNING: Shader Did you use #pragma only_renderers and omit this platform?
WARNING: Shader If subshaders removal was intentional, you may have forgotten turning Fallback off?
ERROR: Shader Standard shader is not supported on this GPU (none of subshaders/fallbacks are suitable)
WARNING: Shader Unsupported: 'Standard' - All subshaders removed
WARNING: Shader Did you use #pragma only_renderers and omit this platform?
WARNING: Shader If subshaders removal was intentional, you may have forgotten turning Fallback off?
2024-12-02T18:33:21 0.571 INF Occlusion: Awake
2024-12-02T18:33:21 0.572 INF Texture quality is set to 3
ERROR: Shader Legacy Shaders/VertexLit shader is not supported on this GPU (none of subshaders/fallbacks are suitable)
WARNING: Shader Unsupported: 'Legacy Shaders/Diffuse' - All subshaders removed
WARNING: Shader Did you use #pragma only_renderers and omit this platform?
WARNING: Shader If subshaders removal was intentional, you may have forgotten turning Fallback off?
ERROR: Shader Legacy Shaders/Diffuse shader is not supported on this GPU (none of subshaders/fallbacks are suitable)
WARNING: Shader Unsupported: 'Legacy Shaders/Diffuse' - All subshaders removed
WARNING: Shader Did you use #pragma only_renderers and omit this platform?
WARNING: Shader If subshaders removal was intentional, you may have forgotten turning Fallback off?
WARNING: Shader Unsupported: 'Game/Entity Tint Mask' - All subshaders removed
WARNING: Shader Did you use #pragma only_renderers and omit this platform?
WARNING: Shader If subshaders removal was intentional, you may have forgotten turning Fallback off?
ERROR: Shader Game/Entity Tint Mask shader is not supported on this GPU (none of subshaders/fallbacks are suitable)
WARNING: Shader Unsupported: 'Game/Entity Tint Mask' - All subshaders removed
WARNING: Shader Did you use #pragma only_renderers and omit this platform?
WARNING: Shader If subshaders removal was intentional, you may have forgotten turning Fallback off?
2024-12-02T18:33:21 0.626 INF [MODS] Start loading from: '/home/sdtdserver/serverfiles/7DaysToDieServer_Data/../Mods'
2024-12-02T18:33:21 0.630 INF [MODS]   Trying to load from folder: '0_TFP_Harmony'
2024-12-02T18:33:21 0.636 INF [MODS]     Loaded Mod: TFP_Harmony (1.1.0.4)
2024-12-02T18:33:21 0.636 INF [MODS]   Trying to load from folder: 'TFP_CommandExtensions'
2024-12-02T18:33:21 0.637 INF [MODS]     Loaded Mod: TFP_CommandExtensions (1.1.0.1)
2024-12-02T18:33:21 0.637 INF [MODS]   Trying to load from folder: 'TFP_MapRendering'
2024-12-02T18:33:21 0.637 INF [MODS]     Loaded Mod: TFP_MapRendering (1.1.0.0)
2024-12-02T18:33:21 0.637 INF [MODS]   Trying to load from folder: 'TFP_WebServer'
2024-12-02T18:33:21 0.637 INF [MODS]     Loaded Mod: TFP_WebServer (1.1.0.4)
2024-12-02T18:33:21 0.637 INF [MODS]   Trying to load from folder: 'Xample_MarkersMod'
2024-12-02T18:33:21 0.637 INF [MODS]     Loaded Mod: TFP_MarkersExample (1.1.0.0)
2024-12-02T18:33:21 0.637 INF [MODS] Initializing mod code
2024-12-02T18:33:21 0.638 INF [MODS]   Initializing mod TFP_Harmony
2024-12-02T18:33:21 0.647 INF [MODS]     Found ModAPI in TfpHarmony.dll, creating instance
2024-12-02T18:33:21 0.648 INF [MODS]       [Harmony] Init done
Fallback handler could not load library /home/sdtdserver/serverfiles/7DaysToDieServer_Data/MonoBleedingEdge/x86_64/data-0x587ddbc8ed70.so
2024-12-02T18:33:22 0.868 INF [MODS]     Initialized code in mod 'TFP_Harmony' from DLL 'TfpHarmony.dll'
2024-12-02T18:33:22 0.868 INF [MODS]   Initializing mod TFP_CommandExtensions
2024-12-02T18:33:22 0.868 INF [MODS]     Found ModAPI in CommandExtensions.dll, creating instance
2024-12-02T18:33:22 0.868 INF [MODS]     Initialized code in mod 'TFP_CommandExtensions' from DLL 'CommandExtensions.dll'
2024-12-02T18:33:22 0.868 INF [MODS]   Initializing mod TFP_MapRendering
2024-12-02T18:33:22 0.868 INF [MODS]     Found ModAPI in MapRendering.dll, creating instance
2024-12-02T18:33:22 0.869 INF [MODS]     Initialized code in mod 'TFP_MapRendering' from DLL 'MapRendering.dll'
2024-12-02T18:33:22 0.869 INF [MODS]   Initializing mod TFP_WebServer
2024-12-02T18:33:22 0.869 INF [MODS]     Found ModAPI in WebServer.dll, creating instance
2024-12-02T18:33:22 0.878 INF [MODS]     Initialized code in mod 'TFP_WebServer' from DLL 'WebServer.dll'
2024-12-02T18:33:22 0.878 INF [MODS]   Initializing mod TFP_MarkersExample
2024-12-02T18:33:22 0.878 INF [MODS]     Found ModAPI in MarkersMod.dll, creating instance
2024-12-02T18:33:22 0.878 INF [MODS]     Initialized code in mod 'TFP_MarkersExample' from DLL 'MarkersMod.dll'
2024-12-02T18:33:22 0.878 INF [MODS] Loading done
2024-12-02T18:33:22 0.889 INF Loading permissions file at '/home/sdtdserver/.local/share/7DaysToDie/Saves/serveradmin.xml'
2024-12-02T18:33:22 0.903 INF Loading permissions file done.
WARNING: Shader Unsupported: 'Game Particles/partPyro_fireShader_A' - All subshaders removed
WARNING: Shader Did you use #pragma only_renderers and omit this platform?
WARNING: Shader If subshaders removal was intentional, you may have forgotten turning Fallback off?
ERROR: Shader Game Particles/partPyro_fireShader_A shader is not supported on this GPU (none of subshaders/fallbacks are suitable)
WARNING: Shader Unsupported: 'Game Particles/partPyro_fireShader_A' - All subshaders removed
WARNING: Shader Did you use #pragma only_renderers and omit this platform?
WARNING: Shader If subshaders removal was intentional, you may have forgotten turning Fallback off?
WARNING: Shader Unsupported: 'Game Particles/partPyro_template_lit_B' - All subshaders removed
WARNING: Shader Did you use #pragma only_renderers and omit this platform?
WARNING: Shader If subshaders removal was intentional, you may have forgotten turning Fallback off?
ERROR: Shader Game Particles/partPyro_template_lit_B shader is not supported on this GPU (none of subshaders/fallbacks are suitable)
WARNING: Shader Unsupported: 'Game Particles/partPyro_template_lit_B' - All subshaders removed
WARNING: Shader Did you use #pragma only_renderers and omit this platform?
WARNING: Shader If subshaders removal was intentional, you may have forgotten turning Fallback off?
ERROR: Shader Legacy Shaders/Particles/Additive shader is not supported on this GPU (none of subshaders/fallbacks are suitable)
WARNING: Shader Unsupported: 'Standard' - All subshaders removed
WARNING: Shader Did you use #pragma only_renderers and omit this platform?
WARNING: Shader If subshaders removal was intentional, you may have forgotten turning Fallback off?
ERROR: Shader Standard shader is not supported on this GPU (none of subshaders/fallbacks are suitable)
WARNING: Shader Unsupported: 'Standard' - All subshaders removed
WARNING: Shader Did you use #pragma only_renderers and omit this platform?
WARNING: Shader If subshaders removal was intentional, you may have forgotten turning Fallback off?
WARNING: Shader Unsupported: 'Game Particles/bloodShader_T' - All subshaders removed
WARNING: Shader Did you use #pragma only_renderers and omit this platform?
WARNING: Shader If subshaders removal was intentional, you may have forgotten turning Fallback off?
ERROR: Shader Game Particles/bloodShader_T shader is not supported on this GPU (none of subshaders/fallbacks are suitable)
WARNING: Shader Unsupported: 'Game Particles/bloodShader_T' - All subshaders removed
WARNING: Shader Did you use #pragma only_renderers and omit this platform?
WARNING: Shader If subshaders removal was intentional, you may have forgotten turning Fallback off?
WARNING: Shader Unsupported: 'Game Particles/bloodShader_spec_T' - All subshaders removed
WARNING: Shader Did you use #pragma only_renderers and omit this platform?
WARNING: Shader If subshaders removal was intentional, you may have forgotten turning Fallback off?
ERROR: Shader Game Particles/bloodShader_spec_T shader is not supported on this GPU (none of subshaders/fallbacks are suitable)
WARNING: Shader Unsupported: 'Game Particles/bloodShader_spec_T' - All subshaders removed
WARNING: Shader Did you use #pragma only_renderers and omit this platform?
WARNING: Shader If subshaders removal was intentional, you may have forgotten turning Fallback off?
WARNING: Shader Unsupported: 'Game Particles/bloodShader_O' - All subshaders removed
WARNING: Shader Did you use #pragma only_renderers and omit this platform?
WARNING: Shader If subshaders removal was intentional, you may have forgotten turning Fallback off?
ERROR: Shader Game Particles/bloodShader_O shader is not supported on this GPU (none of subshaders/fallbacks are suitable)
WARNING: Shader Unsupported: 'Game Particles/bloodShader_O' - All subshaders removed
WARNING: Shader Did you use #pragma only_renderers and omit this platform?
WARNING: Shader If subshaders removal was intentional, you may have forgotten turning Fallback off?
ERROR: Shader Game Particles/bloodShader_U shader is not supported on this GPU (none of subshaders/fallbacks are suitable)
WARNING: Shader Unsupported: 'Particles/Standard Surface' - All subshaders removed
WARNING: Shader Did you use #pragma only_renderers and omit this platform?
WARNING: Shader If subshaders removal was intentional, you may have forgotten turning Fallback off?
ERROR: Shader Particles/Standard Surface shader is not supported on this GPU (none of subshaders/fallbacks are suitable)
WARNING: Shader Unsupported: 'Particles/Standard Surface' - All subshaders removed
WARNING: Shader Did you use #pragma only_renderers and omit this platform?
WARNING: Shader If subshaders removal was intentional, you may have forgotten turning Fallback off?
WARNING: Shader Unsupported: 'Autodesk Interactive' - All subshaders removed
WARNING: Shader Did you use #pragma only_renderers and omit this platform?
WARNING: Shader If subshaders removal was intentional, you may have forgotten turning Fallback off?
ERROR: Shader Autodesk Interactive shader is not supported on this GPU (none of subshaders/fallbacks are suitable)
WARNING: Shader Unsupported: 'Autodesk Interactive' - All subshaders removed
WARNING: Shader Did you use #pragma only_renderers and omit this platform?
WARNING: Shader If subshaders removal was intentional, you may have forgotten turning Fallback off?
WARNING: Shader Unsupported: 'Game/Autodesk XFade' - All subshaders removed
WARNING: Shader Did you use #pragma only_renderers and omit this platform?
WARNING: Shader If subshaders removal was intentional, you may have forgotten turning Fallback off?
ERROR: Shader Game/Autodesk XFade shader is not supported on this GPU (none of subshaders/fallbacks are suitable)
WARNING: Shader Unsupported: 'Game/Autodesk XFade' - All subshaders removed
WARNING: Shader Did you use #pragma only_renderers and omit this platform?
WARNING: Shader If subshaders removal was intentional, you may have forgotten turning Fallback off?
WARNING: Shader Unsupported: '7DTD/7DTD_Glass' - All subshaders removed
WARNING: Shader Did you use #pragma only_renderers and omit this platform?
WARNING: Shader If subshaders removal was intentional, you may have forgotten turning Fallback off?
ERROR: Shader 7DTD/7DTD_Glass shader is not supported on this GPU (none of subshaders/fallbacks are suitable)
WARNING: Shader Unsupported: '7DTD/7DTD_Glass' - All subshaders removed
WARNING: Shader Did you use #pragma only_renderers and omit this platform?
WARNING: Shader If subshaders removal was intentional, you may have forgotten turning Fallback off?
WARNING: Shader Unsupported: '7DTD/7DTD_Fire' - All subshaders removed
WARNING: Shader Did you use #pragma only_renderers and omit this platform?
WARNING: Shader If subshaders removal was intentional, you may have forgotten turning Fallback off?
ERROR: Shader 7DTD/7DTD_Fire shader is not supported on this GPU (none of subshaders/fallbacks are suitable)
WARNING: Shader Unsupported: '7DTD/7DTD_Fire' - All subshaders removed
WARNING: Shader Did you use #pragma only_renderers and omit this platform?
WARNING: Shader If subshaders removal was intentional, you may have forgotten turning Fallback off?
WARNING: Shader Unsupported: 'Game Particles/partPyro_template_lit_C' - All subshaders removed
WARNING: Shader Did you use #pragma only_renderers and omit this platform?
WARNING: Shader If subshaders removal was intentional, you may have forgotten turning Fallback off?
ERROR: Shader Game Particles/partPyro_template_lit_C shader is not supported on this GPU (none of subshaders/fallbacks are suitable)
WARNING: Shader Unsupported: 'Game Particles/partPyro_template_lit_C' - All subshaders removed
WARNING: Shader Did you use #pragma only_renderers and omit this platform?
WARNING: Shader If subshaders removal was intentional, you may have forgotten turning Fallback off?
ERROR: Shader Particles/Blood_Particle shader is not supported on this GPU (none of subshaders/fallbacks are suitable)
WARNING: Shader Unsupported: 'Particles/Standard Unlit' - All subshaders removed
WARNING: Shader Did you use #pragma only_renderers and omit this platform?
WARNING: Shader If subshaders removal was intentional, you may have forgotten turning Fallback off?
ERROR: Shader Particles/Standard Unlit shader is not supported on this GPU (none of subshaders/fallbacks are suitable)
WARNING: Shader Unsupported: 'Particles/Standard Unlit' - All subshaders removed
WARNING: Shader Did you use #pragma only_renderers and omit this platform?
WARNING: Shader If subshaders removal was intentional, you may have forgotten turning Fallback off?
WARNING: Shader Unsupported: 'Game Particles/barrelLiquidShader' - All subshaders removed
WARNING: Shader Did you use #pragma only_renderers and omit this platform?
WARNING: Shader If subshaders removal was intentional, you may have forgotten turning Fallback off?
ERROR: Shader Game Particles/barrelLiquidShader shader is not supported on this GPU (none of subshaders/fallbacks are suitable)
WARNING: Shader Unsupported: 'Game Particles/barrelLiquidShader' - All subshaders removed
WARNING: Shader Did you use #pragma only_renderers and omit this platform?
WARNING: Shader If subshaders removal was intentional, you may have forgotten turning Fallback off?
WARNING: Shader Unsupported: 'Game Particles/vomitShader_T' - All subshaders removed
WARNING: Shader Did you use #pragma only_renderers and omit this platform?
WARNING: Shader If subshaders removal was intentional, you may have forgotten turning Fallback off?
ERROR: Shader Game Particles/vomitShader_T shader is not supported on this GPU (none of subshaders/fallbacks are suitable)
WARNING: Shader Unsupported: 'Game Particles/vomitShader_T' - All subshaders removed
WARNING: Shader Did you use #pragma only_renderers and omit this platform?
WARNING: Shader If subshaders removal was intentional, you may have forgotten turning Fallback off?
ERROR: Shader Legacy Shaders/Particles/Alpha Blended Premultiply shader is not supported on this GPU (none of subshaders/fallbacks are suitable)
WARNING: Shader Unsupported: 'Game Particles/shader_gas_unlit' - All subshaders removed
WARNING: Shader Did you use #pragma only_renderers and omit this platform?
WARNING: Shader If subshaders removal was intentional, you may have forgotten turning Fallback off?
ERROR: Shader Game Particles/shader_gas_unlit shader is not supported on this GPU (none of subshaders/fallbacks are suitable)
WARNING: Shader Unsupported: 'Game Particles/shader_gas_unlit' - All subshaders removed
WARNING: Shader Did you use #pragma only_renderers and omit this platform?
WARNING: Shader If subshaders removal was intentional, you may have forgotten turning Fallback off?
ERROR: Shader Legacy/AlphaSelfIllum shader is not supported on this GPU (none of subshaders/fallbacks are suitable)
WARNING: Shader Unsupported: 'Game Particles/Standard Surface' - All subshaders removed
WARNING: Shader Did you use #pragma only_renderers and omit this platform?
WARNING: Shader If subshaders removal was intentional, you may have forgotten turning Fallback off?
ERROR: Shader Game Particles/Standard Surface shader is not supported on this GPU (none of subshaders/fallbacks are suitable)
WARNING: Shader Unsupported: 'Game Particles/Standard Surface' - All subshaders removed
WARNING: Shader Did you use #pragma only_renderers and omit this platform?
WARNING: Shader If subshaders removal was intentional, you may have forgotten turning Fallback off?
WARNING: Shader Unsupported: 'Game Particles/gasGenericShader_A' - All subshaders removed
WARNING: Shader Did you use #pragma only_renderers and omit this platform?
WARNING: Shader If subshaders removal was intentional, you may have forgotten turning Fallback off?
ERROR: Shader Game Particles/gasGenericShader_A shader is not supported on this GPU (none of subshaders/fallbacks are suitable)
WARNING: Shader Unsupported: 'Game Particles/gasGenericShader_A' - All subshaders removed
WARNING: Shader Did you use #pragma only_renderers and omit this platform?
WARNING: Shader If subshaders removal was intentional, you may have forgotten turning Fallback off?
WARNING: Shader Unsupported: 'Game Particles/Unlit' - All subshaders removed
WARNING: Shader Did you use #pragma only_renderers and omit this platform?
WARNING: Shader If subshaders removal was intentional, you may have forgotten turning Fallback off?
ERROR: Shader Game Particles/Unlit shader is not supported on this GPU (none of subshaders/fallbacks are suitable)
WARNING: Shader Unsupported: 'Game Particles/Unlit' - All subshaders removed
WARNING: Shader Did you use #pragma only_renderers and omit this platform?
WARNING: Shader If subshaders removal was intentional, you may have forgotten turning Fallback off?
ERROR: Shader Game/Transparent shader is not supported on this GPU (none of subshaders/fallbacks are suitable)
Couldn't create a Convex Mesh from source mesh "hull_forklift_tire" within the maximum polygons limit (256). The partial hull will be used. Consider simplifying your mesh.
WARNING: Shader Unsupported: 'Legacy Shaders/Specular' - All subshaders removed
WARNING: Shader Did you use #pragma only_renderers and omit this platform?
WARNING: Shader If subshaders removal was intentional, you may have forgotten turning Fallback off?
ERROR: Shader Legacy Shaders/Specular shader is not supported on this GPU (none of subshaders/fallbacks are suitable)
WARNING: Shader Unsupported: 'Legacy Shaders/Specular' - All subshaders removed
WARNING: Shader Did you use #pragma only_renderers and omit this platform?
WARNING: Shader If subshaders removal was intentional, you may have forgotten turning Fallback off?
WARNING: Shader Unsupported: 'Legacy Shaders/Bumped Specular' - All subshaders removed
WARNING: Shader Did you use #pragma only_renderers and omit this platform?
WARNING: Shader If subshaders removal was intentional, you may have forgotten turning Fallback off?
ERROR: Shader Legacy Shaders/Bumped Specular shader is not supported on this GPU (none of subshaders/fallbacks are suitable)
WARNING: Shader Unsupported: 'Legacy Shaders/Bumped Specular' - All subshaders removed
WARNING: Shader Did you use #pragma only_renderers and omit this platform?
WARNING: Shader If subshaders removal was intentional, you may have forgotten turning Fallback off?
WARNING: Shader Unsupported: 'Game Particles/surfaceShader_particleEnhanced' - All subshaders removed
WARNING: Shader Did you use #pragma only_renderers and omit this platform?
WARNING: Shader If subshaders removal was intentional, you may have forgotten turning Fallback off?
ERROR: Shader Game Particles/surfaceShader_particleEnhanced shader is not supported on this GPU (none of subshaders/fallbacks are suitable)
WARNING: Shader Unsupported: 'Game Particles/surfaceShader_particleEnhanced' - All subshaders removed
WARNING: Shader Did you use #pragma only_renderers and omit this platform?
WARNING: Shader If subshaders removal was intentional, you may have forgotten turning Fallback off?
WARNING: Shader Unsupported: 'Standard (Specular setup)' - All subshaders removed
WARNING: Shader Did you use #pragma only_renderers and omit this platform?
WARNING: Shader If subshaders removal was intentional, you may have forgotten turning Fallback off?
ERROR: Shader Standard (Specular setup) shader is not supported on this GPU (none of subshaders/fallbacks are suitable)
WARNING: Shader Unsupported: 'Standard (Specular setup)' - All subshaders removed
WARNING: Shader Did you use #pragma only_renderers and omit this platform?
WARNING: Shader If subshaders removal was intentional, you may have forgotten turning Fallback off?
WARNING: Shader Unsupported: 'Game Particles/Lit' - All subshaders removed
WARNING: Shader Did you use #pragma only_renderers and omit this platform?
WARNING: Shader If subshaders removal was intentional, you may have forgotten turning Fallback off?
ERROR: Shader Game Particles/Lit shader is not supported on this GPU (none of subshaders/fallbacks are suitable)
WARNING: Shader Unsupported: 'Game Particles/Lit' - All subshaders removed
WARNING: Shader Did you use #pragma only_renderers and omit this platform?
WARNING: Shader If subshaders removal was intentional, you may have forgotten turning Fallback off?
WARNING: Shader Unsupported: 'Game Particles/Lit' - All subshaders removed
WARNING: Shader Did you use #pragma only_renderers and omit this platform?
WARNING: Shader If subshaders removal was intentional, you may have forgotten turning Fallback off?
ERROR: Shader Game Particles/Lit shader is not supported on this GPU (none of subshaders/fallbacks are suitable)
WARNING: Shader Unsupported: 'Game Particles/Lit' - All subshaders removed
WARNING: Shader Did you use #pragma only_renderers and omit this platform?
WARNING: Shader If subshaders removal was intentional, you may have forgotten turning Fallback off?
ERROR: Shader Legacy Shaders/Particles/Alpha Blended shader is not supported on this GPU (none of subshaders/fallbacks are suitable)
WARNING: Shader Unsupported: 'Game Particles/Unlit' - All subshaders removed
WARNING: Shader Did you use #pragma only_renderers and omit this platform?
WARNING: Shader If subshaders removal was intentional, you may have forgotten turning Fallback off?
ERROR: Shader Game Particles/Unlit shader is not supported on this GPU (none of subshaders/fallbacks are suitable)
WARNING: Shader Unsupported: 'Game Particles/Unlit' - All subshaders removed
WARNING: Shader Did you use #pragma only_renderers and omit this platform?
WARNING: Shader If subshaders removal was intentional, you may have forgotten turning Fallback off?
ERROR: Shader Legacy Shaders/Particles/Additive (Soft) shader is not supported on this GPU (none of subshaders/fallbacks are suitable)
WARNING: Shader Unsupported: 'Game/BasicUV_TA' - All subshaders removed
WARNING: Shader Did you use #pragma only_renderers and omit this platform?
WARNING: Shader If subshaders removal was intentional, you may have forgotten turning Fallback off?
ERROR: Shader Game/BasicUV_TA shader is not supported on this GPU (none of subshaders/fallbacks are suitable)
WARNING: Shader Unsupported: 'Game/BasicUV_TA' - All subshaders removed
WARNING: Shader Did you use #pragma only_renderers and omit this platform?
WARNING: Shader If subshaders removal was intentional, you may have forgotten turning Fallback off?
ERROR: Shader Shader Forge/PaintParticle shader is not supported on this GPU (none of subshaders/fallbacks are suitable)
ERROR: Shader Shader Forge/7DTD_Fire_New shader is not supported on this GPU (none of subshaders/fallbacks are suitable)
WARNING: Shader Unsupported: 'Legacy Shaders/Bumped Diffuse' - All subshaders removed
WARNING: Shader Did you use #pragma only_renderers and omit this platform?
WARNING: Shader If subshaders removal was intentional, you may have forgotten turning Fallback off?
ERROR: Shader Legacy Shaders/Bumped Diffuse shader is not supported on this GPU (none of subshaders/fallbacks are suitable)
WARNING: Shader Unsupported: 'Legacy Shaders/Bumped Diffuse' - All subshaders removed
WARNING: Shader Did you use #pragma only_renderers and omit this platform?
WARNING: Shader If subshaders removal was intentional, you may have forgotten turning Fallback off?
ERROR: Shader Legacy Shaders/Transparent/Cutout/VertexLit shader is not supported on this GPU (none of subshaders/fallbacks are suitable)
WARNING: Shader Unsupported: 'Legacy Shaders/Transparent/Cutout/Diffuse' - All subshaders removed
WARNING: Shader Did you use #pragma only_renderers and omit this platform?
WARNING: Shader If subshaders removal was intentional, you may have forgotten turning Fallback off?
ERROR: Shader Legacy Shaders/Transparent/Cutout/Diffuse shader is not supported on this GPU (none of subshaders/fallbacks are suitable)
WARNING: Shader Unsupported: 'Legacy Shaders/Transparent/Cutout/Diffuse' - All subshaders removed
WARNING: Shader Did you use #pragma only_renderers and omit this platform?
WARNING: Shader If subshaders removal was intentional, you may have forgotten turning Fallback off?
WARNING: Shader Unsupported: 'Legacy Shaders/Transparent/Cutout/Bumped Diffuse' - All subshaders removed
WARNING: Shader Did you use #pragma only_renderers and omit this platform?
WARNING: Shader If subshaders removal was intentional, you may have forgotten turning Fallback off?
ERROR: Shader Legacy Shaders/Transparent/Cutout/Bumped Diffuse shader is not supported on this GPU (none of subshaders/fallbacks are suitable)
WARNING: Shader Unsupported: 'Legacy Shaders/Transparent/Cutout/Bumped Diffuse' - All subshaders removed
WARNING: Shader Did you use #pragma only_renderers and omit this platform?
WARNING: Shader If subshaders removal was intentional, you may have forgotten turning Fallback off?
WARNING: Shader Unsupported: 'Legacy Shaders/Transparent/Cutout/Bumped Specular' - All subshaders removed
WARNING: Shader Did you use #pragma only_renderers and omit this platform?
WARNING: Shader If subshaders removal was intentional, you may have forgotten turning Fallback off?
ERROR: Shader Legacy Shaders/Transparent/Cutout/Bumped Specular shader is not supported on this GPU (none of subshaders/fallbacks are suitable)
WARNING: Shader Unsupported: 'Legacy Shaders/Transparent/Cutout/Bumped Specular' - All subshaders removed
WARNING: Shader Did you use #pragma only_renderers and omit this platform?
WARNING: Shader If subshaders removal was intentional, you may have forgotten turning Fallback off?
WARNING: Shader Unsupported: 'Game Particles/shader_gas_lit' - All subshaders removed
WARNING: Shader Did you use #pragma only_renderers and omit this platform?
WARNING: Shader If subshaders removal was intentional, you may have forgotten turning Fallback off?
ERROR: Shader Game Particles/shader_gas_lit shader is not supported on this GPU (none of subshaders/fallbacks are suitable)
WARNING: Shader Unsupported: 'Game Particles/shader_gas_lit' - All subshaders removed
WARNING: Shader Did you use #pragma only_renderers and omit this platform?
WARNING: Shader If subshaders removal was intentional, you may have forgotten turning Fallback off?
Couldn't create a Convex Mesh from source mesh "Head" within the maximum polygons limit (256). The partial hull will be used. Consider simplifying your mesh.
WARNING: Shader Unsupported: 'Game/ZombieGibRadiation' - All subshaders removed
WARNING: Shader Did you use #pragma only_renderers and omit this platform?
WARNING: Shader If subshaders removal was intentional, you may have forgotten turning Fallback off?
ERROR: Shader Game/ZombieGibRadiation shader is not supported on this GPU (none of subshaders/fallbacks are suitable)
WARNING: Shader Unsupported: 'Game/ZombieGibRadiation' - All subshaders removed
WARNING: Shader Did you use #pragma only_renderers and omit this platform?
WARNING: Shader If subshaders removal was intentional, you may have forgotten turning Fallback off?
WARNING: Shader Unsupported: 'Game Particles/Liquid' - All subshaders removed
WARNING: Shader Did you use #pragma only_renderers and omit this platform?
WARNING: Shader If subshaders removal was intentional, you may have forgotten turning Fallback off?
ERROR: Shader Game Particles/Liquid shader is not supported on this GPU (none of subshaders/fallbacks are suitable)
WARNING: Shader Unsupported: 'Game Particles/Liquid' - All subshaders removed
WARNING: Shader Did you use #pragma only_renderers and omit this platform?
WARNING: Shader If subshaders removal was intentional, you may have forgotten turning Fallback off?
WARNING: Shader Unsupported: 'Legacy Shaders/Reflective/VertexLit' - All subshaders removed
WARNING: Shader Did you use #pragma only_renderers and omit this platform?
WARNING: Shader If subshaders removal was intentional, you may have forgotten turning Fallback off?
ERROR: Shader Legacy Shaders/Reflective/VertexLit shader is not supported on this GPU (none of subshaders/fallbacks are suitable)
WARNING: Shader Unsupported: 'Legacy Shaders/Reflective/VertexLit' - All subshaders removed
WARNING: Shader Did you use #pragma only_renderers and omit this platform?
WARNING: Shader If subshaders removal was intentional, you may have forgotten turning Fallback off?
WARNING: Shader Unsupported: 'Legacy Shaders/Reflective/Bumped Diffuse' - All subshaders removed
WARNING: Shader Did you use #pragma only_renderers and omit this platform?
WARNING: Shader If subshaders removal was intentional, you may have forgotten turning Fallback off?
ERROR: Shader Legacy Shaders/Reflective/Bumped Diffuse shader is not supported on this GPU (none of subshaders/fallbacks are suitable)
WARNING: Shader Unsupported: 'Legacy Shaders/Reflective/Bumped Diffuse' - All subshaders removed
WARNING: Shader Did you use #pragma only_renderers and omit this platform?
WARNING: Shader If subshaders removal was intentional, you may have forgotten turning Fallback off?
WARNING: Shader Unsupported: 'Legacy Shaders/Reflective/Bumped Specular' - All subshaders removed
WARNING: Shader Did you use #pragma only_renderers and omit this platform?
WARNING: Shader If subshaders removal was intentional, you may have forgotten turning Fallback off?
ERROR: Shader Legacy Shaders/Reflective/Bumped Specular shader is not supported on this GPU (none of subshaders/fallbacks are suitable)
WARNING: Shader Unsupported: 'Legacy Shaders/Reflective/Bumped Specular' - All subshaders removed
WARNING: Shader Did you use #pragma only_renderers and omit this platform?
WARNING: Shader If subshaders removal was intentional, you may have forgotten turning Fallback off?
WARNING: Shader Unsupported: 'Game Particles/sparkShader' - All subshaders removed
WARNING: Shader Did you use #pragma only_renderers and omit this platform?
WARNING: Shader If subshaders removal was intentional, you may have forgotten turning Fallback off?
ERROR: Shader Game Particles/sparkShader shader is not supported on this GPU (none of subshaders/fallbacks are suitable)
WARNING: Shader Unsupported: 'Game Particles/sparkShader' - All subshaders removed
WARNING: Shader Did you use #pragma only_renderers and omit this platform?
WARNING: Shader If subshaders removal was intentional, you may have forgotten turning Fallback off?
ERROR: Shader Sprites/Default shader is not supported on this GPU (none of subshaders/fallbacks are suitable)
WARNING: Shader Unsupported: 'stainedGlass' - All subshaders removed
WARNING: Shader Did you use #pragma only_renderers and omit this platform?
WARNING: Shader If subshaders removal was intentional, you may have forgotten turning Fallback off?
ERROR: Shader stainedGlass shader is not supported on this GPU (none of subshaders/fallbacks are suitable)
WARNING: Shader Unsupported: 'stainedGlass' - All subshaders removed
WARNING: Shader Did you use #pragma only_renderers and omit this platform?
WARNING: Shader If subshaders removal was intentional, you may have forgotten turning Fallback off?
ERROR: Shader Hidden/Game/ChunkTransparent shader is not supported on this GPU (none of subshaders/fallbacks are suitable)
2024-12-02T18:33:22 1.457 INF Loaded (local): events in 0.01
2024-12-02T18:33:22 1.465 INF Loaded (local): rwgmixer in 0.01
2024-12-02T18:33:22 1.472 INF Loaded (local): archetypes in 0.01
2024-12-02T18:33:22 1.473 INF Loaded (local): loadingscreen in 0.00
2024-12-02T18:33:22 1.479 INF Added 1335 subtitle data entries and 3 speaker colors
2024-12-02T18:33:22 1.479 INF Loaded (local): subtitles in 0.00
2024-12-02T18:33:22 1.480 INF Loaded (local): videos in 0.00
2024-12-02T18:33:22 1.480 INF WorldStaticData.Init() needed 0.000s
2024-12-02T18:33:22 1.499 INF Started Telnet on 8081
2024-12-02T18:33:22 1.505 INF [PartyQuests] Initialized
2024-12-02T18:33:22 1.505 INF Awake done in 1074 ms
ERROR: Shader Unlit/Text shader is not supported on this GPU (none of subshaders/fallbacks are suitable)
2024-12-02T18:33:25 4.068 INF NET: Starting server protocols
2024-12-02T18:33:25 4.070 INF [NET] Disabling protocol: SteamNetworking
2024-12-02T18:33:25 4.085 INF NET: LiteNetLib server started
2024-12-02T18:33:25 4.086 INF [PlatformApplication] restart required = False
2024-12-02T18:33:25 4.086 INF StartGame
2024-12-02T18:33:25 4.086 INF NetPackageManager Init
2024-12-02T18:33:25 4.314 INF Persistent GamePrefs saved
GamePref.AdminFileName = serveradmin.xml
GamePref.AirDropFrequency = 72
GamePref.AirDropMarker = True
GamePref.AllowSpawnNearBackpack = True
GamePref.AutopilotMode = 0
GamePref.BedrollDeadZoneSize = 15
GamePref.BedrollExpiryTime = 45
GamePref.BlockDamageAI = 100
GamePref.BlockDamageAIBM = 100
GamePref.BlockDamagePlayer = 100
GamePref.BloodMoonEnemyCount = 8
GamePref.BloodMoonFrequency = 7
GamePref.BloodMoonRange = 0
GamePref.BloodMoonWarning = 8
GamePref.BuildCreate = False
GamePref.ConnectToServerIP = 127.0.0.1
GamePref.ConnectToServerPort = 26900
GamePref.CreateLevelDim = 4096
GamePref.CreateLevelName = My Level
GamePref.CreativeMenuEnabled = False
GamePref.DayCount = 3
GamePref.DayLightLength = 18
GamePref.DayNightLength = 60
GamePref.DeathPenalty = 1
GamePref.DebugMenuEnabled = False
GamePref.DebugMenuShowTasks = False
GamePref.DebugPanelsEnabled = -
GamePref.DebugStopEnemiesMoving = False
GamePref.DropOnDeath = 1
GamePref.DropOnQuit = 0
GamePref.DynamicMeshDistance = 1000
GamePref.DynamicMeshEnabled = True
GamePref.DynamicMeshLandClaimBuffer = 3
GamePref.DynamicMeshLandClaimOnly = True
GamePref.DynamicMeshMaxItemCache = 3
GamePref.DynamicMeshMaxRegionCache = 1
GamePref.DynamicMeshUseImposters = False
GamePref.DynamicSpawner = 
GamePref.EACEnabled = True
GamePref.EnableMapRendering = False
GamePref.EnemyDifficulty = 0
GamePref.EnemySpawnMode = True
GamePref.EulaLatestVersion = 0
GamePref.EulaVersionAccepted = -1
GamePref.FavoriteServersList = 
GamePref.FragLimit = 20
GamePref.GameDifficulty = 2
GamePref.GameGuidClient = 
GamePref.GameMode = GameModeSurvival
GamePref.GameName = My Game
GamePref.GameNameClient = My Game
GamePref.GameVersion = V 1.1
GamePref.GameWorld = Navezgane
GamePref.HideCommandExecutionLog = 0
GamePref.IgnoreEOSSanctions = False
GamePref.JoiningOptions = True
GamePref.LandClaimCount = 3
GamePref.LandClaimDeadZone = 30
GamePref.LandClaimDecayMode = 0
GamePref.LandClaimExpiryTime = 7
GamePref.LandClaimOfflineDelay = 0
GamePref.LandClaimOfflineDurabilityModifier = 4
GamePref.LandClaimOnlineDurabilityModifier = 4
GamePref.LandClaimSize = 41
GamePref.Language = English
GamePref.LanguageBrowser = 
GamePref.LastGameResetRevision = 0
GamePref.LastLoadedPrefab = 
GamePref.LastLoadingTipRead = -1
GamePref.LootAbundance = 100
GamePref.LootRespawnDays = 7
GamePref.LootTimer = 
GamePref.MatchLength = 10
GamePref.MaxChunkAge = -1
GamePref.MaxQueuedMeshLayers = 1000
GamePref.MaxSpawnedAnimals = 50
GamePref.MaxSpawnedZombies = 64
GamePref.MaxUncoveredMapChunksPerPlayer = 131072
GamePref.NoGraphicsMode = True
GamePref.OptionsAllowController = True
GamePref.OptionsAmbientVolumeLevel = 1
GamePref.OptionsAudioOcclusion = False
GamePref.OptionsBackgroundGlobalOpacity = 0.95
GamePref.OptionsChatCommunication = True
GamePref.OptionsControllerAimAssists = True
GamePref.OptionsControllerCursorHoverSensitivity = 0.5
GamePref.OptionsControllerCursorSnap = True
GamePref.OptionsControllerIconStyle = 0
GamePref.OptionsControllerJoystickLayout = 0
GamePref.OptionsControllerLookAcceleration = 4
GamePref.OptionsControllerLookAxisDeadzone = 0.1
GamePref.OptionsControllerLookInvert = False
GamePref.OptionsControllerMoveAxisDeadzone = 0.1
GamePref.OptionsControllerSensitivityX = 0.35
GamePref.OptionsControllerSensitivityY = 0.25
GamePref.OptionsControllerTriggerEffects = False
GamePref.OptionsControllerVehicleSensitivity = 1
GamePref.OptionsControllerVibration = True
GamePref.OptionsControllerVibrationStrength = 2
GamePref.OptionsControllerWeaponAiming = False
GamePref.OptionsControllerZoomSensitivity = 0.5
GamePref.OptionsControlsResetRevision = 0
GamePref.OptionsControlsSprintLock = True
GamePref.OptionsDisableChunkLODs = False
GamePref.OptionsDisableXmlEvents = False
GamePref.OptionsDynamicMusicDailyTime = 0.45
GamePref.OptionsDynamicMusicEnabled = True
GamePref.OptionsFilterProfanity = False
GamePref.OptionsForegroundGlobalOpacity = 1
GamePref.OptionsGfxAA = 1
GamePref.OptionsGfxAASharpness = 0
GamePref.OptionsGfxBloom = True
GamePref.OptionsGfxBrightness = 0.5
GamePref.OptionsGfxDOF = False
GamePref.OptionsGfxDynamicMinFPS = 30
GamePref.OptionsGfxDynamicMode = 0
GamePref.OptionsGfxDynamicScale = 1
GamePref.OptionsGfxFOV = 65
GamePref.OptionsGfxGrassDistance = 1
GamePref.OptionsGfxLODDistance = 0.5
GamePref.OptionsGfxMotionBlur = 1
GamePref.OptionsGfxMotionBlurEnabled = True
GamePref.OptionsGfxObjQuality = 3
GamePref.OptionsGfxOcclusion = True
GamePref.OptionsGfxQualityPreset = 2
GamePref.OptionsGfxReflectQuality = 1
GamePref.OptionsGfxReflectShadows = False
GamePref.OptionsGfxResetRevision = 0
GamePref.OptionsGfxResolution = 0
GamePref.OptionsGfxShadowDistance = 1
GamePref.OptionsGfxShadowQuality = 1
GamePref.OptionsGfxSSAO = True
GamePref.OptionsGfxSSReflections = 1
GamePref.OptionsGfxStreamMipmaps = True
GamePref.OptionsGfxSunShafts = True
GamePref.OptionsGfxTerrainQuality = 3
GamePref.OptionsGfxTexFilter = 1
GamePref.OptionsGfxTexQuality = 1
GamePref.OptionsGfxTreeDistance = 4
GamePref.OptionsGfxViewDistance = 6
GamePref.OptionsGfxVsync = 1
GamePref.OptionsGfxWaterPtlLimiter = 0.5
GamePref.OptionsGfxWaterQuality = 1
GamePref.OptionsHudOpacity = 1
GamePref.OptionsHudSize = 1
GamePref.OptionsInterfaceSensitivity = 0.5
GamePref.OptionsIntroMovieEnabled = True
GamePref.OptionsInvertMouse = False
GamePref.OptionsJournalPopup = True
GamePref.OptionsLiteNetLibMtuOverride = False
GamePref.OptionsLookSensitivity = 0.5
GamePref.OptionsMenuMusicVolumeLevel = 0.7
GamePref.OptionsMicVolumeLevel = 0.75
GamePref.OptionsMumblePositionalAudioSupport = False
GamePref.OptionsMusicVolumeLevel = 0.6
GamePref.OptionsOverallAudioVolumeLevel = 1
GamePref.OptionsPlayChanceFrequency = 3
GamePref.OptionsPlayChanceProbability = 0.983
GamePref.OptionsPlayerModel = playerMale
GamePref.OptionsPlayerModelTexture = Player/Male/Player_male
GamePref.OptionsPOICulling = 1
GamePref.OptionsQuestsAutoAccept = True
GamePref.OptionsQuestsAutoShare = True
GamePref.OptionsScreenBoundsValue = 1
GamePref.OptionsSelectionBoxAlphaMultiplier = 0.4
GamePref.OptionsShowCompass = True
GamePref.OptionsShowCrosshair = True
GamePref.OptionsStabSpawnBlocksOnGround = True
GamePref.OptionsSubtitlesEnabled = False
GamePref.OptionsTempCelsius = False
GamePref.OptionsUiCompassUseEnglishCardinalDirections = False
GamePref.OptionsUiFpsScaling = 1
GamePref.OptionsVehicleLookSensitivity = 0.5
GamePref.OptionsVoiceChatEnabled = True
GamePref.OptionsVoiceInputDevice = 
GamePref.OptionsVoiceOutputDevice = 
GamePref.OptionsVoiceVolumeLevel = 0.75
GamePref.OptionsWeaponAiming = False
GamePref.OptionsZoomAccel = 0.5
GamePref.OptionsZoomSensitivity = 0.3
GamePref.PartySharedKillRange = 100
GamePref.PersistentPlayerProfiles = False
GamePref.PlayerAutologin = False
GamePref.PlayerKillingMode = 3
GamePref.PlayerName = Player
GamePref.PlayerSafeZoneHours = 5
GamePref.PlayerSafeZoneLevel = 5
GamePref.PlayerToken = 
GamePref.PlaytestBiome = 3
GamePref.QuestProgressionDailyLimit = 4
GamePref.RebuildMap = False
GamePref.Region = NorthAmericaEast
GamePref.SaveDataLimit = -1
GamePref.SelectionContextMode = 0
GamePref.SelectionOperationMode = 0
GamePref.ServerAdminSlots = 0
GamePref.ServerAdminSlotsPermission = 0
GamePref.ServerDescription = A 7 Days to Die server
GamePref.ServerDisabledNetworkProtocols = SteamNetworking
GamePref.ServerEnabled = False
GamePref.ServerIP = 
GamePref.ServerIsPublic = True
GamePref.ServerLoginConfirmationText = 
GamePref.ServerMaxAllowedViewDistance = 12
GamePref.ServerMaxPlayerCount = 8
GamePref.ServerMaxWorldTransferSpeedKiBs = 512
GamePref.ServerName = CostaDelMars_GameNight
GamePref.ServerPort = 26900
GamePref.ServerReservedSlots = 0
GamePref.ServerReservedSlotsPermission = 100
GamePref.ServerVisibility = 2
GamePref.ServerWebsiteURL = 
GamePref.ShowFriendPlayerOnMap = True
GamePref.SkipSpawnButton = False
GamePref.TelnetEnabled = True
GamePref.TelnetFailedLoginLimit = 10
GamePref.TelnetFailedLoginsBlocktime = 10
GamePref.TelnetPort = 8081
GamePref.TerminalWindowEnabled = True
GamePref.TwitchBloodMoonAllowed = False
GamePref.TwitchServerPermission = 90
GamePref.UNUSED_ControlPanelEnabled = False
GamePref.UNUSED_ControlPanelPort = 8080
GamePref.UNUSED_LastLoadedPrefabSize = 
GamePref.UNUSED_NewGameSetDefaults = 
GamePref.UNUSED_OptionsBloom = 
GamePref.UNUSED_OptionsDOF = 
GamePref.UNUSED_OptionsFieldOfViewNew = 
GamePref.UNUSED_OptionsGamma = 
GamePref.UNUSED_OptionsGfxGameplayResolutionHeight = 
GamePref.UNUSED_OptionsGfxGameplayResolutionWidth = 
GamePref.UNUSED_OptionsGfxUMATexQuality = 
GamePref.UNUSED_OptionsMotionBlur = 
GamePref.UNUSED_OptionsObjectBlur = 
GamePref.UNUSED_OptionsReflectionBounces = 
GamePref.UNUSED_OptionsReflectionCullList = 
GamePref.UNUSED_OptionsReflectionFarClip = 
GamePref.UNUSED_OptionsReflectionRefreshMode = 
GamePref.UNUSED_OptionsReflectionShadowDistance = 
GamePref.UNUSED_OptionsReflectionTimeSlicingMode = 
GamePref.UNUSED_OptionsSSAO = 
GamePref.UNUSED_OptionsStreamingMipmapsBudget = 
GamePref.UNUSED_OptionsSunShafts = 
GamePref.UNUSED_PlayerId = 
GamePref.UNUSED_SaveGameFolder = 
GamePref.UNUSED_UserDataFolder = 
GamePref.WebDashboardEnabled = False
GamePref.WebDashboardPort = 8080
GamePref.WebDashboardUrl = 
GamePref.WorldGenSeed = asdf
GamePref.WorldGenSize = 6144
GamePref.XPMultiplier = 100
GamePref.ZombieBMMove = 3
GamePref.ZombieFeralMove = 3
GamePref.ZombieFeralSense = 0
GamePref.ZombieMove = 0
GamePref.ZombieMoveNight = 3
GamePref.ZombiePlayers = True
GameStat.AirDropFrequency = 0
GameStat.AirDropMarker = True
GameStat.AllowedViewDistance = 12
GameStat.AnimalCount = 0
GameStat.AutoParty = False
GameStat.BedrollExpiryTime = 45
GameStat.BlockDamagePlayer = 100
GameStat.BloodMoonDay = 0
GameStat.BloodMoonEnemyCount = 8
GameStat.BloodMoonWarning = 8
GameStat.ChunkStabilityEnabled = True
GameStat.CurrentRoundIx = 0
GameStat.DayLightLength = 18
GameStat.DayLimitActive = False
GameStat.DayLimitThisRound = 0
GameStat.DeathPenalty = XPOnly
GameStat.DropOnDeath = 1
GameStat.DropOnQuit = 0
GameStat.EnemyCount = 0
GameStat.EnemyDifficulty = Normal
GameStat.EnemySpawnMode = True
GameStat.FragLimitActive = False
GameStat.FragLimitThisRound = 0
GameStat.GameDifficulty = 2
GameStat.GameDifficultyBonus = 1
GameStat.GameModeId = 0
GameStat.GameState = 0
GameStat.GlobalMessageToShow = 
GameStat.IsCreativeMenuEnabled = False
GameStat.IsFlyingEnabled = False
GameStat.IsPlayerCollisionEnabled = True
GameStat.IsPlayerDamageEnabled = True
GameStat.IsResetMapOnRestart = False
GameStat.IsSaveSupplyCrates = True
GameStat.IsSpawnEnemies = True
GameStat.IsSpawnNearOtherPlayer = False
GameStat.IsTeleportEnabled = False
GameStat.IsVersionCheckDone = False
GameStat.LandClaimCount = 3
GameStat.LandClaimDeadZone = 30
GameStat.LandClaimDecayMode = 0
GameStat.LandClaimExpiryTime = 3
GameStat.LandClaimOfflineDelay = 0
GameStat.LandClaimOfflineDurabilityModifier = 32
GameStat.LandClaimOnlineDurabilityModifier = 32
GameStat.LandClaimSize = 41
GameStat.LoadScene = 
GameStat.LootTimer = 
GameStat.OptionsPOICulling = 0
GameStat.PartySharedKillRange = 100
GameStat.PlayerKillingMode = KillStrangersOnly
GameStat.QuestProgressionDailyLimit = 4
GameStat.ScoreDiedMultiplier = -5
GameStat.ScorePlayerKillMultiplier = 1
GameStat.ScoreZombieKillMultiplier = 1
GameStat.ShowAllPlayersOnMap = False
GameStat.ShowFriendPlayerOnMap = True
GameStat.ShowSpawnWindow = False
GameStat.ShowWindow = 
GameStat.TimeLimitActive = False
GameStat.TimeLimitThisRound = 0
GameStat.TimeOfDayIncPerSec = 20
GameStat.TwitchBloodMoonAllowed = True
GameStat.UNUSED_ShowZombieCounter = 
GameStat.XPMultiplier = 100
GameStat.ZombieHordeMeter = False
2024-12-02T18:33:25 4.425 INF StartAsServer
2024-12-02T18:33:26 4.833 INF Loaded (local): events in 0.10
2024-12-02T18:33:26 5.583 INF Loaded (local): materials in 0.30
2024-12-02T18:33:27 5.932 INF Loaded (local): physicsbodies in 0.10
2024-12-02T18:33:27 6.331 INF Loaded (local): painting in 0.10
2024-12-02T18:33:27 6.682 INF Loaded (local): shapes in 0.10
ERROR: Shader Legacy Shaders/Transparent/Cutout/VertexLit shader is not supported on this GPU (none of subshaders/fallbacks are suitable)
WARNING: Shader Unsupported: 'Game/SpeedTree' - All subshaders removed
WARNING: Shader Did you use #pragma only_renderers and omit this platform?
WARNING: Shader If subshaders removal was intentional, you may have forgotten turning Fallback off?
ERROR: Shader Game/SpeedTree shader is not supported on this GPU (none of subshaders/fallbacks are suitable)
WARNING: Shader Unsupported: 'Game/SpeedTree' - All subshaders removed
WARNING: Shader Did you use #pragma only_renderers and omit this platform?
WARNING: Shader If subshaders removal was intentional, you may have forgotten turning Fallback off?
WARNING: Shader Unsupported: 'Nature/SpeedTree Billboard' - All subshaders removed
WARNING: Shader Did you use #pragma only_renderers and omit this platform?
WARNING: Shader If subshaders removal was intentional, you may have forgotten turning Fallback off?
ERROR: Shader Nature/SpeedTree Billboard shader is not supported on this GPU (none of subshaders/fallbacks are suitable)
WARNING: Shader Unsupported: 'Nature/SpeedTree Billboard' - All subshaders removed
WARNING: Shader Did you use #pragma only_renderers and omit this platform?
WARNING: Shader If subshaders removal was intentional, you may have forgotten turning Fallback off?
ERROR: Shader Game/BlockMissing shader is not supported on this GPU (none of subshaders/fallbacks are suitable)
WARNING: Shader Unsupported: 'Game/Entity Tint Mask' - All subshaders removed
WARNING: Shader Did you use #pragma only_renderers and omit this platform?
WARNING: Shader If subshaders removal was intentional, you may have forgotten turning Fallback off?
ERROR: Shader Game/Entity Tint Mask shader is not supported on this GPU (none of subshaders/fallbacks are suitable)
WARNING: Shader Unsupported: 'Game/Entity Tint Mask' - All subshaders removed
WARNING: Shader Did you use #pragma only_renderers and omit this platform?
WARNING: Shader If subshaders removal was intentional, you may have forgotten turning Fallback off?
ERROR: Shader Game/Transparent shader is not supported on this GPU (none of subshaders/fallbacks are suitable)
WARNING: Shader Unsupported: '7DTD/7DTD_Liquid' - All subshaders removed
WARNING: Shader Did you use #pragma only_renderers and omit this platform?
WARNING: Shader If subshaders removal was intentional, you may have forgotten turning Fallback off?
ERROR: Shader 7DTD/7DTD_Liquid shader is not supported on this GPU (none of subshaders/fallbacks are suitable)
WARNING: Shader Unsupported: '7DTD/7DTD_Liquid' - All subshaders removed
WARNING: Shader Did you use #pragma only_renderers and omit this platform?
WARNING: Shader If subshaders removal was intentional, you may have forgotten turning Fallback off?
WARNING: Shader Unsupported: 'Custom/SignTextShader' - All subshaders removed
WARNING: Shader Did you use #pragma only_renderers and omit this platform?
WARNING: Shader If subshaders removal was intentional, you may have forgotten turning Fallback off?
ERROR: Shader Custom/SignTextShader shader is not supported on this GPU (none of subshaders/fallbacks are suitable)
WARNING: Shader Unsupported: 'Custom/SignTextShader' - All subshaders removed
WARNING: Shader Did you use #pragma only_renderers and omit this platform?
WARNING: Shader If subshaders removal was intentional, you may have forgotten turning Fallback off?
WARNING: Shader Unsupported: 'Game/Autodesk XFade' - All subshaders removed
WARNING: Shader Did you use #pragma only_renderers and omit this platform?
WARNING: Shader If subshaders removal was intentional, you may have forgotten turning Fallback off?
ERROR: Shader Game/Autodesk XFade shader is not supported on this GPU (none of subshaders/fallbacks are suitable)
WARNING: Shader Unsupported: 'Game/Autodesk XFade' - All subshaders removed
WARNING: Shader Did you use #pragma only_renderers and omit this platform?
WARNING: Shader If subshaders removal was intentional, you may have forgotten turning Fallback off?
ERROR: Shader Legacy Shaders/Particles/Alpha Blended Premultiply shader is not supported on this GPU (none of subshaders/fallbacks are suitable)
WARNING: Shader Unsupported: '7DTD/7DTD_Fire' - All subshaders removed
WARNING: Shader Did you use #pragma only_renderers and omit this platform?
WARNING: Shader If subshaders removal was intentional, you may have forgotten turning Fallback off?
ERROR: Shader 7DTD/7DTD_Fire shader is not supported on this GPU (none of subshaders/fallbacks are suitable)
WARNING: Shader Unsupported: '7DTD/7DTD_Fire' - All subshaders removed
WARNING: Shader Did you use #pragma only_renderers and omit this platform?
WARNING: Shader If subshaders removal was intentional, you may have forgotten turning Fallback off?
There is no texture data available to upload.
ERROR: Shader Game/SemiTransGlow shader is not supported on this GPU (none of subshaders/fallbacks are suitable)
WARNING: Shader Unsupported: 'Particles/Standard Unlit' - All subshaders removed
WARNING: Shader Did you use #pragma only_renderers and omit this platform?
WARNING: Shader If subshaders removal was intentional, you may have forgotten turning Fallback off?
ERROR: Shader Particles/Standard Unlit shader is not supported on this GPU (none of subshaders/fallbacks are suitable)
WARNING: Shader Unsupported: 'Particles/Standard Unlit' - All subshaders removed
WARNING: Shader Did you use #pragma only_renderers and omit this platform?
WARNING: Shader If subshaders removal was intentional, you may have forgotten turning Fallback off?
WARNING: Shader Unsupported: 'Game Particles/Unlit' - All subshaders removed
WARNING: Shader Did you use #pragma only_renderers and omit this platform?
WARNING: Shader If subshaders removal was intentional, you may have forgotten turning Fallback off?
ERROR: Shader Game Particles/Unlit shader is not supported on this GPU (none of subshaders/fallbacks are suitable)
WARNING: Shader Unsupported: 'Game Particles/Unlit' - All subshaders removed
WARNING: Shader Did you use #pragma only_renderers and omit this platform?
WARNING: Shader If subshaders removal was intentional, you may have forgotten turning Fallback off?
There is no texture data available to upload.
There is no texture data available to upload.
There is no texture data available to upload.
There is no texture data available to upload.
There is no texture data available to upload.
There is no texture data available to upload.
There is no texture data available to upload.
There is no texture data available to upload.
There is no texture data available to upload.
There is no texture data available to upload.
There is no texture data available to upload.
There is no texture data available to upload.
There is no texture data available to upload.
There is no texture data available to upload.
WARNING: Shader Unsupported: 'Game/TorchFire' - All subshaders removed
WARNING: Shader Did you use #pragma only_renderers and omit this platform?
WARNING: Shader If subshaders removal was intentional, you may have forgotten turning Fallback off?
ERROR: Shader Game/TorchFire shader is not supported on this GPU (none of subshaders/fallbacks are suitable)
WARNING: Shader Unsupported: 'Game/TorchFire' - All subshaders removed
WARNING: Shader Did you use #pragma only_renderers and omit this platform?
WARNING: Shader If subshaders removal was intentional, you may have forgotten turning Fallback off?
WARNING: Shader Unsupported: 'Game Particles/partPyro_fireShader_A' - All subshaders removed
WARNING: Shader Did you use #pragma only_renderers and omit this platform?
WARNING: Shader If subshaders removal was intentional, you may have forgotten turning Fallback off?
ERROR: Shader Game Particles/partPyro_fireShader_A shader is not supported on this GPU (none of subshaders/fallbacks are suitable)
WARNING: Shader Unsupported: 'Game Particles/partPyro_fireShader_A' - All subshaders removed
WARNING: Shader Did you use #pragma only_renderers and omit this platform?
WARNING: Shader If subshaders removal was intentional, you may have forgotten turning Fallback off?
WARNING: Shader Unsupported: 'Game Particles/partPyro_template_lit_B' - All subshaders removed
WARNING: Shader Did you use #pragma only_renderers and omit this platform?
WARNING: Shader If subshaders removal was intentional, you may have forgotten turning Fallback off?
ERROR: Shader Game Particles/partPyro_template_lit_B shader is not supported on this GPU (none of subshaders/fallbacks are suitable)
WARNING: Shader Unsupported: 'Game Particles/partPyro_template_lit_B' - All subshaders removed
WARNING: Shader Did you use #pragma only_renderers and omit this platform?
WARNING: Shader If subshaders removal was intentional, you may have forgotten turning Fallback off?
ERROR: Shader Legacy Shaders/Particles/Additive shader is not supported on this GPU (none of subshaders/fallbacks are suitable)
WARNING: Shader Unsupported: 'Particles/Standard Surface' - All subshaders removed
WARNING: Shader Did you use #pragma only_renderers and omit this platform?
WARNING: Shader If subshaders removal was intentional, you may have forgotten turning Fallback off?
ERROR: Shader Particles/Standard Surface shader is not supported on this GPU (none of subshaders/fallbacks are suitable)
WARNING: Shader Unsupported: 'Particles/Standard Surface' - All subshaders removed
WARNING: Shader Did you use #pragma only_renderers and omit this platform?
WARNING: Shader If subshaders removal was intentional, you may have forgotten turning Fallback off?
WARNING: Shader Unsupported: 'Autodesk Interactive' - All subshaders removed
WARNING: Shader Did you use #pragma only_renderers and omit this platform?
WARNING: Shader If subshaders removal was intentional, you may have forgotten turning Fallback off?
ERROR: Shader Autodesk Interactive shader is not supported on this GPU (none of subshaders/fallbacks are suitable)
WARNING: Shader Unsupported: 'Autodesk Interactive' - All subshaders removed
WARNING: Shader Did you use #pragma only_renderers and omit this platform?
WARNING: Shader If subshaders removal was intentional, you may have forgotten turning Fallback off?
WARNING: Shader Unsupported: 'Game/Autodesk' - All subshaders removed
WARNING: Shader Did you use #pragma only_renderers and omit this platform?
WARNING: Shader If subshaders removal was intentional, you may have forgotten turning Fallback off?
ERROR: Shader Game/Autodesk shader is not supported on this GPU (none of subshaders/fallbacks are suitable)
WARNING: Shader Unsupported: 'Game/Autodesk' - All subshaders removed
WARNING: Shader Did you use #pragma only_renderers and omit this platform?
WARNING: Shader If subshaders removal was intentional, you may have forgotten turning Fallback off?
ERROR: Shader Game/Character shader is not supported on this GPU (none of subshaders/fallbacks are suitable)
WARNING: Shader Unsupported: '7DTD/7DTD_Cobweb' - All subshaders removed
WARNING: Shader Did you use #pragma only_renderers and omit this platform?
WARNING: Shader If subshaders removal was intentional, you may have forgotten turning Fallback off?
ERROR: Shader 7DTD/7DTD_Cobweb shader is not supported on this GPU (none of subshaders/fallbacks are suitable)
WARNING: Shader Unsupported: '7DTD/7DTD_Cobweb' - All subshaders removed
WARNING: Shader Did you use #pragma only_renderers and omit this platform?
WARNING: Shader If subshaders removal was intentional, you may have forgotten turning Fallback off?
There is no texture data available to upload.
WARNING: Shader Unsupported: 'Game/EntityTintMaskSSS' - All subshaders removed
WARNING: Shader Did you use #pragma only_renderers and omit this platform?
WARNING: Shader If subshaders removal was intentional, you may have forgotten turning Fallback off?
ERROR: Shader Game/EntityTintMaskSSS shader is not supported on this GPU (none of subshaders/fallbacks are suitable)
WARNING: Shader Unsupported: 'Game/EntityTintMaskSSS' - All subshaders removed
WARNING: Shader Did you use #pragma only_renderers and omit this platform?
WARNING: Shader If subshaders removal was intentional, you may have forgotten turning Fallback off?
ERROR: Shader Legacy Shaders/Particles/Alpha Blended shader is not supported on this GPU (none of subshaders/fallbacks are suitable)
WARNING: Shader Unsupported: 'Game/CharacterPlayerOutfit' - All subshaders removed
WARNING: Shader Did you use #pragma only_renderers and omit this platform?
WARNING: Shader If subshaders removal was intentional, you may have forgotten turning Fallback off?
ERROR: Shader Game/CharacterPlayerOutfit shader is not supported on this GPU (none of subshaders/fallbacks are suitable)
WARNING: Shader Unsupported: 'Game/CharacterPlayerOutfit' - All subshaders removed
WARNING: Shader Did you use #pragma only_renderers and omit this platform?
WARNING: Shader If subshaders removal was intentional, you may have forgotten turning Fallback off?
WARNING: Shader Unsupported: 'Game Particles/Lit' - All subshaders removed
WARNING: Shader Did you use #pragma only_renderers and omit this platform?
WARNING: Shader If subshaders removal was intentional, you may have forgotten turning Fallback off?
ERROR: Shader Game Particles/Lit shader is not supported on this GPU (none of subshaders/fallbacks are suitable)
WARNING: Shader Unsupported: 'Game Particles/Lit' - All subshaders removed
WARNING: Shader Did you use #pragma only_renderers and omit this platform?
WARNING: Shader If subshaders removal was intentional, you may have forgotten turning Fallback off?
WARNING: Shader Unsupported: 'Game Particles/Standard Surface' - All subshaders removed
WARNING: Shader Did you use #pragma only_renderers and omit this platform?
WARNING: Shader If subshaders removal was intentional, you may have forgotten turning Fallback off?
ERROR: Shader Game Particles/Standard Surface shader is not supported on this GPU (none of subshaders/fallbacks are suitable)
WARNING: Shader Unsupported: 'Game Particles/Standard Surface' - All subshaders removed
WARNING: Shader Did you use #pragma only_renderers and omit this platform?
WARNING: Shader If subshaders removal was intentional, you may have forgotten turning Fallback off?
There is no texture data available to upload.
WARNING: Shader Unsupported: 'Game/Autodesk' - All subshaders removed
WARNING: Shader Did you use #pragma only_renderers and omit this platform?
WARNING: Shader If subshaders removal was intentional, you may have forgotten turning Fallback off?
ERROR: Shader Game/Autodesk shader is not supported on this GPU (none of subshaders/fallbacks are suitable)
WARNING: Shader Unsupported: 'Game/Autodesk' - All subshaders removed
WARNING: Shader Did you use #pragma only_renderers and omit this platform?
WARNING: Shader If subshaders removal was intentional, you may have forgotten turning Fallback off?
WARNING: Shader Unsupported: '7DTD/7DTD_Sign_Illuminated' - All subshaders removed
WARNING: Shader Did you use #pragma only_renderers and omit this platform?
WARNING: Shader If subshaders removal was intentional, you may have forgotten turning Fallback off?
ERROR: Shader 7DTD/7DTD_Sign_Illuminated shader is not supported on this GPU (none of subshaders/fallbacks are suitable)
WARNING: Shader Unsupported: '7DTD/7DTD_Sign_Illuminated' - All subshaders removed
WARNING: Shader Did you use #pragma only_renderers and omit this platform?
WARNING: Shader If subshaders removal was intentional, you may have forgotten turning Fallback off?
There is no texture data available to upload.
WARNING: Shader Unsupported: 'Custom/SignTextShader' - All subshaders removed
WARNING: Shader Did you use #pragma only_renderers and omit this platform?
WARNING: Shader If subshaders removal was intentional, you may have forgotten turning Fallback off?
ERROR: Shader Custom/SignTextShader shader is not supported on this GPU (none of subshaders/fallbacks are suitable)
WARNING: Shader Unsupported: 'Custom/SignTextShader' - All subshaders removed
WARNING: Shader Did you use #pragma only_renderers and omit this platform?
WARNING: Shader If subshaders removal was intentional, you may have forgotten turning Fallback off?
WARNING: Shader Unsupported: 'Standard' - All subshaders removed
WARNING: Shader Did you use #pragma only_renderers and omit this platform?
WARNING: Shader If subshaders removal was intentional, you may have forgotten turning Fallback off?
ERROR: Shader Standard shader is not supported on this GPU (none of subshaders/fallbacks are suitable)
WARNING: Shader Unsupported: 'Standard' - All subshaders removed
WARNING: Shader Did you use #pragma only_renderers and omit this platform?
WARNING: Shader If subshaders removal was intentional, you may have forgotten turning Fallback off?
WARNING: Shader Unsupported: 'Nature/SpeedTree8' - All subshaders removed
WARNING: Shader Did you use #pragma only_renderers and omit this platform?
WARNING: Shader If subshaders removal was intentional, you may have forgotten turning Fallback off?
ERROR: Shader Nature/SpeedTree8 shader is not supported on this GPU (none of subshaders/fallbacks are suitable)
WARNING: Shader Unsupported: 'Nature/SpeedTree8' - All subshaders removed
WARNING: Shader Did you use #pragma only_renderers and omit this platform?
WARNING: Shader If subshaders removal was intentional, you may have forgotten turning Fallback off?
WARNING: Shader Unsupported: 'Game/SpeedTree8' - All subshaders removed
WARNING: Shader Did you use #pragma only_renderers and omit this platform?
WARNING: Shader If subshaders removal was intentional, you may have forgotten turning Fallback off?
ERROR: Shader Game/SpeedTree8 shader is not supported on this GPU (none of subshaders/fallbacks are suitable)
WARNING: Shader Unsupported: 'Game/SpeedTree8' - All subshaders removed
WARNING: Shader Did you use #pragma only_renderers and omit this platform?
WARNING: Shader If subshaders removal was intentional, you may have forgotten turning Fallback off?
WARNING: Shader Unsupported: 'Nature/SpeedTree' - All subshaders removed
WARNING: Shader Did you use #pragma only_renderers and omit this platform?
WARNING: Shader If subshaders removal was intentional, you may have forgotten turning Fallback off?
ERROR: Shader Nature/SpeedTree shader is not supported on this GPU (none of subshaders/fallbacks are suitable)
WARNING: Shader Unsupported: 'Nature/SpeedTree' - All subshaders removed
WARNING: Shader Did you use #pragma only_renderers and omit this platform?
WARNING: Shader If subshaders removal was intentional, you may have forgotten turning Fallback off?
WARNING: Shader Unsupported: 'Game/Autodesk XFade' - All subshaders removed
WARNING: Shader Did you use #pragma only_renderers and omit this platform?
WARNING: Shader If subshaders removal was intentional, you may have forgotten turning Fallback off?
ERROR: Shader Game/Autodesk XFade shader is not supported on this GPU (none of subshaders/fallbacks are suitable)
WARNING: Shader Unsupported: 'Game/Autodesk XFade' - All subshaders removed
WARNING: Shader Did you use #pragma only_renderers and omit this platform?
WARNING: Shader If subshaders removal was intentional, you may have forgotten turning Fallback off?
WARNING: Shader Unsupported: 'Standard (Specular setup)' - All subshaders removed
WARNING: Shader Did you use #pragma only_renderers and omit this platform?
WARNING: Shader If subshaders removal was intentional, you may have forgotten turning Fallback off?
ERROR: Shader Standard (Specular setup) shader is not supported on this GPU (none of subshaders/fallbacks are suitable)
WARNING: Shader Unsupported: 'Standard (Specular setup)' - All subshaders removed
WARNING: Shader Did you use #pragma only_renderers and omit this platform?
WARNING: Shader If subshaders removal was intentional, you may have forgotten turning Fallback off?
There is no texture data available to upload.
WARNING: Shader Unsupported: '7DTD/7DTD_RallyPoint' - All subshaders removed
WARNING: Shader Did you use #pragma only_renderers and omit this platform?
WARNING: Shader If subshaders removal was intentional, you may have forgotten turning Fallback off?
ERROR: Shader 7DTD/7DTD_RallyPoint shader is not supported on this GPU (none of subshaders/fallbacks are suitable)
WARNING: Shader Unsupported: '7DTD/7DTD_RallyPoint' - All subshaders removed
WARNING: Shader Did you use #pragma only_renderers and omit this platform?
WARNING: Shader If subshaders removal was intentional, you may have forgotten turning Fallback off?
No mesh data available for mesh GeneratorLightGlass on particle system OffState. Make sure Read/Write Enabled is set in the importer to work on the particle system renderer
No mesh data available for mesh GeneratorLightGlass on particle system RebootState. Make sure Read/Write Enabled is set in the importer to work on the particle system renderer
No mesh data available for mesh GeneratorLightGlass on particle system OnState. Make sure Read/Write Enabled is set in the importer to work on the particle system renderer
No mesh data available for mesh GeneratorLightGlass on particle system EnteringOnState. Make sure Read/Write Enabled is set in the importer to work on the particle system renderer
There is no texture data available to upload.
No mesh data available for mesh GeneratorLightGlass on particle system OnState. Make sure Read/Write Enabled is set in the importer to work on the particle system renderer
No mesh data available for mesh GeneratorLightGlass on particle system EnteringOnState. Make sure Read/Write Enabled is set in the importer to work on the particle system renderer
No mesh data available for mesh GeneratorLightGlass on particle system OffState. Make sure Read/Write Enabled is set in the importer to work on the particle system renderer
No mesh data available for mesh GeneratorLightGlass on particle system RebootState. Make sure Read/Write Enabled is set in the importer to work on the particle system renderer
ERROR: Shader Game/Character shader is not supported on this GPU (none of subshaders/fallbacks are suitable)
WARNING: Shader Unsupported: 'Game/Cloth' - All subshaders removed
WARNING: Shader Did you use #pragma only_renderers and omit this platform?
WARNING: Shader If subshaders removal was intentional, you may have forgotten turning Fallback off?
ERROR: Shader Game/Cloth shader is not supported on this GPU (none of subshaders/fallbacks are suitable)
WARNING: Shader Unsupported: 'Game/Cloth' - All subshaders removed
WARNING: Shader Did you use #pragma only_renderers and omit this platform?
WARNING: Shader If subshaders removal was intentional, you may have forgotten turning Fallback off?
WARNING: Shader Unsupported: 'Game Particles/shader_gas_unlit' - All subshaders removed
WARNING: Shader Did you use #pragma only_renderers and omit this platform?
WARNING: Shader If subshaders removal was intentional, you may have forgotten turning Fallback off?
ERROR: Shader Game Particles/shader_gas_unlit shader is not supported on this GPU (none of subshaders/fallbacks are suitable)
WARNING: Shader Unsupported: 'Game Particles/shader_gas_unlit' - All subshaders removed
WARNING: Shader Did you use #pragma only_renderers and omit this platform?
WARNING: Shader If subshaders removal was intentional, you may have forgotten turning Fallback off?
Unloading 5 Unused Serialized files (Serialized files now loaded: 11)
2024-12-02T18:33:34 13.672 INF Block IDs with mapping
2024-12-02T18:33:34 13.679 INF Block IDs total 23973, terr 29, last 24195
2024-12-02T18:33:34 13.695 INF Loaded (local): blocks in 6.66
Unloading 73050 unused Assets to reduce memory usage. Loaded Objects now: 84772.
Total: 218.912330 ms (FindLiveObjects: 3.441454 ms CreateObjectMapping: 5.519828 ms MarkObjects: 193.606290 ms  DeleteObjects: 16.344293 ms)

2024-12-02T18:33:35 14.203 INF Loaded (local): progression in 0.12
WARNING: Shader Unsupported: '7DTD_Unity5/WaterInBucket' - All subshaders removed
WARNING: Shader Did you use #pragma only_renderers and omit this platform?
WARNING: Shader If subshaders removal was intentional, you may have forgotten turning Fallback off?
ERROR: Shader 7DTD_Unity5/WaterInBucket shader is not supported on this GPU (none of subshaders/fallbacks are suitable)
WARNING: Shader Unsupported: '7DTD_Unity5/WaterInBucket' - All subshaders removed
WARNING: Shader Did you use #pragma only_renderers and omit this platform?
WARNING: Shader If subshaders removal was intentional, you may have forgotten turning Fallback off?
2024-12-02T18:33:35 14.610 INF Loaded (local): buffs in 0.16
2024-12-02T18:33:36 14.958 INF Loaded (local): misc in 0.10
WARNING: Shader Unsupported: 'Game/TorchFire' - All subshaders removed
WARNING: Shader Did you use #pragma only_renderers and omit this platform?
WARNING: Shader If subshaders removal was intentional, you may have forgotten turning Fallback off?
ERROR: Shader Game/TorchFire shader is not supported on this GPU (none of subshaders/fallbacks are suitable)
WARNING: Shader Unsupported: 'Game/TorchFire' - All subshaders removed
WARNING: Shader Did you use #pragma only_renderers and omit this platform?
WARNING: Shader If subshaders removal was intentional, you may have forgotten turning Fallback off?
WARNING: Shader Unsupported: '7DTD/TorchGlow' - All subshaders removed
WARNING: Shader Did you use #pragma only_renderers and omit this platform?
WARNING: Shader If subshaders removal was intentional, you may have forgotten turning Fallback off?
ERROR: Shader 7DTD/TorchGlow shader is not supported on this GPU (none of subshaders/fallbacks are suitable)
WARNING: Shader Unsupported: '7DTD/TorchGlow' - All subshaders removed
WARNING: Shader Did you use #pragma only_renderers and omit this platform?
WARNING: Shader If subshaders removal was intentional, you may have forgotten turning Fallback off?
WARNING: Shader Unsupported: 'Game/TorchFire' - All subshaders removed
WARNING: Shader Did you use #pragma only_renderers and omit this platform?
WARNING: Shader If subshaders removal was intentional, you may have forgotten turning Fallback off?
ERROR: Shader Game/TorchFire shader is not supported on this GPU (none of subshaders/fallbacks are suitable)
WARNING: Shader Unsupported: 'Game/TorchFire' - All subshaders removed
WARNING: Shader Did you use #pragma only_renderers and omit this platform?
WARNING: Shader If subshaders removal was intentional, you may have forgotten turning Fallback off?
There is no texture data available to upload.
2024-12-02T18:33:36 15.538 INF Loaded (local): items in 0.33
ERROR: Shader Shader Forge/7DTD_Particle_Additive shader is not supported on this GPU (none of subshaders/fallbacks are suitable)
WARNING: Shader Unsupported: 'Game/Glass Reflex' - All subshaders removed
WARNING: Shader Did you use #pragma only_renderers and omit this platform?
WARNING: Shader If subshaders removal was intentional, you may have forgotten turning Fallback off?
ERROR: Shader Game/Glass Reflex shader is not supported on this GPU (none of subshaders/fallbacks are suitable)
WARNING: Shader Unsupported: 'Game/Glass Reflex' - All subshaders removed
WARNING: Shader Did you use #pragma only_renderers and omit this platform?
WARNING: Shader If subshaders removal was intentional, you may have forgotten turning Fallback off?
2024-12-02T18:33:37 15.915 INF Item IDs with mapping
2024-12-02T18:33:37 15.917 INF ItemIDs from Mapping
2024-12-02T18:33:37 15.924 INF ItemClass assignLeftOverItems 66882 of 81920
2024-12-02T18:33:37 15.970 INF Loaded (local): item_modifiers in 0.06
2024-12-02T18:33:37 16.323 INF Loaded (local): entityclasses in 0.10
2024-12-02T18:33:37 16.674 INF Loaded (local): qualityinfo in 0.10
2024-12-02T18:33:38 17.024 INF Loaded (local): sounds in 0.10
2024-12-02T18:33:38 17.373 INF Loaded (local): recipes in 0.10
2024-12-02T18:33:38 17.725 INF Loaded (local): blockplaceholders in 0.10
2024-12-02T18:33:39 18.123 INF Loaded (local): loot in 0.10
2024-12-02T18:33:39 18.524 INF Loaded (local): entitygroups in 0.10
2024-12-02T18:33:40 18.925 INF Loaded (local): utilityai in 0.10
2024-12-02T18:33:40 19.324 INF Loaded (local): vehicles in 0.10
2024-12-02T18:33:40 19.674 INF Loaded (local): rwgmixer in 0.10
2024-12-02T18:33:41 20.074 INF Loaded (local): weathersurvival in 0.10
2024-12-02T18:33:41 20.425 INF Loaded (local): archetypes in 0.10
2024-12-02T18:33:42 20.873 INF Loaded (local): challenges in 0.10
2024-12-02T18:33:42 21.230 INF Loaded (local): quests in 0.10
2024-12-02T18:33:42 21.630 INF Loaded (local): traders in 0.10
2024-12-02T18:33:43 21.980 INF Loaded (local): npc in 0.10
2024-12-02T18:33:43 22.331 INF Loaded (local): dialogs in 0.10
2024-12-02T18:33:43 22.680 INF Loaded (local): ui_display in 0.10
2024-12-02T18:33:44 23.030 INF Loaded (local): nav_objects in 0.10
2024-12-02T18:33:44 23.381 INF Loaded (local): gamestages in 0.10
2024-12-02T18:33:45 23.874 INF Loaded (local): gameevents in 0.24
2024-12-02T18:33:45 24.250 INF Loaded (local): twitch in 0.10
2024-12-02T18:33:45 24.599 INF Loaded (local): twitch_events in 0.10
2024-12-02T18:33:46 24.948 INF Loaded (local): dmscontent in 0.10
2024-12-02T18:33:46 25.349 INF Loaded (local): XUi_Common/styles in 0.10
2024-12-02T18:33:46 25.698 INF Loaded (local): XUi_Common/controls in 0.10
2024-12-02T18:33:47 26.049 INF Loaded (local): XUi/styles in 0.10
2024-12-02T18:33:47 26.399 INF Loaded (local): XUi/controls in 0.10
2024-12-02T18:33:48 26.799 INF Loaded (local): XUi/windows in 0.10
2024-12-02T18:33:48 27.149 INF Loaded (local): XUi/xui in 0.10
2024-12-02T18:33:48 27.498 INF Loaded (local): biomes in 0.10
2024-12-02T18:33:49 27.848 INF Loaded (local): worldglobal in 0.10
2024-12-02T18:33:49 28.250 INF Loaded (local): spawning in 0.10
2024-12-02T18:33:49 28.650 INF Loaded (local): loadingscreen in 0.10
2024-12-02T18:33:50 28.956 INF Added 1335 subtitle data entries and 3 speaker colors
2024-12-02T18:33:50 29.000 INF Loaded (local): subtitles in 0.10
2024-12-02T18:33:50 29.399 INF Loaded (local): videos in 0.10
2024-12-02T18:33:50 29.551 INF Loading players.xml
2024-12-02T18:33:50 29.574 INF createWorld: Navezgane, My Game, GameModeSurvival
2024-12-02T18:33:50 29.575 INF Occlusion: Disabled
2024-12-02T18:33:50 29.611 INF Started thread ChunkMeshBake
2024-12-02T18:33:50 29.611 INF Started thread ChunkRegeneration
2024-12-02T18:33:50 29.611 INF Started thread ChunkCalc
2024-12-02T18:33:50 29.704 INF World.Load: Navezgane
2024-12-02T18:33:50 29.725 INF BloodMoon SetDay: day 14, last day 7, freq 7, range 0
2024-12-02T18:33:50 29.753 INF Started thread WaterSimulationApplyChanges
2024-12-02T18:33:53 32.183 INF Started thread GenerateChunks
Unloading 1 Unused Serialized files (Serialized files now loaded: 11)
Unloading 3109 unused Assets to reduce memory usage. Loaded Objects now: 82171.
Total: 317.450127 ms (FindLiveObjects: 2.064410 ms CreateObjectMapping: 2.237038 ms MarkObjects: 312.147452 ms  DeleteObjects: 1.000733 ms)

2024-12-02T18:33:54 33.678 INF Calculating world hashes took 862 ms (world size 191 MiB)
2024-12-02T18:33:54 33.680 INF Initial ENABLE_FILE_BACKED_ARRAYS == False
2024-12-02T18:33:54 33.728 INF Loading dtm raw file took 1494ms
Unloading 0 Unused Serialized files (Serialized files now loaded: 11)
Unloading 0 unused Assets to reduce memory usage. Loaded Objects now: 82171.
Total: 319.501478 ms (FindLiveObjects: 2.117676 ms CreateObjectMapping: 2.264306 ms MarkObjects: 315.029021 ms  DeleteObjects: 0.089874 ms)

2024-12-02T18:33:55 34.399 INF Biomes image size w= 3072, h = 3072
Unloading 0 Unused Serialized files (Serialized files now loaded: 11)
Unloading 0 unused Assets to reduce memory usage. Loaded Objects now: 82171.
Total: 314.808743 ms (FindLiveObjects: 2.159713 ms CreateObjectMapping: 2.167816 ms MarkObjects: 310.387904 ms  DeleteObjects: 0.092637 ms)

Unloading 0 Unused Serialized files (Serialized files now loaded: 11)
Unloading 0 unused Assets to reduce memory usage. Loaded Objects now: 82171.
Total: 324.454818 ms (FindLiveObjects: 2.089574 ms CreateObjectMapping: 2.234747 ms MarkObjects: 319.982799 ms  DeleteObjects: 0.146922 ms)

2024-12-02T18:33:57 36.090 INF Loading and creating biomes took 2362ms
Unloading 0 Unused Serialized files (Serialized files now loaded: 11)
Unloading 0 unused Assets to reduce memory usage. Loaded Objects now: 82171.
Total: 313.382969 ms (FindLiveObjects: 1.998797 ms CreateObjectMapping: 2.249646 ms MarkObjects: 309.031663 ms  DeleteObjects: 0.102328 ms)

Texture with ID 2765 and with size 6144x6144 was too large for graphics device maximum supported texture size (4096x4096). Falling back to a dummy texture. Generate mip maps to provide lower size fallback.
Unloading 0 Unused Serialized files (Serialized files now loaded: 11)
Unloading 0 unused Assets to reduce memory usage. Loaded Objects now: 82172.
Total: 334.926175 ms (FindLiveObjects: 2.308580 ms CreateObjectMapping: 2.511558 ms MarkObjects: 330.006880 ms  DeleteObjects: 0.098589 ms)

Texture with ID 2766 and with size 6144x6144 was too large for graphics device maximum supported texture size (4096x4096). Falling back to a dummy texture. Generate mip maps to provide lower size fallback.
Unloading 0 Unused Serialized files (Serialized files now loaded: 11)
Unloading 0 unused Assets to reduce memory usage. Loaded Objects now: 82173.
Total: 319.615996 ms (FindLiveObjects: 2.247461 ms CreateObjectMapping: 2.296940 ms MarkObjects: 314.938936 ms  DeleteObjects: 0.131951 ms)

2024-12-02T18:33:59 38.323 INF Loading and creating shader control textures took 2232ms
Unloading 0 Unused Serialized files (Serialized files now loaded: 11)
Unloading 0 unused Assets to reduce memory usage. Loaded Objects now: 82175.
Total: 313.226450 ms (FindLiveObjects: 1.977436 ms CreateObjectMapping: 2.061337 ms MarkObjects: 309.096874 ms  DeleteObjects: 0.090260 ms)

2024-12-02T18:34:00 39.305 INF Loading and parsing of generator took 982ms
2024-12-02T18:34:00 39.363 INF Computed 415 chunk groups containing a total of 8472 chunks. Largest group contains 449 chunks.
2024-12-02T18:34:00 39.396 INF Started thread SaveChunks /home/sdtdserver/.local/share/7DaysToDie/Saves/Navezgane/My Game/Region
Unloading 0 Unused Serialized files (Serialized files now loaded: 11)
Unloading 0 unused Assets to reduce memory usage. Loaded Objects now: 82175.
Total: 324.871086 ms (FindLiveObjects: 2.135276 ms CreateObjectMapping: 2.359205 ms MarkObjects: 320.249811 ms  DeleteObjects: 0.125852 ms)

2024-12-02T18:34:02 40.888 INF [DECO] read 75729
2024-12-02T18:34:02 41.006 INF Dynamic Music Initialized on Server
2024-12-02T18:34:02 41.006 INF Dynamic Music Initialized on Dedi
2024-12-02T18:34:02 41.021 INF AstarManager Init
2024-12-02T18:34:02 41.257 INF WeatherManager: Init 8 weather packages
WARNING: Shader Unsupported: '7DTD_Unity5/Wire' - All subshaders removed
WARNING: Shader Did you use #pragma only_renderers and omit this platform?
WARNING: Shader If subshaders removal was intentional, you may have forgotten turning Fallback off?
ERROR: Shader 7DTD_Unity5/Wire shader is not supported on this GPU (none of subshaders/fallbacks are suitable)
WARNING: Shader Unsupported: '7DTD_Unity5/Wire' - All subshaders removed
WARNING: Shader Did you use #pragma only_renderers and omit this platform?
WARNING: Shader If subshaders removal was intentional, you may have forgotten turning Fallback off?
There is no texture data available to upload.
There is no texture data available to upload.
2024-12-02T18:34:02 41.611 INF createWorld() done
2024-12-02T18:34:02 41.656 INF WeatherManager: ApplySavedPackages
2024-12-02T18:34:02 41.706 INF Loaded player
2024-12-02T18:34:02 41.757 INF VehicleManager /home/sdtdserver/.local/share/7DaysToDie/Saves/Navezgane/My Game/vehicles.dat, loaded 0
2024-12-02T18:34:02 41.758 INF DroneManager /home/sdtdserver/.local/share/7DaysToDie/Saves/Navezgane/My Game/drones.dat, loaded 0
2024-12-02T18:34:02 41.758 INF TurretTracker /home/sdtdserver/.local/share/7DaysToDie/Saves/Navezgane/My Game/turrets.dat, loaded 0
2024-12-02T18:34:03 41.858 INF [EOS] Registering server
2024-12-02T18:34:03 41.874 INF [PlayerInteractions] JoinedMultiplayerServer not supported with current platforms
2024-12-02T18:34:03 41.875 INF [EAC] Starting EAC server
Unloading 1 Unused Serialized files (Serialized files now loaded: 11)
Unloading 69 unused Assets to reduce memory usage. Loaded Objects now: 83471.
Total: 350.375513 ms (FindLiveObjects: 2.178938 ms CreateObjectMapping: 2.410226 ms MarkObjects: 345.655655 ms  DeleteObjects: 0.130140 ms)

[S_API] SteamAPI_Init(): Loaded local 'steamclient.so' OK.
CAppInfoCacheReadFromDiskThread took 0 milliseconds to initialize
dlmopen steamservice.so failed: steamservice.so: cannot open shared object file: No such file or directory
Setting breakpad minidump AppID = 251570
SteamInternal_SetMinidumpSteamID:  Caching Steam ID:  76561197960265728 [API loaded no]
[S_API FAIL] Tried to access Steam interface SteamNetworkingUtils004 before SteamAPI_Init succeeded.
2024-12-02T18:34:03 42.633 INF Loading dymesh settings
2024-12-02T18:34:03 42.633 INF Dynamic Mesh Settings
2024-12-02T18:34:03 42.633 INF Use Imposter Values: False
2024-12-02T18:34:03 42.633 INF Only Player Areas: True
2024-12-02T18:34:03 42.633 INF Player Area Buffer: 3
2024-12-02T18:34:03 42.633 INF Max View Distance: 1000
2024-12-02T18:34:03 42.633 INF Regen all on new world: False
2024-12-02T18:34:03 42.635 INF Dymesh: Prepping dynamic mesh. Resend Default: True
2024-12-02T18:34:03 42.635 INF Dymesh: Mesh location: /home/sdtdserver/.local/share/7DaysToDie/Saves/Navezgane/My Game/DynamicMeshes/
2024-12-02T18:34:03 42.636 INF [Web] Webserver not started, WebDashboardEnabled set to false
2024-12-02T18:34:03 42.636 INF StartGame done
2024-12-02T18:34:03 42.638 INF [Steamworks.NET] Registering auth callbacks
2024-12-02T18:34:03 42.640 INF [Steamworks.NET] GameServer.Init successful
2024-12-02T18:34:03 42.642 INF [Steamworks.NET] Making server public
2024-12-02T18:34:04 42.883 INF [EOS] Server registered, session: e701a590daee45e188edf713a647cf87
2024-12-02T18:34:04 42.886 INF [EOS] Session address: 13*.5*.13*.5*
2024-12-02T18:34:04 43.681 INF Dymesh: Warming dynamic mesh
2024-12-02T18:34:04 43.681 INF Dymesh: Creating dynamic mesh manager
2024-12-02T18:34:04 43.684 INF Dymesh: Awake
2024-12-02T18:34:04 43.684 INF Dymesh: Mesh location: /home/sdtdserver/.local/share/7DaysToDie/Saves/Navezgane/My Game/DynamicMeshes/
2024-12-02T18:34:04 43.684 INF Dymesh: Loading Items: /home/sdtdserver/.local/share/7DaysToDie/Saves/Navezgane/My Game/DynamicMeshes/
2024-12-02T18:34:04 43.700 INF Dymesh: Loaded Items: 10
2024-12-02T18:34:04 43.700 INF Dymesh: Loading all items took: 0.015427 seconds.
2024-12-02T18:34:04 43.702 INF Clearing queues.
2024-12-02T18:34:04 43.702 INF Cleared queues.
2024-12-02T18:34:04 43.703 INF Dynamic thread starting
2024-12-02T18:34:04 43.705 INF Dymesh door replacement: imposterBlock
2024-12-02T18:34:06 45.433 INF [Steamworks.NET] GameServer.LogOn successful, SteamID=90209570376318979, public IP=13*.5*.13*.5*
2024-12-02T18:34:24 63.652 INF [DECO] written 75729, in 19ms
2024-12-02T18:34:24 63.654 INF [DECO] write thread 1ms
2024-12-04T02:29:08 114947.311 INF NET: LiteNetLib: Connect from: 173.92.204.14:49672 / 0
2024-12-04T02:29:08 114947.387 INF Started thread NCS_Reader_0_0
2024-12-04T02:29:08 114947.387 INF Started thread NCS_Writer_0_0
2024-12-04T02:29:08 114947.393 INF Started thread NCS_Reader_0_1
2024-12-04T02:29:08 114947.393 INF Started thread NCS_Writer_0_1
2024-12-04T02:29:08 114947.476 INF [NET] PlayerConnected EntityID=-1, PltfmId='Local_<none>', CrossId='<unknown/none>', OwnerID='<unknown/none>', PlayerName='', ClientNumber='1'
2024-12-04T02:29:08 114947.647 INF NPPL.Read
2024-12-04T02:29:08 114947.684 INF PlayerLogin: directorfitz/V 1.1
2024-12-04T02:29:08 114947.685 INF Client IP: 173.92.204.14
2024-12-04T02:29:08 114947.706 INF [Auth] PlayerName authorization successful: EntityID=-1, PltfmId='Steam_76561198053631854', CrossId='EOS_000204481cce44489a328d6fcefc5fd7', OwnerID='<unknown/none>', PlayerName='directorfitz', ClientNumber='1'
2024-12-04T02:29:08 114947.715 INF [Auth] ServerState authorization successful: EntityID=-1, PltfmId='Steam_76561198053631854', CrossId='EOS_000204481cce44489a328d6fcefc5fd7', OwnerID='<unknown/none>', PlayerName='directorfitz', ClientNumber='1'
2024-12-04T02:29:08 114947.716 INF [Auth] MpHostAllowed authorization successful: EntityID=-1, PltfmId='Steam_76561198053631854', CrossId='EOS_000204481cce44489a328d6fcefc5fd7', OwnerID='<unknown/none>', PlayerName='directorfitz', ClientNumber='1'
2024-12-04T02:29:08 114947.718 INF [Auth] PlayerId authorization successful: EntityID=-1, PltfmId='Steam_76561198053631854', CrossId='EOS_000204481cce44489a328d6fcefc5fd7', OwnerID='<unknown/none>', PlayerName='directorfitz', ClientNumber='1'
2024-12-04T02:29:08 114947.719 INF [Auth] DuplicateUserId authorization successful: EntityID=-1, PltfmId='Steam_76561198053631854', CrossId='EOS_000204481cce44489a328d6fcefc5fd7', OwnerID='<unknown/none>', PlayerName='directorfitz', ClientNumber='1'
2024-12-04T02:29:08 114947.720 INF [Auth] VersionCheck authorization successful: EntityID=-1, PltfmId='Steam_76561198053631854', CrossId='EOS_000204481cce44489a328d6fcefc5fd7', OwnerID='<unknown/none>', PlayerName='directorfitz', ClientNumber='1'
2024-12-04T02:29:08 114947.726 INF [Auth] PlayerSlots authorization successful: EntityID=-1, PltfmId='Steam_76561198053631854', CrossId='EOS_000204481cce44489a328d6fcefc5fd7', OwnerID='<unknown/none>', PlayerName='directorfitz', ClientNumber='1'
2024-12-04T02:29:08 114947.731 INF [Auth] LegacyModAuthorizations authorization successful: EntityID=-1, PltfmId='Steam_76561198053631854', CrossId='EOS_000204481cce44489a328d6fcefc5fd7', OwnerID='<unknown/none>', PlayerName='directorfitz', ClientNumber='1'
2024-12-04T02:29:08 114947.740 INF [Steamworks.NET] Auth.AuthenticateUser()
2024-12-04T02:29:09 114947.781 INF [Steamworks.NET] Authenticating player: directorfitz SteamId: 76561198053631854 TicketLen: 1024 Result: k_EBeginAuthSessionResultOK
2024-12-04T02:29:10 114949.023 INF [Steamworks.NET] Authentication callback. ID: 76561198053631854, owner: 76561198053631854, result: k_EAuthSessionResponseOK
2024-12-04T02:29:10 114949.024 INF [Auth] PlatformAuth authorization successful: EntityID=-1, PltfmId='Steam_76561198053631854', CrossId='EOS_000204481cce44489a328d6fcefc5fd7', OwnerID='Steam_76561198053631854', PlayerName='directorfitz', ClientNumber='1'
2024-12-04T02:29:10 114949.026 INF [Auth] SteamFamily authorization successful: EntityID=-1, PltfmId='Steam_76561198053631854', CrossId='EOS_000204481cce44489a328d6fcefc5fd7', OwnerID='Steam_76561198053631854', PlayerName='directorfitz', ClientNumber='1'
2024-12-04T02:29:10 114949.035 INF [Auth] SteamGroups authorization successful: EntityID=-1, PltfmId='Steam_76561198053631854', CrossId='EOS_000204481cce44489a328d6fcefc5fd7', OwnerID='Steam_76561198053631854', PlayerName='directorfitz', ClientNumber='1'
2024-12-04T02:29:10 114949.045 INF [EOS] Verifying token for 000204481cce44489a328d6fcefc5fd7
2024-12-04T02:29:10 114949.068 WRN [SteamServer] Tick took exceptionally long: 83 ms
2024-12-04T02:29:10 114949.550 INF [EOS] Device=, Platform=steam, AccType=Steam, AccId=76561198053631854, PUID=000204481cce44489a328d6fcefc5fd7
2024-12-04T02:29:11 114950.049 INF [EOS] Player may have active sanctions
2024-12-04T02:29:11 114950.051 INF [EOS] SanctionsQuery finished with: 0 sanctions
2024-12-04T02:29:11 114950.057 INF [Auth] CrossplatformAuth authorization successful: EntityID=-1, PltfmId='Steam_76561198053631854', CrossId='EOS_000204481cce44489a328d6fcefc5fd7', OwnerID='Steam_76561198053631854', PlayerName='directorfitz', ClientNumber='1'
2024-12-04T02:29:11 114950.066 INF [Auth] BansAndWhitelist authorization successful: EntityID=-1, PltfmId='Steam_76561198053631854', CrossId='EOS_000204481cce44489a328d6fcefc5fd7', OwnerID='Steam_76561198053631854', PlayerName='directorfitz', ClientNumber='1'
2024-12-04T02:29:11 114950.068 INF [Auth] Crossplay authorization successful: EntityID=-1, PltfmId='Steam_76561198053631854', CrossId='EOS_000204481cce44489a328d6fcefc5fd7', OwnerID='Steam_76561198053631854', PlayerName='directorfitz', ClientNumber='1'
2024-12-04T02:29:11 114950.071 INF [EOS-ACS] Registering user: EntityID=-1, PltfmId='Steam_76561198053631854', CrossId='EOS_000204481cce44489a328d6fcefc5fd7', OwnerID='Steam_76561198053631854', PlayerName='directorfitz', ClientNumber='1'
2024-12-04T02:29:18 114956.942 INF [Auth] EAC authorization successful: EntityID=-1, PltfmId='Steam_76561198053631854', CrossId='EOS_000204481cce44489a328d6fcefc5fd7', OwnerID='Steam_76561198053631854', PlayerName='directorfitz', ClientNumber='1'
2024-12-04T02:29:18 114957.041 INF [Auth] Finalizer authorization successful: EntityID=-1, PltfmId='Steam_76561198053631854', CrossId='EOS_000204481cce44489a328d6fcefc5fd7', OwnerID='Steam_76561198053631854', PlayerName='directorfitz', ClientNumber='1'
2024-12-04T02:29:18 114957.060 INF Allowing player with id EOS_000204481cce44489a328d6fcefc5fd7
2024-12-04T02:29:18 114957.282 INF Time: 1915.84m FPS: 19.97 Heap: 1205.1MB Max: 1205.1MB Chunks: 9 CGO: 0 Ply: 0 Zom: 0 Ent: 0 (0) Items: 0 CO: 0 RSS: 991.7MB
2024-12-04T02:29:18 114957.300 INF RequestToEnterGame: EOS_000204481cce44489a328d6fcefc5fd7/directorfitz
2024-12-04T02:29:24 114963.421 INF NET: LiteNetLib: Connect from: 173.92.69.216:54311 / 1
2024-12-04T02:29:24 114963.429 INF Started thread NCS_Reader_1_0
2024-12-04T02:29:24 114963.430 INF Started thread NCS_Writer_1_0
2024-12-04T02:29:24 114963.431 INF Started thread NCS_Reader_1_1
2024-12-04T02:29:24 114963.431 INF Started thread NCS_Writer_1_1
2024-12-04T02:29:24 114963.431 INF [NET] PlayerConnected EntityID=-1, PltfmId='Local_<none>', CrossId='<unknown/none>', OwnerID='<unknown/none>', PlayerName='', ClientNumber='2'
2024-12-04T02:29:24 114963.505 INF NPPL.Read
2024-12-04T02:29:24 114963.547 INF PlayerLogin: conceptxo/V 1.1
2024-12-04T02:29:24 114963.547 INF Client IP: 173.92.69.216
2024-12-04T02:29:24 114963.547 INF [Auth] PlayerName authorization successful: EntityID=-1, PltfmId='Steam_76561197969472572', CrossId='EOS_00021eebf2db42e69d23b452b65f6d24', OwnerID='<unknown/none>', PlayerName='conceptxo', ClientNumber='2'
2024-12-04T02:29:24 114963.547 INF [Auth] ServerState authorization successful: EntityID=-1, PltfmId='Steam_76561197969472572', CrossId='EOS_00021eebf2db42e69d23b452b65f6d24', OwnerID='<unknown/none>', PlayerName='conceptxo', ClientNumber='2'
2024-12-04T02:29:24 114963.547 INF [Auth] MpHostAllowed authorization successful: EntityID=-1, PltfmId='Steam_76561197969472572', CrossId='EOS_00021eebf2db42e69d23b452b65f6d24', OwnerID='<unknown/none>', PlayerName='conceptxo', ClientNumber='2'
2024-12-04T02:29:24 114963.547 INF [Auth] PlayerId authorization successful: EntityID=-1, PltfmId='Steam_76561197969472572', CrossId='EOS_00021eebf2db42e69d23b452b65f6d24', OwnerID='<unknown/none>', PlayerName='conceptxo', ClientNumber='2'
2024-12-04T02:29:24 114963.547 INF [Auth] DuplicateUserId authorization successful: EntityID=-1, PltfmId='Steam_76561197969472572', CrossId='EOS_00021eebf2db42e69d23b452b65f6d24', OwnerID='<unknown/none>', PlayerName='conceptxo', ClientNumber='2'
2024-12-04T02:29:24 114963.547 INF [Auth] VersionCheck authorization successful: EntityID=-1, PltfmId='Steam_76561197969472572', CrossId='EOS_00021eebf2db42e69d23b452b65f6d24', OwnerID='<unknown/none>', PlayerName='conceptxo', ClientNumber='2'
2024-12-04T02:29:24 114963.547 INF [Auth] PlayerSlots authorization successful: EntityID=-1, PltfmId='Steam_76561197969472572', CrossId='EOS_00021eebf2db42e69d23b452b65f6d24', OwnerID='<unknown/none>', PlayerName='conceptxo', ClientNumber='2'
2024-12-04T02:29:24 114963.547 INF [Auth] LegacyModAuthorizations authorization successful: EntityID=-1, PltfmId='Steam_76561197969472572', CrossId='EOS_00021eebf2db42e69d23b452b65f6d24', OwnerID='<unknown/none>', PlayerName='conceptxo', ClientNumber='2'
2024-12-04T02:29:24 114963.547 INF [Steamworks.NET] Auth.AuthenticateUser()
2024-12-04T02:29:24 114963.548 INF [Steamworks.NET] Authenticating player: conceptxo SteamId: 76561197969472572 TicketLen: 1024 Result: k_EBeginAuthSessionResultOK
2024-12-04T02:29:26 114964.792 INF [Steamworks.NET] Authentication callback. ID: 76561197969472572, owner: 76561197969472572, result: k_EAuthSessionResponseOK
2024-12-04T02:29:26 114964.792 INF [Auth] PlatformAuth authorization successful: EntityID=-1, PltfmId='Steam_76561197969472572', CrossId='EOS_00021eebf2db42e69d23b452b65f6d24', OwnerID='Steam_76561197969472572', PlayerName='conceptxo', ClientNumber='2'
2024-12-04T02:29:26 114964.792 INF [Auth] SteamFamily authorization successful: EntityID=-1, PltfmId='Steam_76561197969472572', CrossId='EOS_00021eebf2db42e69d23b452b65f6d24', OwnerID='Steam_76561197969472572', PlayerName='conceptxo', ClientNumber='2'
2024-12-04T02:29:26 114964.792 INF [Auth] SteamGroups authorization successful: EntityID=-1, PltfmId='Steam_76561197969472572', CrossId='EOS_00021eebf2db42e69d23b452b65f6d24', OwnerID='Steam_76561197969472572', PlayerName='conceptxo', ClientNumber='2'
2024-12-04T02:29:26 114964.802 INF [EOS] Verifying token for 00021eebf2db42e69d23b452b65f6d24
2024-12-04T02:29:26 114965.001 INF [EOS] Device=, Platform=steam, AccType=Steam, AccId=76561197969472572, PUID=00021eebf2db42e69d23b452b65f6d24
2024-12-04T02:29:26 114965.540 INF [EOS] Player may have active sanctions
2024-12-04T02:29:26 114965.540 INF [EOS] SanctionsQuery finished with: 0 sanctions
2024-12-04T02:29:26 114965.540 INF [Auth] CrossplatformAuth authorization successful: EntityID=-1, PltfmId='Steam_76561197969472572', CrossId='EOS_00021eebf2db42e69d23b452b65f6d24', OwnerID='Steam_76561197969472572', PlayerName='conceptxo', ClientNumber='2'
2024-12-04T02:29:26 114965.540 INF [Auth] BansAndWhitelist authorization successful: EntityID=-1, PltfmId='Steam_76561197969472572', CrossId='EOS_00021eebf2db42e69d23b452b65f6d24', OwnerID='Steam_76561197969472572', PlayerName='conceptxo', ClientNumber='2'
2024-12-04T02:29:26 114965.540 INF [Auth] Crossplay authorization successful: EntityID=-1, PltfmId='Steam_76561197969472572', CrossId='EOS_00021eebf2db42e69d23b452b65f6d24', OwnerID='Steam_76561197969472572', PlayerName='conceptxo', ClientNumber='2'
2024-12-04T02:29:26 114965.540 INF [EOS-ACS] Registering user: EntityID=-1, PltfmId='Steam_76561197969472572', CrossId='EOS_00021eebf2db42e69d23b452b65f6d24', OwnerID='Steam_76561197969472572', PlayerName='conceptxo', ClientNumber='2'
2024-12-04T02:29:33 114971.803 INF [Auth] EAC authorization successful: EntityID=-1, PltfmId='Steam_76561197969472572', CrossId='EOS_00021eebf2db42e69d23b452b65f6d24', OwnerID='Steam_76561197969472572', PlayerName='conceptxo', ClientNumber='2'
2024-12-04T02:29:33 114971.889 INF [Auth] Finalizer authorization successful: EntityID=-1, PltfmId='Steam_76561197969472572', CrossId='EOS_00021eebf2db42e69d23b452b65f6d24', OwnerID='Steam_76561197969472572', PlayerName='conceptxo', ClientNumber='2'
2024-12-04T02:29:33 114971.921 INF Allowing player with id EOS_00021eebf2db42e69d23b452b65f6d24
2024-12-04T02:29:33 114972.045 INF RequestToEnterGame: EOS_00021eebf2db42e69d23b452b65f6d24/conceptxo
2024-12-04T02:29:48 114987.247 INF Time: 1916.34m FPS: 19.99 Heap: 1245.7MB Max: 1245.7MB Chunks: 9 CGO: 0 Ply: 0 Zom: 0 Ent: 0 (0) Items: 0 CO: 0 RSS: 1041.1MB
2024-12-04T02:30:06 115005.283 INF Dymesh: Update items to send for directorfitz id: -1  recieved: 10
2024-12-04T02:30:06 115005.327 INF Dymesh: Items to send: 0   Added: 3   chunks: 10
2024-12-04T02:30:06 115005.327 INF Dymesh: Update items to send for conceptxo id: -1  recieved: 10
2024-12-04T02:30:06 115005.328 INF Dymesh: Items to send: 0   Added: 0   chunks: 10
2024-12-04T02:30:07 115005.971 INF RequestToSpawnPlayer: 675, conceptxo, 6
2024-12-04T02:30:08 115006.890 INF NET: LiteNetLib: Connect from: 192.168.86.1:61111 / 2
2024-12-04T02:30:08 115006.891 INF Started thread NCS_Reader_2_0
2024-12-04T02:30:08 115006.892 INF Started thread NCS_Writer_2_0
2024-12-04T02:30:08 115006.892 INF Started thread NCS_Reader_2_1
2024-12-04T02:30:08 115006.893 INF [NET] PlayerConnected EntityID=-1, PltfmId='Local_<none>', CrossId='<unknown/none>', OwnerID='<unknown/none>', PlayerName='', ClientNumber='3'
2024-12-04T02:30:08 115006.893 INF Started thread NCS_Writer_2_1
2024-12-04T02:30:08 115006.950 INF NPPL.Read
WARNING: Shader Unsupported: 'Game/SDCS/Skin' - All subshaders removed
WARNING: Shader Did you use #pragma only_renderers and omit this platform?
WARNING: Shader If subshaders removal was intentional, you may have forgotten turning Fallback off?
ERROR: Shader Game/SDCS/Skin shader is not supported on this GPU (none of subshaders/fallbacks are suitable)
WARNING: Shader Unsupported: 'Game/SDCS/Skin' - All subshaders removed
WARNING: Shader Did you use #pragma only_renderers and omit this platform?
WARNING: Shader If subshaders removal was intentional, you may have forgotten turning Fallback off?
WARNING: Shader Unsupported: 'Game/SDCS/Hair' - All subshaders removed
WARNING: Shader Did you use #pragma only_renderers and omit this platform?
WARNING: Shader If subshaders removal was intentional, you may have forgotten turning Fallback off?
ERROR: Shader Game/SDCS/Hair shader is not supported on this GPU (none of subshaders/fallbacks are suitable)
WARNING: Shader Unsupported: 'Game/SDCS/Hair' - All subshaders removed
WARNING: Shader Did you use #pragma only_renderers and omit this platform?
WARNING: Shader If subshaders removal was intentional, you may have forgotten turning Fallback off?
2024-12-04T02:30:08 115007.467 WRN Parameter 'IsMale' not found in animator
2024-12-04T02:30:08 115007.481 INF Created player with id=675
2024-12-04T02:30:09 115008.109 INF PlayerLogin: CostaDelMars/V 1.1
2024-12-04T02:30:09 115008.109 INF Client IP: 192.168.86.1
2024-12-04T02:30:09 115008.109 INF [Auth] PlayerName authorization successful: EntityID=-1, PltfmId='Steam_76561199036446150', CrossId='EOS_0002f1e01ad44091a9b0bde8c30901e7', OwnerID='<unknown/none>', PlayerName='CostaDelMars', ClientNumber='3'
2024-12-04T02:30:09 115008.109 INF [Auth] ServerState authorization successful: EntityID=-1, PltfmId='Steam_76561199036446150', CrossId='EOS_0002f1e01ad44091a9b0bde8c30901e7', OwnerID='<unknown/none>', PlayerName='CostaDelMars', ClientNumber='3'
2024-12-04T02:30:09 115008.109 INF [Auth] MpHostAllowed authorization successful: EntityID=-1, PltfmId='Steam_76561199036446150', CrossId='EOS_0002f1e01ad44091a9b0bde8c30901e7', OwnerID='<unknown/none>', PlayerName='CostaDelMars', ClientNumber='3'
2024-12-04T02:30:09 115008.109 INF [Auth] PlayerId authorization successful: EntityID=-1, PltfmId='Steam_76561199036446150', CrossId='EOS_0002f1e01ad44091a9b0bde8c30901e7', OwnerID='<unknown/none>', PlayerName='CostaDelMars', ClientNumber='3'
2024-12-04T02:30:09 115008.109 INF [Auth] DuplicateUserId authorization successful: EntityID=-1, PltfmId='Steam_76561199036446150', CrossId='EOS_0002f1e01ad44091a9b0bde8c30901e7', OwnerID='<unknown/none>', PlayerName='CostaDelMars', ClientNumber='3'
2024-12-04T02:30:09 115008.109 INF [Auth] VersionCheck authorization successful: EntityID=-1, PltfmId='Steam_76561199036446150', CrossId='EOS_0002f1e01ad44091a9b0bde8c30901e7', OwnerID='<unknown/none>', PlayerName='CostaDelMars', ClientNumber='3'
2024-12-04T02:30:09 115008.109 INF [Auth] PlayerSlots authorization successful: EntityID=-1, PltfmId='Steam_76561199036446150', CrossId='EOS_0002f1e01ad44091a9b0bde8c30901e7', OwnerID='<unknown/none>', PlayerName='CostaDelMars', ClientNumber='3'
2024-12-04T02:30:09 115008.109 INF [Auth] LegacyModAuthorizations authorization successful: EntityID=-1, PltfmId='Steam_76561199036446150', CrossId='EOS_0002f1e01ad44091a9b0bde8c30901e7', OwnerID='<unknown/none>', PlayerName='CostaDelMars', ClientNumber='3'
2024-12-04T02:30:09 115008.109 INF [Steamworks.NET] Auth.AuthenticateUser()
2024-12-04T02:30:09 115008.109 INF [Steamworks.NET] Authenticating player: CostaDelMars SteamId: 76561199036446150 TicketLen: 1024 Result: k_EBeginAuthSessionResultOK
2024-12-04T02:30:09 115008.582 WRN load material: @:Entities/Zombies/Gibs/Materials/ZombieGibs_caps.mat
2024-12-04T02:30:10 115009.429 INF [Steamworks.NET] Authentication callback. ID: 76561199036446150, owner: 76561199036446150, result: k_EAuthSessionResponseOK
2024-12-04T02:30:10 115009.429 INF [Auth] PlatformAuth authorization successful: EntityID=-1, PltfmId='Steam_76561199036446150', CrossId='EOS_0002f1e01ad44091a9b0bde8c30901e7', OwnerID='Steam_76561199036446150', PlayerName='CostaDelMars', ClientNumber='3'
2024-12-04T02:30:10 115009.429 INF [Auth] SteamFamily authorization successful: EntityID=-1, PltfmId='Steam_76561199036446150', CrossId='EOS_0002f1e01ad44091a9b0bde8c30901e7', OwnerID='Steam_76561199036446150', PlayerName='CostaDelMars', ClientNumber='3'
2024-12-04T02:30:10 115009.429 INF [Auth] SteamGroups authorization successful: EntityID=-1, PltfmId='Steam_76561199036446150', CrossId='EOS_0002f1e01ad44091a9b0bde8c30901e7', OwnerID='Steam_76561199036446150', PlayerName='CostaDelMars', ClientNumber='3'
2024-12-04T02:30:10 115009.429 INF [EOS] Verifying token for 0002f1e01ad44091a9b0bde8c30901e7
2024-12-04T02:30:10 115009.531 INF [EOS] Device=, Platform=steam, AccType=Steam, AccId=76561199036446150, PUID=0002f1e01ad44091a9b0bde8c30901e7
2024-12-04T02:30:11 115009.988 INF [EOS] Player may have active sanctions
2024-12-04T02:30:11 115009.988 INF [EOS] SanctionsQuery finished with: 0 sanctions
2024-12-04T02:30:11 115009.989 INF [Auth] CrossplatformAuth authorization successful: EntityID=-1, PltfmId='Steam_76561199036446150', CrossId='EOS_0002f1e01ad44091a9b0bde8c30901e7', OwnerID='Steam_76561199036446150', PlayerName='CostaDelMars', ClientNumber='3'
2024-12-04T02:30:11 115009.989 INF [Auth] BansAndWhitelist authorization successful: EntityID=-1, PltfmId='Steam_76561199036446150', CrossId='EOS_0002f1e01ad44091a9b0bde8c30901e7', OwnerID='Steam_76561199036446150', PlayerName='CostaDelMars', ClientNumber='3'
2024-12-04T02:30:11 115009.989 INF [Auth] Crossplay authorization successful: EntityID=-1, PltfmId='Steam_76561199036446150', CrossId='EOS_0002f1e01ad44091a9b0bde8c30901e7', OwnerID='Steam_76561199036446150', PlayerName='CostaDelMars', ClientNumber='3'
2024-12-04T02:30:11 115009.989 INF [EOS-ACS] Registering user: EntityID=-1, PltfmId='Steam_76561199036446150', CrossId='EOS_0002f1e01ad44091a9b0bde8c30901e7', OwnerID='Steam_76561199036446150', PlayerName='CostaDelMars', ClientNumber='3'
2024-12-04T02:30:12 115010.798 INF GMSG: Player 'conceptxo' joined the game
2024-12-04T02:30:12 115010.807 INF PlayerSpawnedInWorld (reason: JoinMultiplayer, position: -212, 61, 678): EntityID=675, PltfmId='Steam_76561197969472572', CrossId='EOS_00021eebf2db42e69d23b452b65f6d24', OwnerID='Steam_76561197969472572', PlayerName='conceptxo', ClientNumber='2'
2024-12-04T02:30:13 115012.435 INF RequestToSpawnPlayer: 172, directorfitz, 7
2024-12-04T02:30:13 115012.591 WRN Parameter 'IsMale' not found in animator
2024-12-04T02:30:13 115012.591 INF Created player with id=172
2024-12-04T02:30:17 115016.610 INF [Auth] EAC authorization successful: EntityID=-1, PltfmId='Steam_76561199036446150', CrossId='EOS_0002f1e01ad44091a9b0bde8c30901e7', OwnerID='Steam_76561199036446150', PlayerName='CostaDelMars', ClientNumber='3'
2024-12-04T02:30:17 115016.658 INF [Auth] Finalizer authorization successful: EntityID=-1, PltfmId='Steam_76561199036446150', CrossId='EOS_0002f1e01ad44091a9b0bde8c30901e7', OwnerID='Steam_76561199036446150', PlayerName='CostaDelMars', ClientNumber='3'
2024-12-04T02:30:17 115016.665 INF Allowing player with id EOS_0002f1e01ad44091a9b0bde8c30901e7
2024-12-04T02:30:18 115016.809 INF RequestToEnterGame: EOS_0002f1e01ad44091a9b0bde8c30901e7/CostaDelMars
2024-12-04T02:30:18 115017.011 INF GMSG: Player 'directorfitz' joined the game
2024-12-04T02:30:18 115017.011 INF PlayerSpawnedInWorld (reason: JoinMultiplayer, position: -214, 61, 677): EntityID=172, PltfmId='Steam_76561198053631854', CrossId='EOS_000204481cce44489a328d6fcefc5fd7', OwnerID='Steam_76561198053631854', PlayerName='directorfitz', ClientNumber='1'
2024-12-04T02:30:20 115019.281 INF Time: 1916.84m FPS: 19.99 Heap: 1890.9MB Max: 1890.9MB Chunks: 298 CGO: 32 Ply: 2 Zom: 2 Ent: 6 (6) Items: 2 CO: 2 RSS: 1995.1MB
2024-12-04T02:30:50 115049.292 INF Time: 1917.34m FPS: 20.02 Heap: 1899.4MB Max: 1899.4MB Chunks: 330 CGO: 24 Ply: 2 Zom: 2 Ent: 6 (6) Items: 2 CO: 2 RSS: 2007.3MB
2024-12-04T02:30:52 115051.300 INF Entity zombieJoe 2087 killed
2024-12-04T02:31:11 115070.213 INF RequestToSpawnPlayer: 171, CostaDelMars, 7
2024-12-04T02:31:11 115070.300 WRN Parameter 'IsMale' not found in animator
2024-12-04T02:31:11 115070.300 INF Created player with id=171
WARNING: Shader Unsupported: 'Game/CharacterCloth' - All subshaders removed
WARNING: Shader Did you use #pragma only_renderers and omit this platform?
WARNING: Shader If subshaders removal was intentional, you may have forgotten turning Fallback off?
ERROR: Shader Game/CharacterCloth shader is not supported on this GPU (none of subshaders/fallbacks are suitable)
WARNING: Shader Unsupported: 'Game/CharacterCloth' - All subshaders removed
WARNING: Shader Did you use #pragma only_renderers and omit this platform?
WARNING: Shader If subshaders removal was intentional, you may have forgotten turning Fallback off?
2024-12-04T02:31:11 115070.625 INF Dymesh: Update items to send for CostaDelMars id: 171  recieved: 10
2024-12-04T02:31:11 115070.625 INF Dymesh: Items to send: 0   Added: 0   chunks: 10
2024-12-04T02:31:16 115075.130 INF GMSG: Player 'CostaDelMars' joined the game
2024-12-04T02:31:16 115075.131 INF PlayerSpawnedInWorld (reason: JoinMultiplayer, position: -212, 61, 678): EntityID=171, PltfmId='Steam_76561199036446150', CrossId='EOS_0002f1e01ad44091a9b0bde8c30901e7', OwnerID='Steam_76561199036446150', PlayerName='CostaDelMars', ClientNumber='3'
2024-12-04T02:31:20 115079.382 INF Time: 1917.84m FPS: 19.99 Heap: 1915.7MB Max: 1915.7MB Chunks: 332 CGO: 26 Ply: 3 Zom: 1 Ent: 7 (7) Items: 2 CO: 3 RSS: 2047.7MB
2024-12-04T02:31:50 115109.432 INF Time: 1918.34m FPS: 19.99 Heap: 1922.4MB Max: 1922.4MB Chunks: 332 CGO: 25 Ply: 3 Zom: 1 Ent: 6 (7) Items: 2 CO: 3 RSS: 2056.0MB
2024-12-04T02:32:09 115127.911 INF VehicleManager saving 0 (0 + 0)
2024-12-04T02:32:09 115127.913 INF DroneManager saving 0 (0 + 0)
2024-12-04T02:32:09 115127.915 INF VehicleManager saved 9 bytes
2024-12-04T02:32:09 115127.916 INF TurretTracker saving 0 (0 + 0)
2024-12-04T02:32:09 115127.918 INF DroneManager saved 9 bytes
2024-12-04T02:32:09 115127.918 INF TurretTracker saved 9 bytes
2024-12-04T02:32:20 115139.451 INF Time: 1918.84m FPS: 19.98 Heap: 1947.4MB Max: 1947.4MB Chunks: 341 CGO: 26 Ply: 3 Zom: 1 Ent: 6 (7) Items: 2 CO: 3 RSS: 2084.8MB
2024-12-04T02:32:50 115169.489 INF Time: 1919.34m FPS: 19.92 Heap: 1928.1MB Max: 1947.4MB Chunks: 341 CGO: 26 Ply: 3 Zom: 1 Ent: 6 (7) Items: 2 CO: 3 RSS: 2088.3MB
ERROR: Shader Game/ZombieDismembermentBloodcap shader is not supported on this GPU (none of subshaders/fallbacks are suitable)
WARNING: Shader Unsupported: 'Game/Dismember/CharMask' - All subshaders removed
WARNING: Shader Did you use #pragma only_renderers and omit this platform?
WARNING: Shader If subshaders removal was intentional, you may have forgotten turning Fallback off?
ERROR: Shader Game/Dismember/CharMask shader is not supported on this GPU (none of subshaders/fallbacks are suitable)
WARNING: Shader Unsupported: 'Game/Dismember/CharMask' - All subshaders removed
WARNING: Shader Did you use #pragma only_renderers and omit this platform?
WARNING: Shader If subshaders removal was intentional, you may have forgotten turning Fallback off?
2024-12-04T02:33:07 115186.009 INF Entity zombieMoe 2080 killed by directorfitz 172
2024-12-04T02:33:20 115199.520 INF Time: 1919.84m FPS: 20.00 Heap: 1938.3MB Max: 1947.4MB Chunks: 357 CGO: 23 Ply: 3 Zom: 0 Ent: 6 (7) Items: 2 CO: 3 RSS: 2097.8MB
2024-12-04T02:33:50 115229.550 INF Time: 1920.34m FPS: 19.89 Heap: 1948.0MB Max: 1948.0MB Chunks: 357 CGO: 20 Ply: 3 Zom: 0 Ent: 5 (7) Items: 2 CO: 3 RSS: 2101.2MB
2024-12-04T02:34:09 115247.919 INF VehicleManager saving 0 (0 + 0)
2024-12-04T02:34:09 115247.919 INF DroneManager saving 0 (0 + 0)
2024-12-04T02:34:09 115247.919 INF TurretTracker saving 0 (0 + 0)
2024-12-04T02:34:09 115247.921 INF VehicleManager saved 9 bytes
2024-12-04T02:34:09 115247.921 INF DroneManager saved 9 bytes
2024-12-04T02:34:09 115247.921 INF TurretTracker saved 9 bytes
2024-12-04T02:34:20 115259.600 INF Time: 1920.84m FPS: 19.94 Heap: 1972.6MB Max: 1972.6MB Chunks: 357 CGO: 23 Ply: 3 Zom: 0 Ent: 5 (7) Items: 2 CO: 3 RSS: 2134.5MB
2024-12-04T02:34:50 115289.619 INF Time: 1921.34m FPS: 19.98 Heap: 1940.8MB Max: 1972.6MB Chunks: 402 CGO: 32 Ply: 3 Zom: 0 Ent: 5 (7) Items: 2 CO: 3 RSS: 2147.6MB
2024-12-04T02:35:20 115319.669 INF Time: 1921.84m FPS: 20.00 Heap: 1945.8MB Max: 1972.6MB Chunks: 409 CGO: 28 Ply: 3 Zom: 0 Ent: 6 (8) Items: 3 CO: 3 RSS: 2149.2MB
2024-12-04T02:35:50 115349.714 INF Time: 1922.35m FPS: 19.99 Heap: 1950.7MB Max: 1972.6MB Chunks: 416 CGO: 27 Ply: 3 Zom: 0 Ent: 5 (8) Items: 3 CO: 3 RSS: 2149.6MB
2024-12-04T02:36:09 115367.951 INF VehicleManager saving 0 (0 + 0)
2024-12-04T02:36:09 115367.951 INF DroneManager saving 0 (0 + 0)
2024-12-04T02:36:09 115367.952 INF TurretTracker saving 0 (0 + 0)
2024-12-04T02:36:09 115367.952 INF VehicleManager saved 9 bytes
2024-12-04T02:36:09 115367.953 INF DroneManager saved 9 bytes
2024-12-04T02:36:09 115367.953 INF TurretTracker saved 9 bytes
2024-12-04T02:36:20 115379.705 INF Time: 1922.85m FPS: 19.98 Heap: 1961.6MB Max: 1972.6MB Chunks: 433 CGO: 33 Ply: 3 Zom: 1 Ent: 6 (9) Items: 3 CO: 3 RSS: 2152.0MB
2024-12-04T02:36:50 115409.732 INF Time: 1923.35m FPS: 20.01 Heap: 1944.2MB Max: 1972.6MB Chunks: 433 CGO: 36 Ply: 3 Zom: 1 Ent: 6 (8) Items: 2 CO: 3 RSS: 2152.1MB
2024-12-04T02:37:16 115434.809 INF 2306338 Vehicle PostInit [type=EntityBicycle, name=vehicleBicycle, id=2092], (-205.35, 61.14, 685.95) (chunk -13, 42), rbPos (0.00, 0.00, 0.00)
2024-12-04T02:37:20 115439.740 INF Time: 1923.85m FPS: 19.99 Heap: 1947.7MB Max: 1972.6MB Chunks: 433 CGO: 25 Ply: 3 Zom: 0 Ent: 6 (9) Items: 2 CO: 3 RSS: 2155.6MB
2024-12-04T02:37:25 115444.748 INF VehicleManager saving 1 (1 + 0)
2024-12-04T02:37:25 115444.758 INF 2306538 VehicleManager write #0, id 2092, vehicleBicycle, (-239.9, 61.0, 644.2), chunk -15, 40
2024-12-04T02:37:25 115444.759 INF VehicleManager saved 356 bytes
2024-12-04T02:37:51 115469.767 INF Time: 1924.35m FPS: 19.98 Heap: 1969.4MB Max: 1972.6MB Chunks: 585 CGO: 63 Ply: 3 Zom: 4 Ent: 10 (13) Items: 2 CO: 3 RSS: 2180.4MB
ERROR: Shader Game/Animal/Fur shader is not supported on this GPU (none of subshaders/fallbacks are suitable)
2024-12-04T02:38:09 115487.965 INF DroneManager saving 0 (0 + 0)
2024-12-04T02:38:09 115487.965 INF TurretTracker saving 0 (0 + 0)
2024-12-04T02:38:09 115487.967 INF TurretTracker saved 9 bytes
2024-12-04T02:38:09 115487.967 INF DroneManager saved 9 bytes
2024-12-04T02:38:21 115499.778 INF Time: 1924.85m FPS: 20.00 Heap: 1986.0MB Max: 1986.0MB Chunks: 607 CGO: 44 Ply: 3 Zom: 1 Ent: 8 (16) Items: 2 CO: 3 RSS: 2208.3MB
2024-12-04T02:38:27 115506.672 WRN Occlusion: RemoveEntity [type=EntityBicycle, name=vehicleBicycle, id=2092] missing
2024-12-04T02:38:27 115506.673 INF 2307774 VehicleManager RemoveTrackedVehicle [type=EntityBicycle, name=vehicleBicycle, id=2092], Killed
2024-12-04T02:38:37 115516.627 INF VehicleManager saving 0 (0 + 0)
2024-12-04T02:38:37 115516.628 INF VehicleManager saved 9 bytes
2024-12-04T02:38:51 115529.793 INF Time: 1925.35m FPS: 20.02 Heap: 1966.7MB Max: 1986.0MB Chunks: 613 CGO: 45 Ply: 3 Zom: 1 Ent: 7 (16) Items: 2 CO: 3 RSS: 2218.4MB
2024-12-04T02:39:21 115559.819 INF Time: 1925.85m FPS: 20.00 Heap: 1968.4MB Max: 1986.0MB Chunks: 613 CGO: 39 Ply: 3 Zom: 1 Ent: 7 (17) Items: 2 CO: 3 RSS: 2222.2MB
2024-12-04T02:39:35 115574.398 INF [DECO] written 75729, in 22ms
2024-12-04T02:39:35 115574.400 INF [DECO] write thread 1ms
2024-12-04T02:39:51 115589.865 INF Time: 1926.35m FPS: 20.00 Heap: 1971.2MB Max: 1986.0MB Chunks: 613 CGO: 41 Ply: 3 Zom: 1 Ent: 7 (18) Items: 2 CO: 3 RSS: 2222.5MB
2024-12-04T02:39:52 115591.728 INF 2309470 Vehicle PostInit [type=EntityBicycle, name=vehicleBicycle, id=2101], (-451.95, 61.14, 508.53) (chunk -29, 31), rbPos (0.00, 0.00, 0.00)
2024-12-04T02:40:02 115601.676 INF VehicleManager saving 1 (1 + 0)
2024-12-04T02:40:02 115601.677 INF 2309670 VehicleManager write #0, id 2101, vehicleBicycle, (-412.5, 61.0, 481.5), chunk -26, 30
2024-12-04T02:40:02 115601.680 INF VehicleManager saved 356 bytes
2024-12-04T02:40:09 115607.995 INF DroneManager saving 0 (0 + 0)
2024-12-04T02:40:09 115607.995 INF TurretTracker saving 0 (0 + 0)
2024-12-04T02:40:09 115607.996 INF DroneManager saved 9 bytes
2024-12-04T02:40:09 115607.996 INF TurretTracker saved 9 bytes
2024-12-04T02:40:21 115619.897 INF Time: 1926.85m FPS: 20.00 Heap: 1978.4MB Max: 1986.0MB Chunks: 613 CGO: 50 Ply: 3 Zom: 3 Ent: 8 (22) Items: 2 CO: 3 RSS: 2229.5MB
2024-12-04T02:40:35 115634.441 INF [DECO] written 75729, in 18ms
2024-12-04T02:40:35 115634.450 INF [DECO] write thread 8ms
2024-12-04T02:40:41 115640.620 WRN Received NetPackageEntityRelPosAndRot with invalid entityId 2101 from EntityID=171, PltfmId='Steam_76561199036446150', CrossId='EOS_0002f1e01ad44091a9b0bde8c30901e7', OwnerID='Steam_76561199036446150', PlayerName='CostaDelMars', ClientNumber='3'
2024-12-04T02:40:51 115649.918 INF Time: 1927.35m FPS: 19.99 Heap: 1968.0MB Max: 1986.0MB Chunks: 613 CGO: 43 Ply: 3 Zom: 2 Ent: 8 (22) Items: 2 CO: 3 RSS: 2232.9MB
2024-12-04T02:41:21 115679.957 INF Time: 1927.85m FPS: 20.00 Heap: 1973.3MB Max: 1986.0MB Chunks: 613 CGO: 75 Ply: 3 Zom: 6 Ent: 12 (28) Items: 2 CO: 3 RSS: 2240.3MB
2024-12-04T02:41:51 115709.987 INF Time: 1928.35m FPS: 19.90 Heap: 1980.9MB Max: 1986.0MB Chunks: 613 CGO: 70 Ply: 3 Zom: 6 Ent: 12 (34) Items: 2 CO: 3 RSS: 2256.7MB
2024-12-04T02:42:02 115721.687 INF VehicleManager saving 1 (1 + 0)
2024-12-04T02:42:02 115721.687 INF 2312063 VehicleManager write #0, id 2101, vehicleBicycle, (58.7, 58.0, 69.7), chunk 3, 4
2024-12-04T02:42:02 115721.688 INF VehicleManager saved 356 bytes
2024-12-04T02:42:09 115728.033 INF DroneManager saving 0 (0 + 0)
2024-12-04T02:42:09 115728.033 INF TurretTracker saving 0 (0 + 0)
2024-12-04T02:42:09 115728.034 INF DroneManager saved 9 bytes
2024-12-04T02:42:09 115728.034 INF TurretTracker saved 9 bytes
2024-12-04T02:42:12 115731.527 INF 115722.5 SleeperVolume -26, 61, -30: Spawning -9, 62, -7 (-1, -1), group 'zombieBurntGroupGS50', class zombieBurnt, count 5
2024-12-04T02:42:12 115731.740 INF 115722.7 SleeperVolume -26, 61, -30: Spawning -14, 62, -12 (-1, -1), group 'zombieBurntGroupGS50', class zombieBurnt, count 5
2024-12-04T02:42:21 115739.996 INF Time: 1928.85m FPS: 19.99 Heap: 2002.7MB Max: 2002.7MB Chunks: 613 CGO: 90 Ply: 3 Zom: 9 Ent: 17 (48) Items: 2 CO: 3 RSS: 2284.0MB
2024-12-04T02:42:35 115754.505 INF [DECO] written 75736, in 9ms
2024-12-04T02:42:35 115754.506 INF [DECO] write thread 1ms
2024-12-04T02:42:37 115756.306 INF 115747.3 SleeperVolume -23, 60, -160: Spawning -23, 61, -142 (-2, -9), group 'sleeperHordeStageGS46', class zombieYo, count 7
2024-12-04T02:42:37 115756.411 INF 115747.4 SleeperVolume -23, 60, -160: Spawning -9, 62, -156 (-1, -10), group 'sleeperHordeStageGS46', class zombieBusinessMan, count 7
2024-12-04T02:42:42 115761.701 WRN Occlusion: RemoveEntity [type=EntityBicycle, name=vehicleBicycle, id=2101] missing
2024-12-04T02:42:42 115761.701 INF 2312857 VehicleManager RemoveTrackedVehicle [type=EntityBicycle, name=vehicleBicycle, id=2101], Killed
2024-12-04T02:42:51 115770.019 INF Time: 1929.35m FPS: 19.99 Heap: 1989.3MB Max: 2002.7MB Chunks: 613 CGO: 113 Ply: 3 Zom: 12 Ent: 20 (46) Items: 2 CO: 3 RSS: 2336.7MB
2024-12-04T02:42:52 115771.660 INF VehicleManager saving 0 (0 + 0)
2024-12-04T02:42:52 115771.661 INF VehicleManager saved 9 bytes
2024-12-04T02:43:05 115784.214 INF 115775.2 SleeperVolume -23, 60, -160: Spawning -23, 61, -146 (-2, -10), group 'sleeperHordeStageGS46', class zombieYo, count 10
2024-12-04T02:43:05 115784.408 INF 115775.4 SleeperVolume -23, 60, -160: Spawning -17, 61, -144 (-2, -9), group 'sleeperHordeStageGS46', class zombieArlene, count 10
2024-12-04T02:43:21 115800.023 INF Time: 1929.85m FPS: 20.02 Heap: 1996.6MB Max: 2002.7MB Chunks: 613 CGO: 108 Ply: 3 Zom: 12 Ent: 20 (48) Items: 2 CO: 3 RSS: 2341.8MB
2024-12-04T02:43:29 115808.566 INF Entity zombieYo 2147 killed by CostaDelMars 171
2024-12-04T02:43:32 115811.128 INF Entity zombieArlene 2148 killed by CostaDelMars 171
2024-12-04T02:43:35 115814.589 INF [DECO] written 75736, in 13ms
2024-12-04T02:43:35 115814.591 INF [DECO] write thread 1ms
2024-12-04T02:43:42 115821.625 INF 115812.6 SleeperVolume -7, 60, -169: Spawning 12, 62, -167 (0, -11), group 'sleeperHordeStageGS46', class zombieMarlene, count 10
2024-12-04T02:43:43 115821.776 INF 115812.8 SleeperVolume -7, 60, -169: Spawning 2, 62, -138 (0, -9), group 'sleeperHordeStageGS46', class zombiePartyGirl, count 10
2024-12-04T02:43:51 115830.043 INF Time: 1930.35m FPS: 20.02 Heap: 2003.1MB Max: 2003.1MB Chunks: 613 CGO: 110 Ply: 3 Zom: 12 Ent: 22 (50) Items: 2 CO: 3 RSS: 2345.4MB
2024-12-04T02:44:06 115845.014 INF Entity zombiePartyGirl 2150 killed by CostaDelMars 171
2024-12-04T02:44:09 115848.043 INF DroneManager saving 0 (0 + 0)
2024-12-04T02:44:09 115848.043 INF TurretTracker saving 0 (0 + 0)
2024-12-04T02:44:09 115848.051 INF DroneManager saved 9 bytes
2024-12-04T02:44:09 115848.051 INF TurretTracker saved 9 bytes
2024-12-04T02:44:21 115860.054 INF Time: 1930.85m FPS: 20.00 Heap: 2020.5MB Max: 2020.5MB Chunks: 758 CGO: 123 Ply: 3 Zom: 10 Ent: 21 (54) Items: 2 CO: 3 RSS: 2369.2MB
2024-12-04T02:44:23 115862.048 INF Entity zombieMarlene 2149 killed by CostaDelMars 171
2024-12-04T02:44:44 115883.026 INF 115874 SleeperVolume -13, 47, -155: Spawning -11, 50, -151 (-1, -10), group 'sleeperHordeStageGS46', class zombiePartyGirl, count 10
2024-12-04T02:44:44 115883.040 INF 115874 SleeperVolume -13, 47, -140: Spawning -5, 52, -135 (-1, -9), group 'sleeperHordeStageGS46', class zombiePartyGirl, count 10
2024-12-04T02:44:44 115883.068 INF 115874.1 SleeperVolume 4, 47, -162: Spawning 6, 50, -160 (0, -10), group 'ZombieBikerBarGroupGS50', class zombiePartyGirl, count 12
2024-12-04T02:44:44 115883.189 INF 115874.2 SleeperVolume -20, 47, -159: Spawning -13, 51, -157 (-1, -10), group 'sleeperHordeStageGS46', class zombieMoe, count 12
2024-12-04T02:44:44 115883.202 INF 115874.2 SleeperVolume 4, 47, -162: Spawning 4, 50, -159 (0, -10), group 'ZombieBikerBarGroupGS50', class zombieJanitor, count 12
2024-12-04T02:44:44 115883.305 INF 115874.3 SleeperVolume 4, 47, -162: Spawning 9, 50, -157 (0, -10), group 'ZombieBikerBarGroupGS50', class zombieUtilityWorker, count 12
2024-12-04T02:44:51 115890.061 INF Time: 1931.35m FPS: 19.79 Heap: 2005.3MB Max: 2020.5MB Chunks: 789 CGO: 106 Ply: 3 Zom: 16 Ent: 27 (50) Items: 2 CO: 3 RSS: 2387.5MB
2024-12-04T02:44:52 115891.671 INF VehicleManager saving 0 (0 + 0)
2024-12-04T02:44:52 115891.672 INF VehicleManager saved 9 bytes
2024-12-04T02:45:06 115905.571 INF Entity zombieFatHawaiianFeral 2152 killed by directorfitz 172
2024-12-04T02:45:09 115908.719 INF Entity zombiePartyGirl 2156 killed by CostaDelMars 171
2024-12-04T02:45:21 115920.079 INF Time: 1931.85m FPS: 20.01 Heap: 2010.7MB Max: 2020.5MB Chunks: 789 CGO: 124 Ply: 3 Zom: 14 Ent: 26 (50) Items: 2 CO: 3 RSS: 2392.0MB
2024-12-04T02:45:29 115928.577 INF Entity zombieFatHawaiianFeral 2136 killed
2024-12-04T02:45:29 115928.579 INF Entity zombieWightFeral 2143 killed
2024-12-04T02:45:29 115928.579 INF Entity zombieMoeFeral 2144 killed
2024-12-04T02:45:29 115928.580 INF Entity zombieSoldierFeral 2145 killed
2024-12-04T02:45:29 115928.581 INF Entity zombieSteveCrawlerFeral 2146 killed
2024-12-04T02:45:33 115932.243 INF Entity zombiePartyGirl 2157 killed by CostaDelMars 171
2024-12-04T02:45:38 115937.041 INF 115928 SleeperVolume -20, 47, -155: Spawning -18, 52, -147 (-2, -10), group 'sleeperHordeStageGS46', class zombieMarlene, count 12
2024-12-04T02:45:51 115950.120 INF Time: 1932.35m FPS: 19.98 Heap: 2024.8MB Max: 2024.8MB Chunks: 821 CGO: 140 Ply: 3 Zom: 13 Ent: 29 (59) Items: 2 CO: 3 RSS: 2421.4MB
2024-12-04T02:45:55 115953.809 INF Entity zombieMarlene 2168 killed by CostaDelMars 171
2024-12-04T02:45:55 115954.479 INF AIDirector: Spawning Scouts at (-143.0, 63.0, 724.0), to (-204.0, 61.0, 674.0)
2024-12-04T02:45:55 115954.480 INF Spawning this wave: 1
2024-12-04T02:45:55 115954.508 INF Spawned [type=EntityZombie, name=zombieScreamer, id=2171] at (-145.5, 62.0, 723.5) Day=9 TotalInWave=1 CurrentWave=1
2024-12-04T02:45:55 115954.508 INF AIDirector: scout horde spawned '[type=EntityZombie, name=zombieScreamer, id=2171]'. Moving to point of interest
2024-12-04T02:45:58 115957.291 INF 115948.3 SleeperVolume -20, 47, -159: Restoring -13, 51, -157 (-1, -10) 'zombieMoe', count 11
2024-12-04T02:45:59 115958.495 INF Start a new wave 'Scouts'. timeout=1s. worldtime=0
2024-12-04T02:46:09 115968.089 INF DroneManager saving 0 (0 + 0)
2024-12-04T02:46:09 115968.090 INF TurretTracker saving 0 (0 + 0)
2024-12-04T02:46:09 115968.100 INF DroneManager saved 9 bytes
2024-12-04T02:46:09 115968.101 INF TurretTracker saved 9 bytes
2024-12-04T02:46:13 115972.249 INF Entity zombieMoe 2173 killed by CostaDelMars 171
2024-12-04T02:46:21 115980.152 INF Time: 1932.85m FPS: 20.01 Heap: 2048.3MB Max: 2048.3MB Chunks: 847 CGO: 152 Ply: 3 Zom: 14 Ent: 24 (68) Items: 2 CO: 4 RSS: 2450.9MB
2024-12-04T02:46:27 115986.143 INF 115977.1 SleeperVolume 4, 47, -162: Restoring 9, 50, -157 (0, -10) 'zombieUtilityWorker', count 13
2024-12-04T02:46:27 115986.247 INF 115977.2 SleeperVolume 4, 47, -162: Restoring 4, 50, -159 (0, -10) 'zombieJanitor', count 13
2024-12-04T02:46:27 115986.352 INF 115977.3 SleeperVolume 4, 47, -162: Restoring 6, 50, -160 (0, -10) 'zombiePartyGirl', count 13
2024-12-04T02:46:28 115987.750 INF 115978.7 SleeperVolume -8, 47, -165: Spawning -6, 52, -163 (-1, -11), group 'sleeperHordeStageGS46', class zombiePartyGirl, count 16
2024-12-04T02:46:41 116000.150 INF Entity zombiePartyGirl 2183 killed by CostaDelMars 171
2024-12-04T02:46:48 116006.859 INF Entity zombieSkateboarder 2178 killed by directorfitz 172
2024-12-04T02:46:51 116010.164 INF Time: 1933.35m FPS: 19.98 Heap: 2022.7MB Max: 2048.3MB Chunks: 847 CGO: 160 Ply: 3 Zom: 18 Ent: 30 (62) Items: 2 CO: 4 RSS: 2469.7MB
2024-12-04T02:46:52 116011.727 INF VehicleManager saving 0 (0 + 0)
2024-12-04T02:46:52 116011.728 INF VehicleManager saved 9 bytes
2024-12-04T02:46:58 116017.224 INF Entity zombieScreamer 2171 killed
2024-12-04T02:46:58 116017.262 INF AIDirector: scout horde '[type=EntityZombie, name=zombieScreamer, id=2171]' removed from control
2024-12-04T02:46:58 116017.326 INF AIDirector: Scout horde spawn finished (all mobs spawned)
2024-12-04T02:47:08 116026.826 INF 116017.8 SleeperVolume -712, 61, 951: Restoring -709, 62, 956 (-45, 59) 'zombieMarlene', count 15
2024-12-04T02:47:08 116026.963 INF 116017.9 SleeperVolume -712, 61, 951: Restoring -709, 62, 959 (-45, 59) 'zombieTomClark', count 15
2024-12-04T02:47:21 116040.181 INF Time: 1933.85m FPS: 19.99 Heap: 2026.8MB Max: 2048.3MB Chunks: 853 CGO: 125 Ply: 3 Zom: 15 Ent: 24 (65) Items: 2 CO: 3 RSS: 2473.3MB
2024-12-04T02:47:26 116045.735 INF Entity zombiePartyGirl 2182 killed by CostaDelMars 171
2024-12-04T02:47:40 116059.439 INF Entity zombieJanitor 2181 killed by CostaDelMars 171
2024-12-04T02:47:51 116070.178 INF Time: 1934.35m FPS: 19.99 Heap: 2038.5MB Max: 2048.3MB Chunks: 853 CGO: 119 Ply: 3 Zom: 11 Ent: 20 (70) Items: 2 CO: 3 RSS: 2475.8MB
2024-12-04T02:47:54 116073.535 INF Entity zombieUtilityWorker 2180 killed by CostaDelMars 171
2024-12-04T02:48:09 116088.093 INF DroneManager saving 0 (0 + 0)
2024-12-04T02:48:09 116088.093 INF TurretTracker saving 0 (0 + 0)
2024-12-04T02:48:09 116088.094 INF DroneManager saved 9 bytes
2024-12-04T02:48:09 116088.094 INF TurretTracker saved 9 bytes
2024-12-04T02:48:21 116100.198 INF Time: 1934.85m FPS: 19.99 Heap: 2054.9MB Max: 2054.9MB Chunks: 853 CGO: 97 Ply: 3 Zom: 10 Ent: 16 (73) Items: 2 CO: 3 RSS: 2476.7MB
2024-12-04T02:48:27 116106.097 INF Entity zombieMoe 2197 killed by directorfitz 172
2024-12-04T02:48:36 116114.775 INF [DECO] written 75736, in 24ms
2024-12-04T02:48:36 116114.787 INF [DECO] write thread 11ms
2024-12-04T02:48:36 116115.602 INF 116106.6 SleeperVolume -943, 99, 1081: Spawning -937, 99, 1082 (-59, 67), group 'sleeperHordeStageGS22', class zombieSteve, count 9
2024-12-04T02:48:36 116115.605 INF 116106.6 SleeperVolume -946, 99, 1088: None spawned, canSpawn True, respawnCnt 0
2024-12-04T02:48:36 116115.684 INF 116106.7 SleeperVolume -943, 99, 1081: Spawning -943, 99, 1089 (-59, 68), group 'sleeperHordeStageGS22', class zombieTomClark, count 9
2024-12-04T02:48:37 116115.798 INF 116106.8 SleeperVolume -943, 99, 1081: Spawning -940, 99, 1084 (-59, 67), group 'sleeperHordeStageGS22', class zombieYo, count 9
2024-12-04T02:48:51 116130.241 INF Time: 1935.35m FPS: 19.99 Heap: 2041.4MB Max: 2054.9MB Chunks: 853 CGO: 95 Ply: 3 Zom: 12 Ent: 18 (63) Items: 0 CO: 3 RSS: 2483.1MB
2024-12-04T02:48:52 116131.744 INF VehicleManager saving 0 (0 + 0)
2024-12-04T02:48:52 116131.746 INF VehicleManager saved 9 bytes
2024-12-04T02:49:09 116148.741 INF 116139.7 SleeperVolume -947, 99, 1081: Spawning -944, 99, 1081 (-59, 67), group 'sleeperHordeStageGS22', class zombieTomClark, count 13
2024-12-04T02:49:13 116152.394 INF Entity zombieTomClark 2201 killed by directorfitz 172
2024-12-04T02:49:21 116160.258 INF Time: 1935.85m FPS: 20.01 Heap: 2047.0MB Max: 2054.9MB Chunks: 853 CGO: 102 Ply: 3 Zom: 13 Ent: 19 (65) Items: 0 CO: 3 RSS: 2483.1MB
2024-12-04T02:49:21 116160.341 INF Entity animalDoe 2135 killed by CostaDelMars 171
2024-12-04T02:49:47 116186.393 INF Entity zombieYo 2202 killed by directorfitz 172
2024-12-04T02:49:51 116190.287 INF Time: 1936.35m FPS: 19.84 Heap: 2052.3MB Max: 2054.9MB Chunks: 853 CGO: 102 Ply: 3 Zom: 13 Ent: 20 (68) Items: 0 CO: 3 RSS: 2485.8MB
2024-12-04T02:49:52 116191.189 INF Entity zombieSteve 2200 killed by directorfitz 172
2024-12-04T02:49:56 116194.850 INF Entity zombieBurnt 2162 killed by CostaDelMars 171
2024-12-04T02:50:03 116202.036 INF 2321646 Vehicle PostInit [type=EntityBicycle, name=vehicleBicycle, id=2207], (-47.30, 61.14, -153.50) (chunk -3, -10), rbPos (0.00, 0.00, 0.00)
2024-12-04T02:50:09 116208.138 INF DroneManager saving 0 (0 + 0)
2024-12-04T02:50:09 116208.138 INF TurretTracker saving 0 (0 + 0)
2024-12-04T02:50:09 116208.139 INF DroneManager saved 9 bytes
2024-12-04T02:50:09 116208.139 INF TurretTracker saved 9 bytes
2024-12-04T02:50:13 116211.990 INF VehicleManager saving 1 (1 + 0)
2024-12-04T02:50:13 116211.990 INF 2321846 VehicleManager write #0, id 2207, vehicleBicycle, (-22.1, 64.5, -199.3), chunk -2, -13
2024-12-04T02:50:13 116211.991 INF VehicleManager saved 356 bytes
2024-12-04T02:50:21 116220.336 INF Time: 1936.86m FPS: 19.65 Heap: 2060.6MB Max: 2060.6MB Chunks: 853 CGO: 109 Ply: 3 Zom: 14 Ent: 21 (74) Items: 0 CO: 3 RSS: 2533.3MB
2024-12-04T02:50:21 116220.629 INF Entity zombieTomClark 2203 killed by directorfitz 172
2024-12-04T02:50:49 116248.642 INF 116239.6 SleeperVolume -943, 95, 1086: Spawning -941, 96, 1086 (-59, 67), group 'zombieFemaleFat', class zombieFemaleFat, count 12
2024-12-04T02:50:49 116248.653 INF 116239.6 SleeperVolume -943, 95, 1088: None spawned, canSpawn True, respawnCnt 0
2024-12-04T02:50:51 116250.338 INF Time: 1937.36m FPS: 19.97 Heap: 2239.6MB Max: 2239.6MB Chunks: 853 CGO: 127 Ply: 3 Zom: 13 Ent: 19 (69) Items: 0 CO: 3 RSS: 2726.5MB
2024-12-04T02:51:21 116280.397 INF Time: 1937.86m FPS: 20.02 Heap: 2241.4MB Max: 2241.4MB Chunks: 853 CGO: 105 Ply: 3 Zom: 12 Ent: 18 (79) Items: 0 CO: 3 RSS: 2732.8MB
2024-12-04T02:51:22 116281.025 INF Entity zombieFemaleFat 2221 killed by directorfitz 172
2024-12-04T02:51:34 116293.744 WRN Received NetPackageEntityRelPosAndRot with invalid entityId 2207 from EntityID=171, PltfmId='Steam_76561199036446150', CrossId='EOS_0002f1e01ad44091a9b0bde8c30901e7', OwnerID='Steam_76561199036446150', PlayerName='CostaDelMars', ClientNumber='3'
2024-12-04T02:51:38 116297.515 WRN Occlusion: RemoveEntity [type=EntityBicycle, name=vehicleBicycle, id=2207] missing
2024-12-04T02:51:38 116297.515 INF 2323549 VehicleManager RemoveTrackedVehicle [type=EntityBicycle, name=vehicleBicycle, id=2207], Killed
2024-12-04T02:51:48 116307.438 INF VehicleManager saving 0 (0 + 0)
2024-12-04T02:51:48 116307.439 INF VehicleManager saved 9 bytes
2024-12-04T02:51:50 116309.097 INF Entity zombieDarlene 2224 killed by conceptxo 675
2024-12-04T02:51:51 116310.384 INF Time: 1938.36m FPS: 19.99 Heap: 2244.6MB Max: 2244.6MB Chunks: 853 CGO: 83 Ply: 3 Zom: 7 Ent: 14 (80) Items: 0 CO: 3 RSS: 2746.8MB
2024-12-04T02:52:09 116328.145 INF DroneManager saving 0 (0 + 0)
2024-12-04T02:52:09 116328.145 INF TurretTracker saving 0 (0 + 0)
2024-12-04T02:52:09 116328.147 INF DroneManager saved 9 bytes
2024-12-04T02:52:09 116328.147 INF TurretTracker saved 9 bytes
2024-12-04T02:52:21 116340.403 INF Time: 1938.86m FPS: 20.01 Heap: 2249.5MB Max: 2249.5MB Chunks: 853 CGO: 60 Ply: 3 Zom: 6 Ent: 9 (80) Items: 0 CO: 3 RSS: 2747.6MB
2024-12-04T02:52:51 116370.438 INF Time: 1939.36m FPS: 20.00 Heap: 2237.5MB Max: 2249.5MB Chunks: 853 CGO: 54 Ply: 3 Zom: 5 Ent: 8 (67) Items: 0 CO: 3 RSS: 2748.0MB
2024-12-04T02:53:20 116398.892 INF 2325574 Vehicle PostInit [type=EntityBicycle, name=vehicleBicycle, id=2226], (307.46, 73.10, -182.59) (chunk 19, -12), rbPos (0.00, 0.00, 0.00)
2024-12-04T02:53:21 116400.487 INF Time: 1939.86m FPS: 19.99 Heap: 2239.2MB Max: 2249.5MB Chunks: 853 CGO: 61 Ply: 3 Zom: 5 Ent: 9 (68) Items: 0 CO: 3 RSS: 2748.0MB
2024-12-04T02:53:30 116408.840 INF VehicleManager saving 1 (1 + 0)
2024-12-04T02:53:30 116408.840 INF 2325774 VehicleManager write #0, id 2226, vehicleBicycle, (355.1, 71.7, -163.9), chunk 22, -11
2024-12-04T02:53:30 116408.841 INF VehicleManager saved 356 bytes
2024-12-04T02:53:51 116430.505 INF Time: 1940.36m FPS: 20.00 Heap: 2242.9MB Max: 2249.5MB Chunks: 853 CGO: 65 Ply: 3 Zom: 5 Ent: 9 (73) Items: 0 CO: 3 RSS: 2748.0MB
2024-12-04T02:54:09 116448.149 INF DroneManager saving 0 (0 + 0)
2024-12-04T02:54:09 116448.149 INF TurretTracker saving 0 (0 + 0)
2024-12-04T02:54:09 116448.158 INF DroneManager saved 9 bytes
2024-12-04T02:54:09 116448.158 INF TurretTracker saved 9 bytes
2024-12-04T02:54:11 116450.206 WRN Occlusion: RemoveEntity [type=EntityBicycle, name=vehicleBicycle, id=2226] missing
2024-12-04T02:54:11 116450.206 INF 2326600 VehicleManager RemoveTrackedVehicle [type=EntityBicycle, name=vehicleBicycle, id=2226], Killed
2024-12-04T02:54:21 116460.202 INF VehicleManager saving 0 (0 + 0)
2024-12-04T02:54:21 116460.203 INF VehicleManager saved 9 bytes
2024-12-04T02:54:21 116460.511 INF Time: 1940.86m FPS: 19.90 Heap: 2261.3MB Max: 2261.3MB Chunks: 853 CGO: 88 Ply: 3 Zom: 7 Ent: 14 (86) Items: 1 CO: 3 RSS: 2760.8MB
2024-12-04T02:54:22 116461.709 INF 116452.7 SleeperVolume 56, 61, 439: Spawning 58, 61, 441 (3, 27), group 'sleeperHordeStageGS14', class zombieTomClark, count 7
2024-12-04T02:54:24 116463.055 INF 116454 SleeperVolume 81, 59, 443: Spawning 90, 63, 444 (5, 27), group 'sleeperHordeStageGS14', class zombieUtilityWorker, count 8
2024-12-04T02:54:26 116465.319 INF 116456.3 SleeperVolume 84, 59, 453: Spawning 87, 63, 459 (5, 28), group 'sleeperHordeStageGS14', class zombieMarlene, count 9
2024-12-04T02:54:26 116465.339 INF 116456.3 SleeperVolume 84, 59, 449: Spawning 90, 63, 452 (5, 28), group 'sleeperHordeStageGS14', class zombieUtilityWorker, count 9
2024-12-04T02:54:36 116475.025 INF [DECO] written 75736, in 23ms
2024-12-04T02:54:36 116475.026 INF [DECO] write thread 0ms
2024-12-04T02:54:40 116479.089 INF 116470.1 SleeperVolume 587, 54, 4: Spawning 588, 54, 13 (36, 0), group 'zombieBurntGroupGS50', class zombieBurnt, count 10
2024-12-04T02:54:40 116479.194 INF 116470.2 SleeperVolume 587, 54, 4: Spawning 589, 59, 10 (36, 0), group 'zombieBurntGroupGS50', class zombieBurnt, count 10
2024-12-04T02:54:40 116479.300 INF 116470.3 SleeperVolume 587, 54, 4: Spawning 595, 59, 11 (37, 0), group 'zombieBurntGroupGS50', class zombieBurnt, count 10
2024-12-04T02:54:40 116479.391 INF 116470.4 SleeperVolume 587, 54, 4: Spawning 591, 54, 4 (36, 0), group 'zombieBurntGroupGS50', class zombieBurnt, count 10
2024-12-04T02:54:42 116481.452 INF 116472.4 SleeperVolume 578, 58, 4: Spawning 579, 59, 4 (36, 0), group 'zombieBurntGroupGS50', class zombieBurnt, count 14
2024-12-04T02:54:42 116481.553 INF 116472.5 SleeperVolume 578, 58, 4: Spawning 582, 59, 7 (36, 0), group 'zombieBurntGroupGS50', class zombieBurnt, count 14
2024-12-04T02:54:51 116490.550 INF Time: 1941.36m FPS: 20.01 Heap: 2252.9MB Max: 2261.3MB Chunks: 853 CGO: 106 Ply: 3 Zom: 16 Ent: 23 (76) Items: 0 CO: 3 RSS: 2778.8MB
2024-12-04T02:54:55 116494.109 INF Entity zombieMarlene 2239 killed by conceptxo 675
2024-12-04T02:55:17 116515.866 INF 116506.8 SleeperVolume 587, 54, 4: Restoring 591, 54, 4 (36, 0) 'zombieBurnt', count 10
2024-12-04T02:55:17 116515.975 INF 116506.9 SleeperVolume 587, 54, 4: Restoring 595, 59, 11 (37, 0) 'zombieBurnt', count 10
2024-12-04T02:55:17 116516.112 INF 116507.1 SleeperVolume 587, 54, 4: Restoring 589, 59, 10 (36, 0) 'zombieBurnt', count 12
2024-12-04T02:55:17 116516.215 INF 116507.2 SleeperVolume 587, 54, 4: Restoring 588, 54, 13 (36, 0) 'zombieBurnt', count 12
2024-12-04T02:55:18 116516.990 INF 116507.9 SleeperVolume 574, 54, 3: Spawning 579, 54, 8 (36, 0), group 'zombieBurntGroupGS50', class zombieBurnt, count 12
2024-12-04T02:55:18 116517.118 INF 116508.1 SleeperVolume 574, 54, 3: Spawning 580, 54, 7 (36, 0), group 'zombieBurntGroupGS50', class zombieBurntFeral, count 15
2024-12-04T02:55:18 116517.225 INF 116508.2 SleeperVolume 574, 54, 3: Spawning 574, 55, 11 (35, 0), group 'zombieBurntGroupGS50', class zombieBurnt, count 15
2024-12-04T02:55:18 116517.332 INF 116508.3 SleeperVolume 574, 54, 3: Spawning 576, 54, 4 (36, 0), group 'zombieBurntGroupGS50', class zombieBurntFeral, count 15
2024-12-04T02:55:21 116520.562 INF Time: 1941.86m FPS: 20.00 Heap: 2257.7MB Max: 2261.3MB Chunks: 853 CGO: 89 Ply: 3 Zom: 19 Ent: 26 (85) Items: 0 CO: 3 RSS: 2779.4MB
2024-12-04T02:55:28 116527.486 INF Entity zombieUtilityWorker 2240 killed by conceptxo 675
2024-12-04T02:55:51 116550.607 INF Time: 1942.36m FPS: 19.99 Heap: 2266.2MB Max: 2266.2MB Chunks: 853 CGO: 77 Ply: 3 Zom: 17 Ent: 23 (87) Items: 0 CO: 3 RSS: 2779.4MB
2024-12-04T02:55:52 116551.351 INF Entity zombieBurnt 2255 killed by CostaDelMars 171
2024-12-04T02:56:09 116568.192 INF DroneManager saving 0 (0 + 0)
2024-12-04T02:56:09 116568.193 INF TurretTracker saving 0 (0 + 0)
2024-12-04T02:56:09 116568.193 INF DroneManager saved 9 bytes
2024-12-04T02:56:09 116568.193 INF TurretTracker saved 9 bytes
2024-12-04T02:56:18 116577.250 INF Entity zombieBurnt 2250 killed
2024-12-04T02:56:21 116580.241 INF VehicleManager saving 0 (0 + 0)
2024-12-04T02:56:21 116580.242 INF VehicleManager saved 9 bytes
2024-12-04T02:56:21 116580.647 INF Time: 1942.86m FPS: 20.02 Heap: 2277.2MB Max: 2277.2MB Chunks: 853 CGO: 72 Ply: 3 Zom: 14 Ent: 21 (88) Items: 0 CO: 3 RSS: 2782.9MB
2024-12-04T02:56:45 116604.332 INF Entity zombieUtilityWorker 2238 killed by conceptxo 675
2024-12-04T02:56:49 116608.686 INF 2329756 Vehicle PostInit [type=EntityBicycle, name=vehicleBicycle, id=2262], (609.02, 58.14, 20.44) (chunk 38, 1), rbPos (0.00, 0.00, 0.00)
2024-12-04T02:56:51 116610.690 INF Time: 1943.36m FPS: 20.02 Heap: 2252.9MB Max: 2277.2MB Chunks: 853 CGO: 82 Ply: 3 Zom: 15 Ent: 21 (78) Items: 0 CO: 3 RSS: 2789.7MB
2024-12-04T02:56:59 116618.682 INF VehicleManager saving 1 (1 + 0)
2024-12-04T02:56:59 116618.682 INF 2329957 VehicleManager write #0, id 2262, vehicleBicycle, (584.1, 58.0, -7.1), chunk 36, -1
2024-12-04T02:56:59 116618.683 INF VehicleManager saved 356 bytes
2024-12-04T02:57:01 116619.998 INF 116610.9 SleeperVolume 578, 58, 4: Restoring 582, 59, 7 (36, 0) 'zombieBurnt', count 13
2024-12-04T02:57:01 116620.074 INF 116611 SleeperVolume 578, 58, 4: Restoring 579, 59, 4 (36, 0) 'zombieBurnt', count 15
2024-12-04T02:57:06 116625.485 WRN Occlusion: RemoveEntity [type=EntityBicycle, name=vehicleBicycle, id=2262] missing
2024-12-04T02:57:06 116625.485 INF 2330092 VehicleManager RemoveTrackedVehicle [type=EntityBicycle, name=vehicleBicycle, id=2262], Killed
2024-12-04T02:57:08 116627.644 INF 116618.6 SleeperVolume 81, 67, 443: Spawning 84, 68, 444 (5, 27), group 'ZombieBikerBarGroupGS1', class zombieUtilityWorker, count 15
2024-12-04T02:57:08 116627.725 INF 116618.7 SleeperVolume 81, 67, 443: Spawning 84, 68, 452 (5, 28), group 'ZombieBikerBarGroupGS1', class zombieBoe, count 15
2024-12-04T02:57:09 116627.832 INF 116618.8 SleeperVolume 81, 67, 443: Spawning 84, 68, 459 (5, 28), group 'ZombieBikerBarGroupGS1', class zombiePartyGirl, count 15
2024-12-04T02:57:09 116627.937 INF 116618.9 SleeperVolume 81, 67, 443: Spawning 84, 68, 458 (5, 28), group 'ZombieBikerBarGroupGS1', class zombieJanitor, count 15
2024-12-04T02:57:16 116635.490 INF VehicleManager saving 0 (0 + 0)
2024-12-04T02:57:16 116635.492 INF VehicleManager saved 9 bytes
2024-12-04T02:57:21 116640.693 INF Time: 1943.86m FPS: 19.99 Heap: 2262.6MB Max: 2277.2MB Chunks: 853 CGO: 91 Ply: 3 Zom: 17 Ent: 22 (86) Items: 0 CO: 3 RSS: 2790.5MB
2024-12-04T02:57:25 116644.493 INF 2330472 Vehicle PostInit [type=EntityBicycle, name=vehicleBicycle, id=2272], (561.40, 58.13, 18.83) (chunk 35, 1), rbPos (0.00, 0.00, 0.00)
2024-12-04T02:57:35 116654.462 INF VehicleManager saving 1 (1 + 0)
2024-12-04T02:57:35 116654.462 INF 2330672 VehicleManager write #0, id 2272, vehicleBicycle, (566.1, 58.0, 2.5), chunk 35, 0
2024-12-04T02:57:35 116654.462 INF VehicleManager saved 356 bytes
2024-12-04T02:57:36 116655.511 INF 116646.5 SleeperVolume 578, 58, 4: Restoring 582, 59, 7 (36, 0) 'zombieBurnt', count 17
2024-12-04T02:57:36 116655.615 INF 116646.6 SleeperVolume 578, 58, 4: Restoring 579, 59, 4 (36, 0) 'zombieBurnt', count 17
2024-12-04T02:57:37 116655.809 INF Entity zombieUtilityWorker 2268 killed by conceptxo 675
2024-12-04T02:57:40 116659.276 INF GMSG: Player 'conceptxo' died
2024-12-04T02:57:40 116659.279 INF 2330768 EntityBackpack id 2275, plyrId 675, (0.0, 0.0, 0.0) (0, 0), chunk False (0, 0, 0), items 24 keystoneBlock, drugPainkillers at (0, 0, 0, xz 0 0) : Read
2024-12-04T02:57:40 116659.281 INF 2330768 EntityBackpack id 2275, plyrId 675, (84.6, 70.1, 446.9) (5, 27), chunk True (5, 4, 27), items 24 keystoneBlock, drugPainkillers at (0, 0, 0, xz 0 0) : Write
2024-12-04T02:57:40 116659.288 INF 2330768 EntityBackpack id 2275, plyrId 675, (84.6, 70.1, 446.9) (5, 27), chunk True (5, 4, 27), items 24 keystoneBlock, drugPainkillers at (0, 0, 0, xz 0 0) : Start
2024-12-04T02:57:45 116664.719 WRN Received NetPackageEntityRelPosAndRot with invalid entityId 2272 from EntityID=171, PltfmId='Steam_76561199036446150', CrossId='EOS_0002f1e01ad44091a9b0bde8c30901e7', OwnerID='Steam_76561199036446150', PlayerName='CostaDelMars', ClientNumber='3'
2024-12-04T02:57:48 116666.811 WRN Occlusion: RemoveEntity [type=EntityBicycle, name=vehicleBicycle, id=2272] missing
2024-12-04T02:57:48 116666.811 INF 2330918 VehicleManager RemoveTrackedVehicle [type=EntityBicycle, name=vehicleBicycle, id=2272], Killed
2024-12-04T02:57:51 116669.993 INF 2330982 EntityBackpack id 2275, plyrId 675, (84.4, 68.0, 446.9) (5, 27), chunk True (5, 4, 27), items 24 keystoneBlock, drugPainkillers at (0, 0, 0, xz 0 0) : Write
2024-12-04T02:57:51 116670.683 INF Time: 1944.36m FPS: 19.99 Heap: 2280.4MB Max: 2280.4MB Chunks: 853 CGO: 102 Ply: 3 Zom: 16 Ent: 24 (92) Items: 1 CO: 3 RSS: 2793.2MB
2024-12-04T02:57:57 116676.634 INF PlayerSpawnedInWorld (reason: Died, position: 133, 61, 504): EntityID=675, PltfmId='Steam_76561197969472572', CrossId='EOS_00021eebf2db42e69d23b452b65f6d24', OwnerID='Steam_76561197969472572', PlayerName='conceptxo', ClientNumber='2'
2024-12-04T02:57:58 116676.782 INF VehicleManager saving 0 (0 + 0)
2024-12-04T02:57:58 116676.782 INF VehicleManager saved 9 bytes
2024-12-04T02:58:09 116688.250 INF DroneManager saving 0 (0 + 0)
2024-12-04T02:58:09 116688.250 INF TurretTracker saving 0 (0 + 0)
2024-12-04T02:58:09 116688.252 INF DroneManager saved 9 bytes
2024-12-04T02:58:09 116688.252 INF TurretTracker saved 9 bytes
2024-12-04T02:58:15 116694.542 INF 2331472 Vehicle PostInit [type=EntityBicycle, name=vehicleBicycle, id=2279], (584.34, 58.14, 29.23) (chunk 36, 1), rbPos (0.00, 0.00, 0.00)
2024-12-04T02:58:21 116700.732 INF Time: 1944.86m FPS: 19.87 Heap: 2304.1MB Max: 2304.1MB Chunks: 853 CGO: 104 Ply: 3 Zom: 16 Ent: 25 (96) Items: 1 CO: 3 RSS: 2813.6MB
2024-12-04T02:58:23 116701.984 INF 2331621 EntityBackpack id 2275, plyrId 675, (84.4, 68.0, 446.9) (5, 27), chunk True (5, 4, 27), items 24 keystoneBlock, drugPainkillers at (0, 0, 0, xz 0 0) : Write
2024-12-04T02:58:25 116704.218 INF 116695.2 SleeperVolume 578, 58, 4: Restoring 579, 59, 4 (36, 0) 'zombieBurnt', count 16
2024-12-04T02:58:25 116704.363 INF 116695.3 SleeperVolume 578, 58, 4: Restoring 582, 59, 7 (36, 0) 'zombieBurnt', count 16
2024-12-04T02:58:25 116704.515 INF VehicleManager saving 1 (1 + 0)
2024-12-04T02:58:25 116704.515 INF 2331672 VehicleManager write #0, id 2279, vehicleBicycle, (573.2, 58.0, -4.3), chunk 35, -1
2024-12-04T02:58:25 116704.515 INF VehicleManager saved 356 bytes
2024-12-04T02:58:30 116709.593 INF 2331773 EntityBackpack id 2275, plyrId 675, (84.4, 68.0, 446.9) (5, 27), chunk True (5, 4, 27), items 0  at (0, 0, 0, xz 0 0) : RemoveBackpack empty True, reason empty
2024-12-04T02:58:30 116709.593 INF 2331773 EntityBackpack id 2275, plyrId 675, (84.4, 68.0, 446.9) (5, 27), chunk True (5, 4, 27), items 0  at (0, 0, 0, xz 0 0) : RemoveBackpack empty True, reason old
2024-12-04T02:58:30 116709.593 INF 2331773 EntityBackpack id 2275, plyrId 675, (84.4, 68.0, 446.9) (5, 27), chunk True (5, 4, 27), items 0  at (0, 0, 0, xz 0 0) : OnEntityUnload markedForUnload False, IsDead True, IsDespawned False
2024-12-04T02:58:38 116716.899 WRN Occlusion: RemoveEntity [type=EntityBicycle, name=vehicleBicycle, id=2279] missing
2024-12-04T02:58:38 116716.899 INF 2331915 VehicleManager RemoveTrackedVehicle [type=EntityBicycle, name=vehicleBicycle, id=2279], Killed
2024-12-04T02:58:48 116726.870 INF VehicleManager saving 0 (0 + 0)
2024-12-04T02:58:48 116726.871 INF VehicleManager saved 9 bytes
2024-12-04T02:58:52 116730.768 INF Time: 1945.36m FPS: 19.97 Heap: 2264.3MB Max: 2304.1MB Chunks: 853 CGO: 121 Ply: 3 Zom: 16 Ent: 26 (79) Items: 2 CO: 3 RSS: 2826.9MB
2024-12-04T02:58:57 116736.210 INF Entity zombieJanitor 2271 killed by conceptxo 675
2024-12-04T02:59:17 116756.112 INF Entity zombieSteveCrawler 2261 killed by CostaDelMars 171
2024-12-04T02:59:22 116760.778 INF Time: 1945.86m FPS: 19.97 Heap: 2271.6MB Max: 2304.1MB Chunks: 853 CGO: 104 Ply: 3 Zom: 14 Ent: 24 (79) Items: 2 CO: 3 RSS: 2826.9MB
2024-12-04T02:59:27 116766.761 INF Entity zombieBoe 2269 killed by conceptxo 675
2024-12-04T02:59:30 116769.716 INF Entity zombieBurnt 2233 killed by CostaDelMars 171
2024-12-04T02:59:32 116770.960 INF Entity zombiePartyGirl 2270 killed by conceptxo 675
2024-12-04T02:59:32 116771.331 INF MinEventLogMessage: XP gained during the last level:
2024-12-04T02:59:32 116771.332 INF CVarLogValue: $xpFromLootThisLevel == 0
2024-12-04T02:59:32 116771.332 INF CVarLogValue: $xpFromHarvestingThisLevel == 0
2024-12-04T02:59:32 116771.332 INF CVarLogValue: $xpFromKillThisLevel == 0
2024-12-04T02:59:52 116790.778 INF Time: 1946.36m FPS: 20.01 Heap: 2278.3MB Max: 2304.1MB Chunks: 853 CGO: 97 Ply: 3 Zom: 10 Ent: 22 (79) Items: 2 CO: 3 RSS: 2827.2MB
2024-12-04T02:59:57 116795.879 INF 2333494 Vehicle PostInit [type=EntityBicycle, name=vehicleBicycle, id=2283], (598.30, 58.14, 30.89) (chunk 37, 1), rbPos (0.00, 0.00, 0.00)
2024-12-04T03:00:07 116805.826 INF VehicleManager saving 1 (1 + 0)
2024-12-04T03:00:07 116805.826 INF 2333694 VehicleManager write #0, id 2283, vehicleBicycle, (565.1, 58.0, 5.8), chunk 35, 0
2024-12-04T03:00:07 116805.826 INF VehicleManager saved 356 bytes
2024-12-04T03:00:08 116807.580 INF 116798.5 SleeperVolume 578, 58, 4: Restoring 582, 59, 7 (36, 0) 'zombieBurnt', count 10
2024-12-04T03:00:08 116807.680 INF 116798.6 SleeperVolume 578, 58, 4: Restoring 579, 59, 4 (36, 0) 'zombieBurnt', count 10
2024-12-04T03:00:09 116808.280 INF DroneManager saving 0 (0 + 0)
2024-12-04T03:00:09 116808.280 INF TurretTracker saving 0 (0 + 0)
2024-12-04T03:00:09 116808.280 INF DroneManager saved 9 bytes
2024-12-04T03:00:09 116808.280 INF TurretTracker saved 9 bytes
2024-12-04T03:00:22 116820.778 INF Time: 1946.86m FPS: 20.00 Heap: 2291.4MB Max: 2304.1MB Chunks: 853 CGO: 87 Ply: 3 Zom: 12 Ent: 21 (82) Items: 2 CO: 3 RSS: 2827.4MB
2024-12-04T03:00:37 116835.800 INF 116826.8 SleeperVolume 578, 58, 4: Restoring 579, 59, 4 (36, 0) 'zombieBurnt', count 10
2024-12-04T03:00:37 116835.914 INF 116826.9 SleeperVolume 578, 58, 4: Restoring 582, 59, 7 (36, 0) 'zombieBurnt', count 10
2024-12-04T03:00:52 116850.815 INF Time: 1947.36m FPS: 20.00 Heap: 2262.5MB Max: 2304.1MB Chunks: 853 CGO: 81 Ply: 3 Zom: 10 Ent: 19 (81) Items: 2 CO: 3 RSS: 2827.4MB
2024-12-04T03:00:56 116855.307 WRN Occlusion: RemoveEntity [type=EntityBicycle, name=vehicleBicycle, id=2283] missing
2024-12-04T03:00:56 116855.308 INF 2334680 VehicleManager RemoveTrackedVehicle [type=EntityBicycle, name=vehicleBicycle, id=2283], Killed
2024-12-04T03:01:06 116865.269 INF VehicleManager saving 0 (0 + 0)
2024-12-04T03:01:06 116865.277 INF VehicleManager saved 9 bytes
2024-12-04T03:01:10 116869.226 INF Entity zombieBurnt 2249 killed by CostaDelMars 171
2024-12-04T03:01:19 116878.022 INF Entity zombieBurnt 2251 killed by CostaDelMars 171
2024-12-04T03:01:22 116880.852 INF Time: 1947.86m FPS: 19.99 Heap: 2264.3MB Max: 2304.1MB Chunks: 853 CGO: 78 Ply: 3 Zom: 8 Ent: 18 (81) Items: 2 CO: 3 RSS: 2827.4MB
2024-12-04T03:01:23 116882.649 INF Entity zombieBurnt 2252 killed by CostaDelMars 171
2024-12-04T03:01:28 116887.293 WRN Entity block on pos 564, 58, 17 not found!
2024-12-04T03:01:45 116904.444 INF 2335662 Vehicle PostInit [type=EntityBicycle, name=vehicleBicycle, id=2288], (570.15, 58.13, 37.08) (chunk 35, 2), rbPos (0.00, 0.00, 0.00)
2024-12-04T03:01:52 116910.858 INF Time: 1948.36m FPS: 19.99 Heap: 2268.0MB Max: 2304.1MB Chunks: 853 CGO: 74 Ply: 3 Zom: 7 Ent: 17 (82) Items: 2 CO: 3 RSS: 2827.4MB
2024-12-04T03:01:55 116914.411 INF VehicleManager saving 1 (1 + 0)
2024-12-04T03:01:55 116914.411 INF 2335862 VehicleManager write #0, id 2288, vehicleBicycle, (611.5, 58.0, 12.2), chunk 38, 0
2024-12-04T03:01:55 116914.413 INF VehicleManager saved 356 bytes
2024-12-04T03:02:09 116927.856 WRN Occlusion: RemoveEntity [type=EntityBicycle, name=vehicleBicycle, id=2288] missing
2024-12-04T03:02:09 116927.856 INF 2336130 VehicleManager RemoveTrackedVehicle [type=EntityBicycle, name=vehicleBicycle, id=2288], Killed
2024-12-04T03:02:09 116928.308 INF DroneManager saving 0 (0 + 0)
2024-12-04T03:02:09 116928.309 INF TurretTracker saving 0 (0 + 0)
2024-12-04T03:02:09 116928.311 INF DroneManager saved 9 bytes
2024-12-04T03:02:09 116928.311 INF TurretTracker saved 9 bytes
2024-12-04T03:02:19 116937.812 INF VehicleManager saving 0 (0 + 0)
2024-12-04T03:02:19 116937.814 INF VehicleManager saved 9 bytes
2024-12-04T03:02:19 116938.211 INF 116929.2 SleeperVolume 56, 61, 439: Restoring 58, 61, 441 (3, 27) 'zombieTomClark', count 8
2024-12-04T03:02:22 116940.908 INF Time: 1948.87m FPS: 19.99 Heap: 2275.9MB Max: 2304.1MB Chunks: 853 CGO: 85 Ply: 3 Zom: 9 Ent: 17 (84) Items: 2 CO: 3 RSS: 2827.9MB
2024-12-04T03:02:22 116941.214 INF Entity zombieBurnt 2264 killed by CostaDelMars 171
2024-12-04T03:02:32 116951.308 INF Entity zombieTomClark 2290 killed by conceptxo 675
[FinishTreasureQuest] Requesting reset at world position: -147, 72, 513
[FinishTreasureQuest] Requesting reset at world position: -147, 72, 513
2024-12-04T03:02:42 116961.016 INF 2336790 Vehicle PostInit [type=EntityBicycle, name=vehicleBicycle, id=2291], (564.05, 58.13, 31.16) (chunk 35, 1), rbPos (0.00, 0.00, 0.00)
2024-12-04T03:02:52 116970.964 INF VehicleManager saving 1 (1 + 0)
2024-12-04T03:02:52 116970.964 INF 2336990 VehicleManager write #0, id 2291, vehicleBicycle, (609.8, 58.0, 26.3), chunk 38, 1
2024-12-04T03:02:52 116970.965 INF VehicleManager saved 356 bytes
2024-12-04T03:02:52 116970.969 INF Time: 1949.37m FPS: 20.00 Heap: 2262.9MB Max: 2304.1MB Chunks: 853 CGO: 77 Ply: 3 Zom: 7 Ent: 16 (80) Items: 0 CO: 3 RSS: 2832.7MB
2024-12-04T03:03:20 116998.880 WRN Occlusion: RemoveEntity [type=EntityBicycle, name=vehicleBicycle, id=2291] missing
2024-12-04T03:03:20 116998.880 INF 2337547 VehicleManager RemoveTrackedVehicle [type=EntityBicycle, name=vehicleBicycle, id=2291], Killed
2024-12-04T03:03:22 117000.977 INF Time: 1949.87m FPS: 20.00 Heap: 2267.5MB Max: 2304.1MB Chunks: 853 CGO: 77 Ply: 3 Zom: 7 Ent: 14 (81) Items: 0 CO: 3 RSS: 2832.7MB
2024-12-04T03:03:27 117005.782 INF 2337685 Vehicle PostInit [type=EntityBicycle, name=vehicleBicycle, id=2293], (616.12, 58.14, 22.36) (chunk 38, 1), rbPos (0.00, 0.00, 0.00)
2024-12-04T03:03:30 117008.843 INF VehicleManager saving 1 (1 + 0)
2024-12-04T03:03:30 117008.843 INF 2337747 VehicleManager write #0, id 2293, vehicleBicycle, (616.1, 58.0, 22.3), chunk 38, 1
2024-12-04T03:03:30 117008.843 INF VehicleManager saved 356 bytes
2024-12-04T03:03:40 117019.453 INF 117010.4 SleeperVolume 578, 58, 4: Restoring 582, 59, 7 (36, 0) 'zombieBurnt', count 7
2024-12-04T03:03:40 117019.542 INF 117010.5 SleeperVolume 578, 58, 4: Restoring 579, 59, 4 (36, 0) 'zombieBurnt', count 7
2024-12-04T03:03:52 117031.015 INF Time: 1950.37m FPS: 20.02 Heap: 2273.4MB Max: 2304.1MB Chunks: 853 CGO: 75 Ply: 3 Zom: 7 Ent: 15 (84) Items: 0 CO: 3 RSS: 2832.7MB
2024-12-04T03:03:57 117036.309 INF Entity animalChicken 1931 killed
2024-12-04T03:04:02 117041.258 INF Entity zombieBurntFeral 2256 killed by CostaDelMars 171
2024-12-04T03:04:09 117048.332 INF DroneManager saving 0 (0 + 0)
2024-12-04T03:04:09 117048.332 INF TurretTracker saving 0 (0 + 0)
2024-12-04T03:04:09 117048.333 INF DroneManager saved 9 bytes
2024-12-04T03:04:09 117048.334 INF TurretTracker saved 9 bytes
2024-12-04T03:04:22 117061.029 INF Time: 1950.87m FPS: 20.00 Heap: 2285.9MB Max: 2304.1MB Chunks: 853 CGO: 78 Ply: 3 Zom: 6 Ent: 15 (84) Items: 0 CO: 3 RSS: 2832.7MB
2024-12-04T03:04:52 117091.083 INF Time: 1951.37m FPS: 20.00 Heap: 2262.2MB Max: 2304.1MB Chunks: 853 CGO: 79 Ply: 3 Zom: 5 Ent: 13 (81) Items: 0 CO: 3 RSS: 2833.8MB
2024-12-04T03:05:22 117121.111 INF Time: 1951.87m FPS: 19.97 Heap: 2265.9MB Max: 2304.1MB Chunks: 853 CGO: 72 Ply: 3 Zom: 4 Ent: 12 (81) Items: 0 CO: 3 RSS: 2833.8MB
2024-12-04T03:05:30 117128.854 INF VehicleManager saving 1 (1 + 0)
2024-12-04T03:05:30 117128.855 INF 2340143 VehicleManager write #0, id 2293, vehicleBicycle, (564.3, 58.0, 38.5), chunk 35, 2
2024-12-04T03:05:30 117128.856 INF VehicleManager saved 356 bytes
2024-12-04T03:05:44 117142.924 INF AIDirector: Wandering StartSpawning Horde
2024-12-04T03:05:44 117142.928 INF AIDirector: FindWanderingTargets at player '[type=EntityPlayer, name=conceptxo, id=675]', dist 56.88942
2024-12-04T03:05:44 117142.931 INF Party of 1, game stage 15, enemy max 8, bonus every 12
2024-12-04T03:05:44 117142.931 INF Party members: 
2024-12-04T03:05:44 117142.931 INF Player id 675, gameStage 15
2024-12-04T03:05:44 117142.955 INF AIDirector: Spawned wandering horde (group ZombieBikerBarGroup, zombie [type=EntityZombie, name=zombieMoe, id=2296])
2024-12-04T03:05:45 117143.957 INF AIDirector: Spawned wandering horde (group ZombieBikerBarGroup, zombie [type=EntityZombie, name=zombiePartyGirl, id=2297])
2024-12-04T03:05:46 117145.021 INF AIDirector: Spawned wandering horde (group ZombieBikerBarGroup, zombie [type=EntityZombie, name=zombieSkateboarder, id=2298])
2024-12-04T03:05:47 117146.063 INF AIDirector: Spawned wandering horde (group ZombieBikerBarGroup, zombie [type=EntityZombie, name=zombiePartyGirl, id=2299])
2024-12-04T03:05:48 117147.116 INF AIDirector: Spawned wandering horde (group ZombieBikerBarGroup, zombie [type=EntityZombie, name=zombieMoe, id=2300])
2024-12-04T03:05:49 117148.171 INF AIDirector: Spawned wandering horde (group ZombieBikerBarGroup, zombie [type=EntityZombie, name=zombieSkateboarder, id=2301])
2024-12-04T03:05:50 117149.220 INF AIDirector: Spawned wandering horde (group ZombieBikerBarGroup, zombie [type=EntityZombie, name=zombiePartyGirl, id=2302])
2024-12-04T03:05:51 117150.270 INF AIDirector: Spawned wandering horde (group ZombieBikerBarGroup, zombie [type=EntityZombie, name=zombiePartyGirl, id=2303])
2024-12-04T03:05:51 117150.318 INF AIDirectorGameStagePartySpawner: groups done (1)
2024-12-04T03:05:52 117151.123 INF Time: 1952.37m FPS: 19.98 Heap: 2269.8MB Max: 2304.1MB Chunks: 853 CGO: 82 Ply: 3 Zom: 12 Ent: 19 (89) Items: 0 CO: 7 RSS: 2833.8MB
2024-12-04T03:05:59 117158.365 INF Entity zombieBoe 2289 killed by conceptxo 675
2024-12-04T03:06:09 117168.364 INF DroneManager saving 0 (0 + 0)
2024-12-04T03:06:09 117168.364 INF TurretTracker saving 0 (0 + 0)
2024-12-04T03:06:09 117168.366 INF DroneManager saved 9 bytes
2024-12-04T03:06:09 117168.366 INF TurretTracker saved 9 bytes
2024-12-04T03:06:12 117170.856 INF AIDirector: Wandering horde zombie '[type=EntityZombie, name=zombieSkateboarder, id=2301]' removed from control
2024-12-04T03:06:15 117173.919 INF AIDirector: Wandering horde zombie '[type=EntityZombie, name=zombiePartyGirl, id=2299]' removed from control
2024-12-04T03:06:18 117177.423 WRN Occlusion: RemoveEntity [type=EntityBicycle, name=vehicleBicycle, id=2293] missing
2024-12-04T03:06:18 117177.423 INF 2341113 VehicleManager RemoveTrackedVehicle [type=EntityBicycle, name=vehicleBicycle, id=2293], Killed
2024-12-04T03:06:22 117181.131 INF Time: 1952.87m FPS: 19.99 Heap: 2275.6MB Max: 2304.1MB Chunks: 853 CGO: 87 Ply: 3 Zom: 11 Ent: 20 (91) Items: 2 CO: 6 RSS: 2834.0MB
[FinishTreasureQuest] Requesting reset at world position: -147, 73, 513
2024-12-04T03:06:28 117187.374 INF VehicleManager saving 0 (0 + 0)
2024-12-04T03:06:28 117187.376 INF VehicleManager saved 9 bytes
2024-12-04T03:06:35 117194.414 INF 117185.4 SleeperVolume 578, 58, 4: Restoring 579, 59, 4 (36, 0) 'zombieBurnt', count 14
2024-12-04T03:06:35 117194.718 INF 117185.7 SleeperVolume 578, 58, 4: Restoring 582, 59, 7 (36, 0) 'zombieBurnt', count 14
2024-12-04T03:06:38 117197.208 INF AIDirector: Wandering horde zombie '[type=EntityZombie, name=zombieSkateboarder, id=2298]' removed from control
2024-12-04T03:06:43 117202.515 INF 117193.5 SleeperVolume 574, 54, 3: Restoring 580, 54, 7 (36, 0) 'zombieBurntFeral', count 17
2024-12-04T03:06:43 117202.617 INF 117193.6 SleeperVolume 574, 54, 3: Still alive 'GameObject'
2024-12-04T03:06:52 117211.174 INF Time: 1953.37m FPS: 19.99 Heap: 2262.1MB Max: 2304.1MB Chunks: 853 CGO: 111 Ply: 3 Zom: 18 Ent: 27 (85) Items: 2 CO: 7 RSS: 2834.0MB
2024-12-04T03:07:22 117241.177 INF Time: 1953.87m FPS: 19.98 Heap: 2267.7MB Max: 2304.1MB Chunks: 904 CGO: 110 Ply: 3 Zom: 17 Ent: 25 (86) Items: 2 CO: 8 RSS: 2840.8MB
2024-12-04T03:07:51 117270.188 INF AIDirector: Wandering horde zombie '[type=EntityZombie, name=zombiePartyGirl, id=2302]' removed from control
2024-12-04T03:07:52 117271.199 INF Time: 1954.37m FPS: 19.97 Heap: 2273.6MB Max: 2304.1MB Chunks: 915 CGO: 105 Ply: 3 Zom: 16 Ent: 24 (86) Items: 2 CO: 7 RSS: 2844.7MB
2024-12-04T03:08:01 117280.577 INF 2343173 Vehicle PostInit [type=EntityBicycle, name=vehicleBicycle, id=2312], (571.71, 58.14, -7.43) (chunk 35, -1), rbPos (0.00, 0.00, 0.00)
2024-12-04T03:08:07 117286.141 INF AIDirector: Wandering horde zombie '[type=EntityZombie, name=zombiePartyGirl, id=2297]' removed from control
2024-12-04T03:08:09 117288.400 INF DroneManager saving 0 (0 + 0)
2024-12-04T03:08:09 117288.401 INF TurretTracker saving 0 (0 + 0)
2024-12-04T03:08:09 117288.402 INF DroneManager saved 9 bytes
2024-12-04T03:08:09 117288.403 INF TurretTracker saved 9 bytes
2024-12-04T03:08:11 117290.544 INF VehicleManager saving 1 (1 + 0)
2024-12-04T03:08:11 117290.545 INF 2343373 VehicleManager write #0, id 2312, vehicleBicycle, (575.9, 58.0, 29.6), chunk 35, 1
2024-12-04T03:08:11 117290.545 INF VehicleManager saved 356 bytes
2024-12-04T03:08:16 117295.399 INF AIDirector: Wandering horde zombie '[type=EntityZombie, name=zombiePartyGirl, id=2303]' removed from control
2024-12-04T03:08:22 117301.206 INF Time: 1954.87m FPS: 20.00 Heap: 2284.5MB Max: 2304.1MB Chunks: 915 CGO: 108 Ply: 3 Zom: 12 Ent: 21 (87) Items: 2 CO: 5 RSS: 2844.7MB
2024-12-04T03:08:26 117305.147 WRN Received NetPackageEntityRelPosAndRot with invalid entityId 2312 from EntityID=171, PltfmId='Steam_76561199036446150', CrossId='EOS_0002f1e01ad44091a9b0bde8c30901e7', OwnerID='Steam_76561199036446150', PlayerName='CostaDelMars', ClientNumber='3'
2024-12-04T03:08:29 117307.933 WRN Occlusion: RemoveEntity [type=EntityBicycle, name=vehicleBicycle, id=2312] missing
2024-12-04T03:08:29 117307.933 INF 2343720 VehicleManager RemoveTrackedVehicle [type=EntityBicycle, name=vehicleBicycle, id=2312], Killed
2024-12-04T03:08:29 117308.194 INF MinEventLogMessage: XP gained during the last level:
2024-12-04T03:08:29 117308.194 INF CVarLogValue: $xpFromLootThisLevel == 0
2024-12-04T03:08:29 117308.194 INF CVarLogValue: $xpFromHarvestingThisLevel == 0
2024-12-04T03:08:29 117308.194 INF CVarLogValue: $xpFromKillThisLevel == 0
2024-12-04T03:08:39 117317.901 INF VehicleManager saving 0 (0 + 0)
2024-12-04T03:08:39 117317.903 INF VehicleManager saved 9 bytes
2024-12-04T03:08:43 117322.362 INF 2344005 Vehicle PostInit [type=EntityBicycle, name=vehicleBicycle, id=2313], (576.25, 59.72, -13.98) (chunk 36, -1), rbPos (0.00, 0.00, 0.00)
2024-12-04T03:08:52 117331.214 INF Time: 1955.37m FPS: 20.01 Heap: 2262.9MB Max: 2304.1MB Chunks: 915 CGO: 95 Ply: 3 Zom: 11 Ent: 20 (85) Items: 2 CO: 5 RSS: 2845.5MB
2024-12-04T03:08:53 117332.297 INF VehicleManager saving 1 (1 + 0)
2024-12-04T03:08:53 117332.297 INF 2344205 VehicleManager write #0, id 2313, vehicleBicycle, (568.2, 58.0, 25.6), chunk 35, 1
2024-12-04T03:08:53 117332.298 INF VehicleManager saved 356 bytes
2024-12-04T03:09:02 117340.902 INF AIDirector: Wandering horde zombie '[type=EntityZombie, name=zombieMoe, id=2300]' removed from control
2024-12-04T03:09:16 117355.518 WRN Occlusion: RemoveEntity [type=EntityBicycle, name=vehicleBicycle, id=2313] missing
2024-12-04T03:09:16 117355.519 INF 2344668 VehicleManager RemoveTrackedVehicle [type=EntityBicycle, name=vehicleBicycle, id=2313], Killed
2024-12-04T03:09:22 117361.208 INF Time: 1955.87m FPS: 20.00 Heap: 2264.8MB Max: 2304.1MB Chunks: 915 CGO: 93 Ply: 3 Zom: 8 Ent: 15 (85) Items: 2 CO: 4 RSS: 2846.6MB
2024-12-04T03:09:26 117364.970 INF 2344857 Vehicle PostInit [type=EntityBicycle, name=vehicleBicycle, id=2314], (-504.15, 61.14, 505.65) (chunk -32, 31), rbPos (0.00, 0.00, 0.00)
2024-12-04T03:09:26 117365.517 INF VehicleManager saving 1 (1 + 0)
2024-12-04T03:09:26 117365.517 INF 2344869 VehicleManager write #0, id 2314, vehicleBicycle, (-504.2, 61.0, 505.6), chunk -32, 31
2024-12-04T03:09:26 117365.520 INF VehicleManager saved 356 bytes
2024-12-04T03:09:36 117375.504 INF [DECO] written 75736, in 21ms
2024-12-04T03:09:36 117375.505 INF [DECO] write thread 1ms
2024-12-04T03:09:40 117378.980 INF AIDirector: Wandering horde zombie '[type=EntityZombie, name=zombieMoe, id=2296]' removed from control
2024-12-04T03:09:40 117379.064 INF AIDirector: Wandering spawner finished Horde
2024-12-04T03:09:40 117379.102 INF Computed 415 chunk groups containing a total of 8472 chunks. Largest group contains 449 chunks.
2024-12-04T03:09:43 117382.268 INF Entity zombieBurnt 2253 killed
2024-12-04T03:09:52 117391.240 INF Time: 1956.37m FPS: 19.92 Heap: 2271.2MB Max: 2304.1MB Chunks: 915 CGO: 81 Ply: 3 Zom: 6 Ent: 15 (86) Items: 2 CO: 3 RSS: 2848.0MB
2024-12-04T03:10:06 117405.500 INF Entity zombieBurnt 2260 killed by CostaDelMars 171
2024-12-04T03:10:09 117408.402 INF DroneManager saving 0 (0 + 0)
2024-12-04T03:10:09 117408.403 INF TurretTracker saving 0 (0 + 0)
2024-12-04T03:10:09 117408.404 INF DroneManager saved 9 bytes
2024-12-04T03:10:09 117408.405 INF TurretTracker saved 9 bytes
2024-12-04T03:10:22 117421.257 INF Time: 1956.87m FPS: 19.99 Heap: 2284.7MB Max: 2304.1MB Chunks: 915 CGO: 98 Ply: 3 Zom: 6 Ent: 16 (90) Items: 2 CO: 3 RSS: 2848.2MB
2024-12-04T03:10:36 117435.557 INF [DECO] written 75737, in 29ms
2024-12-04T03:10:36 117435.567 INF [DECO] write thread 9ms
2024-12-04T03:10:37 117436.631 INF GMSG: Player 'CostaDelMars' died
2024-12-04T03:10:37 117436.673 INF 2346288 EntityBackpack id 2322, plyrId 171, (0.0, 0.0, 0.0) (0, 0), chunk False (0, 0, 0), items 50 treePlantedMountainPine1m, resourceScrapBrass at (0, 0, 0, xz 0 0) : Read
2024-12-04T03:10:37 117436.673 INF 2346288 EntityBackpack id 2322, plyrId 171, (561.2, 60.4, 25.7) (35, 1), chunk True (35, 3, 1), items 50 treePlantedMountainPine1m, resourceScrapBrass at (0, 0, 0, xz 0 0) : Write
2024-12-04T03:10:37 117436.681 INF 2346288 EntityBackpack id 2322, plyrId 171, (561.2, 60.4, 25.7) (35, 1), chunk True (35, 3, 1), items 50 treePlantedMountainPine1m, resourceScrapBrass at (0, 0, 0, xz 0 0) : Start
2024-12-04T03:10:45 117443.988 INF 2346434 EntityBackpack id 2322, plyrId 171, (560.3, 58.2, 26.2) (35, 1), chunk True (35, 3, 1), items 50 treePlantedMountainPine1m, resourceScrapBrass at (0, 0, 0, xz 0 0) : Write
2024-12-04T03:10:52 117451.264 INF Time: 1957.37m FPS: 20.01 Heap: 2269.4MB Max: 2304.1MB Chunks: 915 CGO: 73 Ply: 3 Zom: 5 Ent: 13 (93) Items: 3 CO: 3 RSS: 2848.6MB
2024-12-04T03:10:55 117454.271 INF PlayerSpawnedInWorld (reason: Died, position: 648, 61, -1): EntityID=171, PltfmId='Steam_76561199036446150', CrossId='EOS_0002f1e01ad44091a9b0bde8c30901e7', OwnerID='Steam_76561199036446150', PlayerName='CostaDelMars', ClientNumber='3'
2024-12-04T03:11:01 117460.129 INF 2346757 EntityBackpack id 2322, plyrId 171, (560.3, 58.2, 26.2) (35, 1), chunk True (35, 3, 1), items 50 treePlantedMountainPine1m, resourceScrapBrass at (0, 0, 0, xz 0 0) : Write
2024-12-04T03:11:07 117466.337 WRN Received NetPackageEntityRelPosAndRot with invalid entityId 2314 from EntityID=172, PltfmId='Steam_76561198053631854', CrossId='EOS_000204481cce44489a328d6fcefc5fd7', OwnerID='Steam_76561198053631854', PlayerName='directorfitz', ClientNumber='1'
2024-12-04T03:11:09 117467.994 INF 2346914 EntityBackpack id 2322, plyrId 171, (560.3, 58.2, 26.2) (35, 1), chunk True (35, 3, 1), items 50 treePlantedMountainPine1m, resourceScrapBrass at (0, 0, 0, xz 0 0) : Write
2024-12-04T03:11:13 117472.603 INF 2347006 EntityBackpack id 2322, plyrId 171, (560.3, 58.2, 26.2) (35, 1), chunk True (35, 3, 1), items 0  at (0, 0, 0, xz 0 0) : RemoveBackpack empty True, reason empty
2024-12-04T03:11:13 117472.603 INF 2347006 EntityBackpack id 2322, plyrId 171, (560.3, 58.2, 26.2) (35, 1), chunk True (35, 3, 1), items 0  at (0, 0, 0, xz 0 0) : RemoveBackpack empty True, reason old
2024-12-04T03:11:13 117472.603 INF 2347006 EntityBackpack id 2322, plyrId 171, (560.3, 58.2, 26.2) (35, 1), chunk True (35, 3, 1), items 0  at (0, 0, 0, xz 0 0) : OnEntityUnload markedForUnload False, IsDead True, IsDespawned False
2024-12-04T03:11:15 117474.735 INF Entity zombieBurntFeral 2311 killed by CostaDelMars 171
2024-12-04T03:11:22 117481.281 INF Time: 1957.87m FPS: 19.98 Heap: 2272.8MB Max: 2304.1MB Chunks: 915 CGO: 83 Ply: 3 Zom: 6 Ent: 13 (98) Items: 3 CO: 3 RSS: 2849.4MB
2024-12-04T03:11:26 117485.536 INF VehicleManager saving 1 (1 + 0)
2024-12-04T03:11:26 117485.536 INF 2347265 VehicleManager write #0, id 2314, vehicleBicycle, (68.8, 69.1, 37.2), chunk 4, 2
2024-12-04T03:11:26 117485.537 INF VehicleManager saved 356 bytes
2024-12-04T03:11:42 117501.040 WRN Occlusion: RemoveEntity [type=EntityBicycle, name=vehicleBicycle, id=2314] missing
2024-12-04T03:11:42 117501.040 INF 2347574 VehicleManager RemoveTrackedVehicle [type=EntityBicycle, name=vehicleBicycle, id=2314], Killed
2024-12-04T03:11:44 117503.340 INF AIDirector: Spawning Scouts at (-283.0, 62.0, 658.0), to (-204.0, 61.0, 674.0)
2024-12-04T03:11:44 117503.340 INF Spawning this wave: 2
2024-12-04T03:11:44 117503.342 INF Spawned [type=EntityZombie, name=zombieScreamer, id=2339] at (-277.5, 62.0, 661.5) Day=9 TotalInWave=1 CurrentWave=1
2024-12-04T03:11:44 117503.342 INF AIDirector: scout horde spawned '[type=EntityZombie, name=zombieScreamer, id=2339]'. Moving to point of interest
2024-12-04T03:11:48 117507.343 INF Spawned [type=EntityZombie, name=zombieScreamer, id=2341] at (-288.5, 61.8, 652.5) Day=9 TotalInWave=2 CurrentWave=1
2024-12-04T03:11:48 117507.343 INF AIDirector: scout horde spawned '[type=EntityZombie, name=zombieScreamer, id=2341]'. Moving to point of interest
2024-12-04T03:11:52 117511.047 INF VehicleManager saving 0 (0 + 0)
2024-12-04T03:11:52 117511.049 INF VehicleManager saved 9 bytes
2024-12-04T03:11:52 117511.300 INF Time: 1958.37m FPS: 20.00 Heap: 2284.1MB Max: 2304.1MB Chunks: 915 CGO: 148 Ply: 3 Zom: 14 Ent: 19 (109) Items: 4 CO: 5 RSS: 2858.2MB
2024-12-04T03:11:55 117514.107 INF 2347835 Vehicle PostInit [type=EntityBicycle, name=vehicleBicycle, id=2344], (570.52, 61.13, 75.24) (chunk 35, 4), rbPos (0.00, 0.00, 0.00)
2024-12-04T03:12:00 117518.916 INF 2347931 Vehicle PostInit [type=EntityBicycle, name=vehicleBicycle, id=2345], (132.64, 86.78, 28.85) (chunk 8, 1), rbPos (0.00, 0.00, 0.00)
2024-12-04T03:12:05 117524.061 INF VehicleManager saving 2 (2 + 0)
2024-12-04T03:12:05 117524.061 INF 2348035 VehicleManager write #0, id 2344, vehicleBicycle, (559.0, 58.0, 11.7), chunk 34, 0
2024-12-04T03:12:05 117524.061 INF 2348035 VehicleManager write #1, id 2345, vehicleBicycle, (148.9, 89.9, 31.2), chunk 9, 1
2024-12-04T03:12:05 117524.062 INF VehicleManager saved 703 bytes
2024-12-04T03:12:09 117528.414 INF DroneManager saving 0 (0 + 0)
2024-12-04T03:12:09 117528.414 INF TurretTracker saving 0 (0 + 0)
2024-12-04T03:12:09 117528.416 INF DroneManager saved 9 bytes
2024-12-04T03:12:09 117528.416 INF TurretTracker saved 9 bytes
2024-12-04T03:12:22 117541.358 INF Time: 1958.87m FPS: 19.96 Heap: 2304.2MB Max: 2304.2MB Chunks: 915 CGO: 75 Ply: 3 Zom: 6 Ent: 13 (114) Items: 4 CO: 5 RSS: 2861.3MB
2024-12-04T03:12:36 117555.579 INF [DECO] written 75737, in 23ms
2024-12-04T03:12:36 117555.580 INF [DECO] write thread 1ms
2024-12-04T03:12:43 117562.149 INF AIDirector: Scout spawned a zombie horde
2024-12-04T03:12:43 117562.153 INF Party of 1, game stage 15, enemy max 7, bonus every 12
2024-12-04T03:12:43 117562.153 INF Party members: 
2024-12-04T03:12:43 117562.153 INF Player id 675, gameStage 15
2024-12-04T03:12:43 117562.163 INF Screamer spawned zombieBoe from scoutHordeStageGS14
2024-12-04T03:12:43 117562.203 INF Screamer spawned zombieMarlene from scoutHordeStageGS14
2024-12-04T03:12:43 117562.249 INF Screamer spawned zombieBoe from scoutHordeStageGS14
2024-12-04T03:12:43 117562.297 INF Screamer spawned zombieDarlene from scoutHordeStageGS14
2024-12-04T03:12:43 117562.347 INF Screamer spawned zombieMarlene from scoutHordeStageGS14
2024-12-04T03:12:52 117571.352 INF Time: 1959.37m FPS: 20.00 Heap: 2280.6MB Max: 2304.2MB Chunks: 915 CGO: 87 Ply: 3 Zom: 10 Ent: 16 (94) Items: 2 CO: 9 RSS: 2861.6MB
2024-12-04T03:12:54 117572.872 WRN Received NetPackageEntityRelPosAndRot with invalid entityId 2344 from EntityID=171, PltfmId='Steam_76561199036446150', CrossId='EOS_0002f1e01ad44091a9b0bde8c30901e7', OwnerID='Steam_76561199036446150', PlayerName='CostaDelMars', ClientNumber='3'
2024-12-04T03:12:57 117576.568 WRN Occlusion: RemoveEntity [type=EntityBicycle, name=vehicleBicycle, id=2344] missing
2024-12-04T03:12:57 117576.568 INF 2349080 VehicleManager RemoveTrackedVehicle [type=EntityBicycle, name=vehicleBicycle, id=2344], Killed
2024-12-04T03:13:04 117583.167 INF AIDirector: Scout spawned a zombie horde
2024-12-04T03:13:04 117583.182 INF Screamer spawned zombiePartyGirl from scoutHordeStageGS14
2024-12-04T03:13:04 117583.203 INF Screamer spawned zombieMoe from scoutHordeStageGS14
2024-12-04T03:13:04 117583.255 INF AIDirectorGameStagePartySpawner: groups done (1)
2024-12-04T03:13:07 117586.563 INF VehicleManager saving 1 (1 + 0)
2024-12-04T03:13:07 117586.563 INF 2349281 VehicleManager write #0, id 2345, vehicleBicycle, (281.7, 73.1, -151.9), chunk 17, -10
2024-12-04T03:13:07 117586.565 INF VehicleManager saved 356 bytes
2024-12-04T03:13:11 117590.564 INF Entity zombieScreamer 2341 killed by conceptxo 675
2024-12-04T03:13:11 117590.565 INF Start a new wave 'Scouts'. timeout=1s. worldtime=0
2024-12-04T03:13:11 117590.566 INF AIDirector: scout horde '[type=EntityZombie, name=zombieScreamer, id=2341]' removed from control
2024-12-04T03:13:11 117590.566 INF AIDirector: Scout triggered horde finished (all mobs spawned)
2024-12-04T03:13:16 117595.032 WRN Occlusion: RemoveEntity [type=EntityBicycle, name=vehicleBicycle, id=2345] missing
2024-12-04T03:13:16 117595.032 INF 2349449 VehicleManager RemoveTrackedVehicle [type=EntityBicycle, name=vehicleBicycle, id=2345], Killed
2024-12-04T03:13:22 117601.382 INF Time: 1959.87m FPS: 19.96 Heap: 2283.6MB Max: 2304.2MB Chunks: 915 CGO: 50 Ply: 3 Zom: 9 Ent: 15 (96) Items: 2 CO: 4 RSS: 2861.6MB
2024-12-04T03:13:26 117604.988 INF VehicleManager saving 0 (0 + 0)
2024-12-04T03:13:26 117604.989 INF VehicleManager saved 9 bytes
2024-12-04T03:13:52 117631.389 INF Time: 1960.37m FPS: 20.01 Heap: 2286.0MB Max: 2304.2MB Chunks: 915 CGO: 33 Ply: 3 Zom: 9 Ent: 15 (97) Items: 3 CO: 4 RSS: 2861.6MB
2024-12-04T03:14:09 117648.453 INF DroneManager saving 0 (0 + 0)
2024-12-04T03:14:09 117648.453 INF TurretTracker saving 0 (0 + 0)
2024-12-04T03:14:09 117648.455 INF DroneManager saved 9 bytes
2024-12-04T03:14:09 117648.456 INF TurretTracker saved 9 bytes
2024-12-04T03:14:10 117648.857 INF AIDirector: Scout spawned a zombie horde
2024-12-04T03:14:10 117648.867 INF Spawned [type=EntityZombie, name=zombieScreamer, id=2357] at (-285.5, 62.0, 655.5) Day=9 TotalInWave=1 CurrentWave=1
2024-12-04T03:14:10 117648.868 INF AIDirector: scout horde spawned '[type=EntityZombie, name=zombieScreamer, id=2357]'. Moving to point of interest
2024-12-04T03:14:10 117648.868 INF Party of 1, game stage 15, enemy max 7, bonus every 12
2024-12-04T03:14:10 117648.868 INF Party members: 
2024-12-04T03:14:10 117648.868 INF Player id 675, gameStage 15
2024-12-04T03:14:10 117648.875 INF Screamer spawned zombieTomClark from scoutHordeStageGS14
2024-12-04T03:14:10 117648.900 INF Screamer spawned zombieMarlene from scoutHordeStageGS14
2024-12-04T03:14:10 117648.949 INF Screamer spawned zombieTomClark from scoutHordeStageGS14
2024-12-04T03:14:10 117649.002 INF Screamer spawned zombieBoe from scoutHordeStageGS14
2024-12-04T03:14:14 117652.860 INF Start a new wave 'Scouts'. timeout=1s. worldtime=0
2024-12-04T03:14:22 117661.405 INF Time: 1960.87m FPS: 19.98 Heap: 2292.9MB Max: 2304.2MB Chunks: 915 CGO: 49 Ply: 3 Zom: 14 Ent: 19 (103) Items: 4 CO: 8 RSS: 2861.6MB
2024-12-04T03:14:28 117666.858 INF AIDirector: Scout spawned a zombie horde
2024-12-04T03:14:28 117666.870 INF Screamer spawned zombieTomClark from scoutHordeStageGS14
2024-12-04T03:14:28 117666.909 INF Screamer spawned zombieNurse from scoutHordeStageGS14
2024-12-04T03:14:28 117666.957 INF Screamer spawned zombieMarlene from scoutHordeStageGS14
2024-12-04T03:14:28 117667.011 INF AIDirectorGameStagePartySpawner: groups done (1)
2024-12-04T03:14:46 117685.257 INF AIDirector: Scout spawned a zombie horde
2024-12-04T03:14:46 117685.258 INF Party of 1, game stage 15, enemy max 7, bonus every 12
2024-12-04T03:14:46 117685.258 INF Party members: 
2024-12-04T03:14:46 117685.258 INF Player id 675, gameStage 15
2024-12-04T03:14:46 117685.266 INF Screamer spawned zombieSteve from scoutHordeStageGS14
2024-12-04T03:14:46 117685.308 INF Screamer spawned zombieBoe from scoutHordeStageGS14
2024-12-04T03:14:46 117685.357 INF Screamer spawned zombieMarlene from scoutHordeStageGS14
2024-12-04T03:14:46 117685.401 INF Screamer spawned zombieDarlene from scoutHordeStageGS14
2024-12-04T03:14:46 117685.466 INF Screamer spawned zombieBusinessMan from scoutHordeStageGS14
2024-12-04T03:14:52 117691.468 INF Time: 1961.37m FPS: 20.00 Heap: 2279.9MB Max: 2304.2MB Chunks: 924 CGO: 67 Ply: 3 Zom: 22 Ent: 27 (92) Items: 2 CO: 9 RSS: 2863.5MB
2024-12-04T03:14:59 117698.159 INF Entity zombieBoe 2361 killed
2024-12-04T03:15:02 117701.211 INF 2351568 Vehicle PostInit [type=EntityBicycle, name=vehicleBicycle, id=2375], (307.98, 73.10, -181.40) (chunk 19, -12), rbPos (0.00, 0.00, 0.00)
2024-12-04T03:15:04 117703.305 INF AIDirector: Scout spawned a zombie horde
2024-12-04T03:15:04 117703.309 INF Spawned [type=EntityZombie, name=zombieScreamer, id=2376] at (-286.5, 62.0, 660.5) Day=9 TotalInWave=1 CurrentWave=1
2024-12-04T03:15:04 117703.309 INF AIDirector: scout horde spawned '[type=EntityZombie, name=zombieScreamer, id=2376]'. Moving to point of interest
2024-12-04T03:15:04 117703.312 INF Screamer spawned zombieNurse from scoutHordeStageGS14
2024-12-04T03:15:04 117703.348 INF Screamer spawned zombieJanitor from scoutHordeStageGS14
2024-12-04T03:15:04 117703.398 INF AIDirectorGameStagePartySpawner: groups done (1)
2024-12-04T03:15:08 117707.308 INF Start a new wave 'Scouts'. timeout=1s. worldtime=0
2024-12-04T03:15:12 117711.157 INF VehicleManager saving 1 (1 + 0)
2024-12-04T03:15:12 117711.157 INF 2351768 VehicleManager write #0, id 2375, vehicleBicycle, (362.3, 70.6, -155.7), chunk 22, -10
2024-12-04T03:15:12 117711.158 INF VehicleManager saved 356 bytes
2024-12-04T03:15:16 117715.720 INF 2351858 Vehicle PostInit [type=EntityBicycle, name=vehicleBicycle, id=2380], (305.61, 73.10, -180.17) (chunk 19, -12), rbPos (0.00, 0.00, 0.00)
2024-12-04T03:15:19 117718.315 INF AIDirector: Scout spawned a zombie horde
2024-12-04T03:15:19 117718.316 INF Party of 1, game stage 15, enemy max 7, bonus every 12
2024-12-04T03:15:19 117718.316 INF Party members: 
2024-12-04T03:15:19 117718.316 INF Player id 675, gameStage 15
2024-12-04T03:15:19 117718.322 INF Screamer spawned zombieMarlene from scoutHordeStageGS14
2024-12-04T03:15:19 117718.355 INF Screamer spawned zombieJoe from scoutHordeStageGS14
2024-12-04T03:15:19 117718.414 INF Screamer spawned zombieBoe from scoutHordeStageGS14
2024-12-04T03:15:19 117718.457 INF Screamer spawned zombieNurse from scoutHordeStageGS14
2024-12-04T03:15:19 117718.521 INF Screamer spawned zombieJanitor from scoutHordeStageGS14
2024-12-04T03:15:21 117719.870 INF Entity zombieBusinessMan 2373 killed
2024-12-04T03:15:22 117721.510 INF Time: 1961.87m FPS: 20.00 Heap: 2287.6MB Max: 2304.2MB Chunks: 924 CGO: 96 Ply: 3 Zom: 29 Ent: 39 (104) Items: 3 CO: 9 RSS: 2866.6MB
2024-12-04T03:15:26 117725.714 INF VehicleManager saving 2 (2 + 0)
2024-12-04T03:15:26 117725.715 INF 2352059 VehicleManager write #0, id 2375, vehicleBicycle, (458.1, 62.3, -109.8), chunk 28, -7
2024-12-04T03:15:26 117725.715 INF 2352059 VehicleManager write #1, id 2380, vehicleBicycle, (270.9, 72.9, -180.4), chunk 16, -12
2024-12-04T03:15:26 117725.715 INF VehicleManager saved 703 bytes
2024-12-04T03:15:35 117734.213 WRN Occlusion: RemoveEntity [type=EntityBicycle, name=vehicleBicycle, id=2380] missing
2024-12-04T03:15:35 117734.213 INF 2352228 VehicleManager RemoveTrackedVehicle [type=EntityBicycle, name=vehicleBicycle, id=2380], Killed
2024-12-04T03:15:37 117736.321 INF AIDirector: Scout spawned a zombie horde
2024-12-04T03:15:37 117736.330 INF Screamer spawned zombieDarlene from scoutHordeStageGS14
2024-12-04T03:15:37 117736.405 INF Screamer spawned zombieNurse from scoutHordeStageGS14
2024-12-04T03:15:37 117736.452 INF AIDirectorGameStagePartySpawner: groups done (1)
2024-12-04T03:15:45 117744.194 INF VehicleManager saving 1 (1 + 0)
2024-12-04T03:15:45 117744.195 INF 2352428 VehicleManager write #0, id 2375, vehicleBicycle, (546.5, 58.0, -25.8), chunk 34, -2
2024-12-04T03:15:45 117744.196 INF VehicleManager saved 356 bytes
2024-12-04T03:15:52 117751.544 INF Time: 1962.37m FPS: 19.97 Heap: 2300.0MB Max: 2304.2MB Chunks: 924 CGO: 99 Ply: 3 Zom: 31 Ent: 38 (110) Items: 3 CO: 6 RSS: 2869.1MB
2024-12-04T03:15:55 117754.644 INF AIDirector: Scout spawned a zombie horde
2024-12-04T03:15:55 117754.644 INF Party of 1, game stage 15, enemy max 7, bonus every 12
2024-12-04T03:15:55 117754.644 INF Party members: 
2024-12-04T03:15:55 117754.644 INF Player id 675, gameStage 15
2024-12-04T03:15:55 117754.648 INF Screamer spawned zombieMarlene from scoutHordeStageGS14
2024-12-04T03:15:55 117754.697 INF Screamer spawned zombieJanitor from scoutHordeStageGS14
2024-12-04T03:15:55 117754.742 INF Screamer spawned zombiePartyGirl from scoutHordeStageGS14
2024-12-04T03:15:56 117754.787 INF Screamer spawned zombieJanitor from scoutHordeStageGS14
2024-12-04T03:15:56 117754.845 INF Screamer spawned zombieMoe from scoutHordeStageGS14
2024-12-04T03:15:57 117755.992 INF AIDirector: Scout spawned a zombie horde
2024-12-04T03:15:57 117755.992 INF Party of 1, game stage 15, enemy max 7, bonus every 12
2024-12-04T03:15:57 117755.992 INF Party members: 
2024-12-04T03:15:57 117755.992 INF Player id 675, gameStage 15
2024-12-04T03:15:57 117756.003 INF Screamer spawned zombieSteve from scoutHordeStageGS14
2024-12-04T03:15:57 117756.049 INF Screamer spawned zombieJoe from scoutHordeStageGS14
2024-12-04T03:15:57 117756.087 INF Screamer spawned zombiePartyGirl from scoutHordeStageGS14
2024-12-04T03:15:57 117756.140 INF Screamer spawned zombieNurse from scoutHordeStageGS14
2024-12-04T03:15:57 117756.190 INF Screamer spawned zombiePartyGirl from scoutHordeStageGS14
2024-12-04T03:15:58 117757.393 INF Entity zombieSteve 2369 killed by conceptxo 675
2024-12-04T03:15:59 117758.186 WRN Occlusion: RemoveEntity [type=EntityBicycle, name=vehicleBicycle, id=2375] missing
2024-12-04T03:15:59 117758.186 INF 2352706 VehicleManager RemoveTrackedVehicle [type=EntityBicycle, name=vehicleBicycle, id=2375], Killed
2024-12-04T03:16:01 117760.722 INF 2352756 Vehicle PostInit [type=EntityBicycle, name=vehicleBicycle, id=2405], (211.09, 82.76, -284.95) (chunk 13, -18), rbPos (0.00, 0.00, 0.00)
2024-12-04T03:16:07 117765.933 INF AIDirector: Scout spawned a zombie horde
2024-12-04T03:16:07 117765.933 INF Party of 1, game stage 15, enemy max 7, bonus every 12
2024-12-04T03:16:07 117765.933 INF Party members: 
2024-12-04T03:16:07 117765.934 INF Player id 675, gameStage 15
2024-12-04T03:16:07 117765.944 INF Screamer spawned zombieSteve from scoutHordeStageGS14
2024-12-04T03:16:07 117766.019 INF Screamer spawned zombieJoe from scoutHordeStageGS14
2024-12-04T03:16:07 117766.081 INF Screamer spawned zombiePartyGirl from scoutHordeStageGS14
2024-12-04T03:16:07 117766.169 INF Screamer spawned zombieBusinessMan from scoutHordeStageGS14
2024-12-04T03:16:07 117766.219 INF Screamer spawned zombieMarlene from scoutHordeStageGS14
2024-12-04T03:16:09 117768.175 INF VehicleManager saving 1 (1 + 0)
2024-12-04T03:16:09 117768.175 INF 2352905 VehicleManager write #0, id 2405, vehicleBicycle, (183.7, 76.5, -299.8), chunk 11, -19
2024-12-04T03:16:09 117768.176 INF VehicleManager saved 356 bytes
2024-12-04T03:16:09 117768.469 INF DroneManager saving 0 (0 + 0)
2024-12-04T03:16:09 117768.469 INF TurretTracker saving 0 (0 + 0)
2024-12-04T03:16:09 117768.471 INF DroneManager saved 9 bytes
2024-12-04T03:16:09 117768.471 INF TurretTracker saved 9 bytes
2024-12-04T03:16:13 117772.671 INF AIDirector: Scout spawned a zombie horde
2024-12-04T03:16:13 117772.673 INF Screamer spawned zombieBusinessMan from scoutHordeStageGS14
2024-12-04T03:16:13 117772.735 INF Screamer spawned zombieBoe from scoutHordeStageGS14
2024-12-04T03:16:14 117772.791 INF AIDirectorGameStagePartySpawner: groups done (1)
2024-12-04T03:16:15 117774.030 INF AIDirector: Scout spawned a zombie horde
2024-12-04T03:16:15 117774.034 INF Screamer spawned zombieTomClark from scoutHordeStageGS14
2024-12-04T03:16:15 117774.078 INF Screamer spawned zombieMoe from scoutHordeStageGS14
2024-12-04T03:16:15 117774.126 INF AIDirectorGameStagePartySpawner: groups done (1)
2024-12-04T03:16:22 117780.918 INF Entity zombieDarlene 2352 killed by conceptxo 675
2024-12-04T03:16:22 117781.553 INF Time: 1962.88m FPS: 19.79 Heap: 2703.6MB Max: 2703.6MB Chunks: 924 CGO: 216 Ply: 3 Zom: 61 Ent: 70 (144) Items: 3 CO: 10 RSS: 3301.1MB
2024-12-04T03:16:25 117783.945 INF AIDirector: Scout spawned a zombie horde
2024-12-04T03:16:25 117783.948 INF Screamer spawned zombiePartyGirl from scoutHordeStageGS14
2024-12-04T03:16:25 117783.997 INF Screamer spawned zombieSteve from scoutHordeStageGS14
2024-12-04T03:16:25 117784.071 INF AIDirectorGameStagePartySpawner: groups done (1)
2024-12-04T03:16:28 117786.813 INF 117777.7 SleeperVolume 599, 62, 69: Spawning 605, 62, 69 (37, 4), group 'ZombieBikerBarGroupGS1', class zombiePartyGirl, count 64
2024-12-04T03:16:28 117786.904 INF 117777.8 SleeperVolume 606, 62, 71: Spawning 607, 62, 72 (37, 4), group 'ZombieBikerBarGroupGS1', class zombieJanitor, count 64
2024-12-04T03:16:31 117790.712 INF AIDirector: Scout spawned a zombie horde
2024-12-04T03:16:31 117790.712 INF AIDirector: scout horde '[type=EntityZombie, name=zombieScreamer, id=2357]' removed from control
2024-12-04T03:16:31 117790.712 INF AIDirector: Scout triggered horde finished (all mobs spawned)
2024-12-04T03:16:36 117795.681 INF [DECO] written 75748, in 9ms
2024-12-04T03:16:36 117795.682 INF [DECO] write thread 0ms
2024-12-04T03:16:39 117798.023 INF AIDirector: Scout spawned a zombie horde
2024-12-04T03:16:43 117801.984 INF AIDirector: Scout spawned a zombie horde
2024-12-04T03:16:43 117801.985 INF AIDirector: scout horde '[type=EntityZombie, name=zombieScreamer, id=2339]' removed from control
2024-12-04T03:16:43 117801.985 INF AIDirector: Scout triggered horde finished (all mobs spawned)
2024-12-04T03:16:49 117807.956 INF Entity zombieScreamer 2357 killed by conceptxo 675
2024-12-04T03:16:52 117811.600 INF Time: 1963.38m FPS: 20.00 Heap: 2683.3MB Max: 2703.6MB Chunks: 924 CGO: 189 Ply: 3 Zom: 62 Ent: 71 (128) Items: 3 CO: 4 RSS: 3312.6MB
2024-12-04T03:16:57 117816.038 INF AIDirector: Scout spawned a zombie horde
2024-12-04T03:16:57 117816.038 INF Party of 1, game stage 15, enemy max 7, bonus every 12
2024-12-04T03:16:57 117816.038 INF Party members: 
2024-12-04T03:16:57 117816.038 INF Player id 675, gameStage 15
2024-12-04T03:16:57 117816.041 INF Screamer spawned zombieJoe from scoutHordeStageGS14
2024-12-04T03:16:57 117816.091 INF Screamer spawned zombieMoe from scoutHordeStageGS14
2024-12-04T03:16:57 117816.144 INF Screamer spawned zombieNurse from scoutHordeStageGS14
2024-12-04T03:16:57 117816.193 INF Screamer spawned zombieSteve from scoutHordeStageGS14
2024-12-04T03:16:57 117816.245 INF Screamer spawned zombieTomClark from scoutHordeStageGS14
2024-12-04T03:17:06 117825.631 INF Entity zombiePartyGirl 2429 killed by CostaDelMars 171
2024-12-04T03:17:11 117830.599 INF Entity zombieBusinessMan 2418 killed
2024-12-04T03:17:15 117834.035 INF AIDirector: Scout spawned a zombie horde
2024-12-04T03:17:15 117834.035 INF AIDirector: scout horde '[type=EntityZombie, name=zombieScreamer, id=2376]' removed from control
2024-12-04T03:17:15 117834.035 INF AIDirector: Scout triggered horde finished (all mobs spawned)
2024-12-04T03:17:15 117834.111 INF AIDirector: Scout horde spawn finished (all mobs spawned)
2024-12-04T03:17:19 117838.712 INF Entity zombieJanitor 2430 killed by CostaDelMars 171
2024-12-04T03:17:22 117841.594 INF Time: 1963.88m FPS: 19.86 Heap: 2689.3MB Max: 2703.6MB Chunks: 924 CGO: 149 Ply: 3 Zom: 60 Ent: 70 (136) Items: 3 CO: 3 RSS: 3313.8MB
2024-12-04T03:17:24 117843.292 INF Entity zombieNurse 2438 killed
2024-12-04T03:17:29 117848.381 INF Entity zombieJanitor 2385 killed
2024-12-04T03:17:37 117856.411 INF Entity zombieBoe 2383 killed by conceptxo 675
2024-12-04T03:17:48 117867.118 WRN Received NetPackageEntityRelPosAndRot with invalid entityId 2405 from EntityID=172, PltfmId='Steam_76561198053631854', CrossId='EOS_000204481cce44489a328d6fcefc5fd7', OwnerID='Steam_76561198053631854', PlayerName='directorfitz', ClientNumber='1'
2024-12-04T03:17:52 117871.602 INF Time: 1964.38m FPS: 19.96 Heap: 2708.0MB Max: 2708.0MB Chunks: 924 CGO: 173 Ply: 3 Zom: 56 Ent: 68 (140) Items: 3 CO: 3 RSS: 3324.1MB
2024-12-04T03:18:03 117881.799 INF 117872.7 SleeperVolume 599, 66, 69: Spawning 604, 67, 75 (37, 4), group 'ZombieGhostTownGroupGS1', class zombieMarlene, count 52
2024-12-04T03:18:03 117881.807 INF 117872.7 SleeperVolume 600, 67, 64: Spawning 602, 67, 65 (37, 4), group 'ZombieBikerBarGroupGS1', class zombieBiker, count 52
2024-12-04T03:18:03 117882.042 INF 117873 SleeperVolume 587, 67, 71: Spawning 591, 67, 75 (36, 4), group 'zombieBusinessManGroupGS1', class zombieBusinessMan, count 54
2024-12-04T03:18:09 117888.203 INF VehicleManager saving 1 (1 + 0)
2024-12-04T03:18:09 117888.203 INF 2355296 VehicleManager write #0, id 2405, vehicleBicycle, (-95.6, 61.0, -100.0), chunk -6, -7
2024-12-04T03:18:09 117888.204 INF VehicleManager saved 356 bytes
2024-12-04T03:18:09 117888.492 INF DroneManager saving 0 (0 + 0)
2024-12-04T03:18:09 117888.492 INF TurretTracker saving 0 (0 + 0)
2024-12-04T03:18:09 117888.493 INF DroneManager saved 9 bytes
2024-12-04T03:18:09 117888.494 INF TurretTracker saved 9 bytes
2024-12-04T03:18:10 117889.354 INF Entity zombieDarlene 2388 killed by conceptxo 675
2024-12-04T03:18:11 117890.317 INF Entity animalZombieVulture 2432 killed by directorfitz 172
2024-12-04T03:18:15 117893.916 INF Entity zombieMarlene 2445 killed by CostaDelMars 171
2024-12-04T03:18:16 117894.824 INF Entity zombieMarlene 2353 killed
2024-12-04T03:18:18 117896.789 INF Entity zombieBoe 2349 killed by conceptxo 675
2024-12-04T03:18:22 117901.644 INF Time: 1964.88m FPS: 19.94 Heap: 2732.5MB Max: 2732.5MB Chunks: 924 CGO: 170 Ply: 3 Zom: 44 Ent: 56 (144) Items: 4 CO: 3 RSS: 3349.3MB
2024-12-04T03:18:25 117904.527 INF Entity zombieJoe 2410 killed by conceptxo 675
2024-12-04T03:18:29 117908.083 WRN Occlusion: RemoveEntity [type=EntityBicycle, name=vehicleBicycle, id=2405] missing
2024-12-04T03:18:29 117908.083 INF 2355691 VehicleManager RemoveTrackedVehicle [type=EntityBicycle, name=vehicleBicycle, id=2405], Killed
2024-12-04T03:18:39 117918.043 INF VehicleManager saving 0 (0 + 0)
2024-12-04T03:18:39 117918.045 INF VehicleManager saved 9 bytes
2024-12-04T03:18:44 117923.231 INF Entity animalZombieVulture 2414 killed by directorfitz 172
2024-12-04T03:18:52 117931.678 INF Time: 1965.38m FPS: 20.03 Heap: 2693.4MB Max: 2732.5MB Chunks: 924 CGO: 145 Ply: 3 Zom: 34 Ent: 45 (134) Items: 4 CO: 3 RSS: 3358.5MB
2024-12-04T03:19:01 117940.086 INF GMSG: Player 'conceptxo' died
2024-12-04T03:19:01 117940.087 INF 2356329 EntityBackpack id 2451, plyrId 675, (0.0, 0.0, 0.0) (0, 0), chunk False (0, 0, 0), items 14 keystoneBlock, drugPainkillers at (0, 0, 0, xz 0 0) : Read
2024-12-04T03:19:01 117940.087 INF 2356329 EntityBackpack id 2451, plyrId 675, (-238.8, 63.4, 738.0) (-15, 46), chunk True (-15, 3, 46), items 14 keystoneBlock, drugPainkillers at (0, 0, 0, xz 0 0) : Write
2024-12-04T03:19:01 117940.092 INF 2356329 EntityBackpack id 2451, plyrId 675, (-238.8, 63.4, 738.0) (-15, 46), chunk True (-15, 3, 46), items 14 keystoneBlock, drugPainkillers at (0, 0, 0, xz 0 0) : Start
2024-12-04T03:19:03 117942.588 INF Entity zombieFemaleFat 2163 killed by directorfitz 172
2024-12-04T03:19:10 117949.624 INF Entity zombieBurnt 2435 killed by directorfitz 172
2024-12-04T03:19:12 117951.291 INF Entity zombieBiker 2446 killed by CostaDelMars 171
2024-12-04T03:19:15 117953.991 INF 2356607 EntityBackpack id 2451, plyrId 675, (-238.5, 61.7, 739.1) (-15, 46), chunk True (-15, 3, 46), items 14 keystoneBlock, drugPainkillers at (0, 0, 0, xz 0 0) : Write
2024-12-04T03:19:18 117957.446 INF 117948.4 SleeperVolume 600, 71, 69: Spawning 603, 72, 71 (37, 4), group 'ZombieGhostTownGroupGS1', class zombieArlene, count 23
2024-12-04T03:19:18 117957.459 INF 117948.4 SleeperVolume 600, 76, 72: Spawning 605, 76, 73 (37, 4), group 'zombieBurntGroupGS1', class zombieBurnt, count 23
2024-12-04T03:19:18 117957.730 INF 117948.7 SleeperVolume 587, 72, 71: Spawning 592, 72, 74 (37, 4), group 'zombieBurntGroupGS1', class zombieBurnt, count 23
2024-12-04T03:19:19 117957.843 INF 117948.8 SleeperVolume 587, 72, 71: Spawning 587, 72, 73 (36, 4), group 'zombieBurntGroupGS1', class zombieBurnt, count 23
2024-12-04T03:19:22 117961.698 INF Time: 1965.88m FPS: 20.01 Heap: 2699.8MB Max: 2732.5MB Chunks: 924 CGO: 126 Ply: 3 Zom: 27 Ent: 41 (140) Items: 5 CO: 3 RSS: 3358.0MB
2024-12-04T03:19:26 117965.139 INF PlayerSpawnedInWorld (reason: Died, position: -212, 61, 679): EntityID=675, PltfmId='Steam_76561197969472572', CrossId='EOS_00021eebf2db42e69d23b452b65f6d24', OwnerID='Steam_76561197969472572', PlayerName='conceptxo', ClientNumber='2'
2024-12-04T03:19:30 117968.904 INF 117959.8 SleeperVolume -23, 60, -160: Spawning -23, 61, -138 (-2, -9), group 'sleeperHordeStageGS46', class zombieSteve, count 25
2024-12-04T03:19:30 117968.991 INF 117959.9 SleeperVolume -23, 60, -160: Spawning -23, 61, -143 (-2, -9), group 'sleeperHordeStageGS46', class zombieBusinessMan, count 25
2024-12-04T03:19:35 117973.878 INF Entity zombieArlene 2453 killed by CostaDelMars 171
2024-12-04T03:19:37 117975.785 INF [DECO] written 75748, in 12ms
2024-12-04T03:19:37 117975.794 INF [DECO] write thread 9ms
2024-12-04T03:19:37 117976.269 INF Entity zombieBurnt 2454 killed by CostaDelMars 171
2024-12-04T03:19:45 117984.309 INF Entity zombieSteve 2457 killed by directorfitz 172
2024-12-04T03:19:49 117987.892 INF Entity zombieBusinessMan 2458 killed by directorfitz 172
2024-12-04T03:19:52 117991.709 INF Time: 1966.38m FPS: 19.88 Heap: 2705.0MB Max: 2732.5MB Chunks: 924 CGO: 104 Ply: 3 Zom: 22 Ent: 36 (143) Items: 6 CO: 3 RSS: 3358.8MB
2024-12-04T03:19:55 117994.205 INF 117985.1 SleeperVolume -7, 60, -169: Spawning 12, 62, -142 (0, -9), group 'sleeperHordeStageGS46', class zombieBusinessMan, count 22
2024-12-04T03:19:55 117994.604 INF 117985.5 SleeperVolume -7, 60, -169: Spawning 4, 62, -138 (0, -9), group 'sleeperHordeStageGS46', class zombieSteve, count 22
2024-12-04T03:19:55 117994.644 INF Entity zombieBurnt 2455 killed by CostaDelMars 171
2024-12-04T03:20:03 118002.365 INF Entity zombieTomClark 2422 killed by conceptxo 675
2024-12-04T03:20:09 118008.326 INF Entity zombieBurnt 2456 killed by CostaDelMars 171
2024-12-04T03:20:09 118008.528 INF DroneManager saving 0 (0 + 0)
2024-12-04T03:20:09 118008.529 INF TurretTracker saving 0 (0 + 0)
2024-12-04T03:20:09 118008.530 INF DroneManager saved 9 bytes
2024-12-04T03:20:09 118008.530 INF TurretTracker saved 9 bytes
2024-12-04T03:20:12 118011.180 INF Computed 415 chunk groups containing a total of 8472 chunks. Largest group contains 449 chunks.
2024-12-04T03:20:14 118013.628 INF Entity zombieTomClark 2440 killed
2024-12-04T03:20:19 118018.442 INF 118009.4 SleeperVolume 597, 79, 68: Spawning 600, 79, 69 (37, 4), group 'zombieSoldierFeral', class zombieSoldierFeral, count 20
2024-12-04T03:20:22 118021.731 INF Time: 1966.88m FPS: 19.97 Heap: 2715.5MB Max: 2732.5MB Chunks: 924 CGO: 111 Ply: 3 Zom: 21 Ent: 35 (146) Items: 6 CO: 3 RSS: 3358.8MB
2024-12-04T03:20:26 118025.384 INF Entity zombieNurse 2400 killed by conceptxo 675
2024-12-04T03:20:39 118038.051 INF VehicleManager saving 0 (0 + 0)
2024-12-04T03:20:39 118038.052 INF VehicleManager saved 9 bytes
2024-12-04T03:20:40 118039.752 INF Entity zombieSteve 2461 killed by directorfitz 172
2024-12-04T03:20:48 118047.503 INF Entity zombieBusinessMan 2460 killed by directorfitz 172
2024-12-04T03:20:52 118051.756 INF Time: 1967.38m FPS: 19.96 Heap: 2689.5MB Max: 2732.5MB Chunks: 924 CGO: 89 Ply: 3 Zom: 16 Ent: 29 (135) Items: 4 CO: 3 RSS: 3361.3MB
2024-12-04T03:20:59 118057.999 INF 118048.9 SleeperVolume -13, 47, -155: Spawning -8, 50, -148 (-1, -10), group 'sleeperHordeStageGS46', class zombieJoe, count 16
2024-12-04T03:20:59 118058.002 INF 118048.9 SleeperVolume -13, 47, -140: Spawning -5, 52, -135 (-1, -9), group 'sleeperHordeStageGS46', class zombieMarlene, count 16
2024-12-04T03:20:59 118058.046 INF 118049 SleeperVolume 4, 47, -162: Spawning 4, 50, -155 (0, -10), group 'ZombieBikerBarGroupGS1', class zombieJanitor, count 19
2024-12-04T03:20:59 118058.144 INF 118049.1 SleeperVolume 4, 47, -162: Spawning 6, 51, -162 (0, -11), group 'ZombieBikerBarGroupGS1', class zombieMoe, count 19
2024-12-04T03:20:59 118058.251 INF 118049.2 SleeperVolume 4, 47, -162: Spawning 9, 50, -157 (0, -10), group 'ZombieBikerBarGroupGS1', class zombieUtilityWorker, count 19
2024-12-04T03:20:59 118058.364 INF 118049.3 SleeperVolume -20, 47, -159: Spawning -18, 52, -156 (-2, -10), group 'sleeperHordeStageGS46', class zombieYo, count 19
2024-12-04T03:21:21 118080.642 INF Entity zombieMarlene 2465 killed by directorfitz 172
2024-12-04T03:21:23 118081.784 INF Time: 1967.88m FPS: 19.99 Heap: 2702.4MB Max: 2732.5MB Chunks: 933 CGO: 99 Ply: 3 Zom: 22 Ent: 33 (142) Items: 4 CO: 3 RSS: 3362.4MB
2024-12-04T03:21:25 118084.286 INF Entity zombieJoe 2464 killed by directorfitz 172
2024-12-04T03:21:29 118088.001 INF 2359280 EntityBackpack id 2451, plyrId 675, (-237.6, 61.2, 738.1) (-15, 46), chunk True (-15, 3, 46), items 14 keystoneBlock, drugPainkillers at (0, 0, 0, xz 0 0) : Write
2024-12-04T03:21:35 118093.834 INF 118084.8 SleeperVolume -20, 47, -155: Spawning -18, 52, -147 (-2, -10), group 'sleeperHordeStageGS46', class zombieYo, count 21
2024-12-04T03:21:52 118111.188 INF Entity zombiePartyGirl 2411 killed by conceptxo 675
2024-12-04T03:21:53 118111.796 INF Time: 1968.38m FPS: 19.99 Heap: 2709.3MB Max: 2732.5MB Chunks: 933 CGO: 98 Ply: 3 Zom: 18 Ent: 29 (143) Items: 4 CO: 3 RSS: 3362.6MB
2024-12-04T03:21:53 118112.354 INF Entity zombieYo 2470 killed by directorfitz 172
2024-12-04T03:22:02 118121.668 INF 118112.6 SleeperVolume -20, 47, -159: Restoring -18, 52, -156 (-2, -10) 'zombieYo', count 16
2024-12-04T03:22:04 118122.874 INF 2359977 EntityBackpack id 2451, plyrId 675, (-237.6, 61.2, 738.1) (-15, 46), chunk True (-15, 3, 46), items 0  at (0, 0, 0, xz 0 0) : RemoveBackpack empty True, reason empty
2024-12-04T03:22:04 118122.874 INF 2359977 EntityBackpack id 2451, plyrId 675, (-237.6, 61.2, 738.1) (-15, 46), chunk True (-15, 3, 46), items 0  at (0, 0, 0, xz 0 0) : RemoveBackpack empty True, reason old
2024-12-04T03:22:04 118122.874 INF 2359977 EntityBackpack id 2451, plyrId 675, (-237.6, 61.2, 738.1) (-15, 46), chunk True (-15, 3, 46), items 0  at (0, 0, 0, xz 0 0) : OnEntityUnload markedForUnload False, IsDead True, IsDespawned False
2024-12-04T03:22:09 118128.573 INF DroneManager saving 0 (0 + 0)
2024-12-04T03:22:09 118128.573 INF TurretTracker saving 0 (0 + 0)
2024-12-04T03:22:09 118128.574 INF DroneManager saved 9 bytes
2024-12-04T03:22:09 118128.574 INF TurretTracker saved 9 bytes
2024-12-04T03:22:13 118132.331 INF Entity zombieYo 2471 killed by directorfitz 172
2024-12-04T03:22:15 118134.121 INF Entity zombieScreamer 2376 killed by conceptxo 675
2024-12-04T03:22:23 118141.833 INF Time: 1968.88m FPS: 20.00 Heap: 2720.8MB Max: 2732.5MB Chunks: 933 CGO: 99 Ply: 3 Zom: 15 Ent: 28 (144) Items: 4 CO: 3 RSS: 3362.9MB
2024-12-04T03:22:23 118142.129 INF Entity zombiePartyGirl 2426 killed by conceptxo 675
2024-12-04T03:22:23 118142.273 INF 118133.2 SleeperVolume 4, 47, -162: Restoring 9, 50, -157 (0, -10) 'zombieUtilityWorker', count 15
2024-12-04T03:22:23 118142.430 INF 118133.4 SleeperVolume 4, 47, -162: Restoring 6, 51, -162 (0, -11) 'zombieMoe', count 15
2024-12-04T03:22:23 118142.578 INF 118133.5 SleeperVolume 4, 47, -162: Restoring 4, 50, -155 (0, -10) 'zombieJanitor', count 15
2024-12-04T03:22:39 118158.073 INF VehicleManager saving 0 (0 + 0)
2024-12-04T03:22:39 118158.074 INF VehicleManager saved 9 bytes
2024-12-04T03:22:41 118159.895 INF Entity zombieBoe 2370 killed by conceptxo 675
2024-12-04T03:22:43 118162.743 INF 118153.7 SleeperVolume -8, 47, -165: Spawning -6, 52, -163 (-1, -11), group 'sleeperHordeStageGS46', class zombieSteve, count 17
2024-12-04T03:22:49 118168.540 INF Entity zombieMarlene 2381 killed by conceptxo 675
2024-12-04T03:22:53 118171.854 INF Time: 1969.38m FPS: 19.96 Heap: 2696.3MB Max: 2732.5MB Chunks: 933 CGO: 109 Ply: 3 Zom: 17 Ent: 29 (132) Items: 3 CO: 3 RSS: 3364.9MB
2024-12-04T03:22:53 118171.885 INF Entity zombieSteve 2477 killed by directorfitz 172
2024-12-04T03:22:55 118174.496 INF Entity zombieYo 2343 killed
2024-12-04T03:23:06 118184.896 INF Entity zombieSteve 2427 killed by conceptxo 675
2024-12-04T03:23:06 118184.905 INF Entity zombieMarlene 2413 killed by conceptxo 675
2024-12-04T03:23:14 118193.072 INF Entity zombieNurse 2389 killed by conceptxo 675
2024-12-04T03:23:23 118201.846 INF Time: 1969.88m FPS: 19.99 Heap: 2701.3MB Max: 2732.5MB Chunks: 933 CGO: 118 Ply: 3 Zom: 15 Ent: 29 (135) Items: 3 CO: 3 RSS: 3366.5MB
2024-12-04T03:23:23 118201.993 INF GMSG: Player 'CostaDelMars' died
2024-12-04T03:23:23 118202.055 INF 2361557 EntityBackpack id 2481, plyrId 171, (0.0, 0.0, 0.0) (0, 0), chunk False (0, 0, 0), items 59 treePlantedMountainPine1m, resourceScrapBrass at (0, 0, 0, xz 0 0) : Read
2024-12-04T03:23:23 118202.055 INF 2361557 EntityBackpack id 2481, plyrId 171, (595.9, 64.1, 74.6) (37, 4), chunk True (37, 4, 4), items 59 treePlantedMountainPine1m, resourceScrapBrass at (0, 0, 0, xz 0 0) : Write
2024-12-04T03:23:23 118202.063 INF 2361557 EntityBackpack id 2481, plyrId 171, (595.9, 64.1, 74.6) (37, 4), chunk True (37, 4, 4), items 59 treePlantedMountainPine1m, resourceScrapBrass at (0, 0, 0, xz 0 0) : Start
2024-12-04T03:23:24 118203.742 INF Entity zombieBusinessMan 2412 killed by conceptxo 675
2024-12-04T03:23:40 118219.700 INF PlayerSpawnedInWorld (reason: Died, position: 659, 79, 82): EntityID=171, PltfmId='Steam_76561199036446150', CrossId='EOS_0002f1e01ad44091a9b0bde8c30901e7', OwnerID='Steam_76561199036446150', PlayerName='CostaDelMars', ClientNumber='3'
2024-12-04T03:23:44 118223.115 INF 2361978 EntityBackpack id 2481, plyrId 171, (596.6, 62.3, 74.7) (37, 4), chunk True (37, 3, 4), items 59 treePlantedMountainPine1m, resourceScrapBrass at (0, 0, 0, xz 0 0) : Write
2024-12-04T03:23:49 118228.344 INF Entity zombieJanitor 2474 killed by directorfitz 172
2024-12-04T03:23:53 118231.886 INF Time: 1970.38m FPS: 19.86 Heap: 2707.2MB Max: 2732.5MB Chunks: 933 CGO: 96 Ply: 3 Zom: 10 Ent: 20 (142) Items: 4 CO: 3 RSS: 3367.9MB
2024-12-04T03:23:53 118231.954 INF Entity zombieUtilityWorker 2472 killed by directorfitz 172
2024-12-04T03:23:54 118233.141 INF Entity zombieMoe 2473 killed by directorfitz 172
2024-12-04T03:23:59 118237.983 INF 2362275 EntityBackpack id 2481, plyrId 171, (596.6, 62.3, 74.7) (37, 4), chunk True (37, 3, 4), items 59 treePlantedMountainPine1m, resourceScrapBrass at (0, 0, 0, xz 0 0) : Write
2024-12-04T03:24:08 118247.605 INF 2362467 EntityBackpack id 2481, plyrId 171, (596.6, 62.3, 74.7) (37, 4), chunk True (37, 3, 4), items 0  at (0, 0, 0, xz 0 0) : RemoveBackpack empty True, reason empty
2024-12-04T03:24:08 118247.605 INF 2362467 EntityBackpack id 2481, plyrId 171, (596.6, 62.3, 74.7) (37, 4), chunk True (37, 3, 4), items 0  at (0, 0, 0, xz 0 0) : RemoveBackpack empty True, reason old
2024-12-04T03:24:08 118247.605 INF 2362467 EntityBackpack id 2481, plyrId 171, (596.6, 62.3, 74.7) (37, 4), chunk True (37, 3, 4), items 0  at (0, 0, 0, xz 0 0) : OnEntityUnload markedForUnload False, IsDead True, IsDespawned False
2024-12-04T03:24:09 118248.593 INF DroneManager saving 0 (0 + 0)
2024-12-04T03:24:09 118248.593 INF TurretTracker saving 0 (0 + 0)
2024-12-04T03:24:09 118248.594 INF DroneManager saved 9 bytes
2024-12-04T03:24:09 118248.595 INF TurretTracker saved 9 bytes
2024-12-04T03:24:17 118256.233 INF NET: LiteNetLib: Connect from: 173.171.43.223:62421 / 3
2024-12-04T03:24:17 118256.234 INF Started thread NCS_Reader_3_0
2024-12-04T03:24:17 118256.234 INF Started thread NCS_Writer_3_0
2024-12-04T03:24:17 118256.234 INF Started thread NCS_Reader_3_1
2024-12-04T03:24:17 118256.234 INF Started thread NCS_Writer_3_1
2024-12-04T03:24:17 118256.234 INF [NET] PlayerConnected EntityID=-1, PltfmId='Local_<none>', CrossId='<unknown/none>', OwnerID='<unknown/none>', PlayerName='', ClientNumber='4'
2024-12-04T03:24:17 118256.296 INF NPPL.Read
2024-12-04T03:24:17 118256.340 INF PlayerLogin: GamerZourceModz/V 1.1
2024-12-04T03:24:17 118256.340 INF Client IP: 173.171.43.223
2024-12-04T03:24:17 118256.340 INF [Auth] PlayerName authorization successful: EntityID=-1, PltfmId='Steam_76561198089828597', CrossId='EOS_00028d08c3464d33a9081d97b23485ef', OwnerID='<unknown/none>', PlayerName='GamerZourceModz', ClientNumber='4'
2024-12-04T03:24:17 118256.340 INF [Auth] ServerState authorization successful: EntityID=-1, PltfmId='Steam_76561198089828597', CrossId='EOS_00028d08c3464d33a9081d97b23485ef', OwnerID='<unknown/none>', PlayerName='GamerZourceModz', ClientNumber='4'
2024-12-04T03:24:17 118256.340 INF [Auth] MpHostAllowed authorization successful: EntityID=-1, PltfmId='Steam_76561198089828597', CrossId='EOS_00028d08c3464d33a9081d97b23485ef', OwnerID='<unknown/none>', PlayerName='GamerZourceModz', ClientNumber='4'
2024-12-04T03:24:17 118256.340 INF [Auth] PlayerId authorization successful: EntityID=-1, PltfmId='Steam_76561198089828597', CrossId='EOS_00028d08c3464d33a9081d97b23485ef', OwnerID='<unknown/none>', PlayerName='GamerZourceModz', ClientNumber='4'
2024-12-04T03:24:17 118256.340 INF [Auth] DuplicateUserId authorization successful: EntityID=-1, PltfmId='Steam_76561198089828597', CrossId='EOS_00028d08c3464d33a9081d97b23485ef', OwnerID='<unknown/none>', PlayerName='GamerZourceModz', ClientNumber='4'
2024-12-04T03:24:17 118256.340 INF [Auth] VersionCheck authorization successful: EntityID=-1, PltfmId='Steam_76561198089828597', CrossId='EOS_00028d08c3464d33a9081d97b23485ef', OwnerID='<unknown/none>', PlayerName='GamerZourceModz', ClientNumber='4'
2024-12-04T03:24:17 118256.340 INF [Auth] PlayerSlots authorization successful: EntityID=-1, PltfmId='Steam_76561198089828597', CrossId='EOS_00028d08c3464d33a9081d97b23485ef', OwnerID='<unknown/none>', PlayerName='GamerZourceModz', ClientNumber='4'
2024-12-04T03:24:17 118256.340 INF [Auth] LegacyModAuthorizations authorization successful: EntityID=-1, PltfmId='Steam_76561198089828597', CrossId='EOS_00028d08c3464d33a9081d97b23485ef', OwnerID='<unknown/none>', PlayerName='GamerZourceModz', ClientNumber='4'
2024-12-04T03:24:17 118256.340 INF [Steamworks.NET] Auth.AuthenticateUser()
2024-12-04T03:24:17 118256.341 INF [Steamworks.NET] Authenticating player: GamerZourceModz SteamId: 76561198089828597 TicketLen: 1024 Result: k_EBeginAuthSessionResultOK
2024-12-04T03:24:18 118257.631 INF [Steamworks.NET] Authentication callback. ID: 76561198089828597, owner: 76561198089828597, result: k_EAuthSessionResponseOK
2024-12-04T03:24:18 118257.631 INF [Auth] PlatformAuth authorization successful: EntityID=-1, PltfmId='Steam_76561198089828597', CrossId='EOS_00028d08c3464d33a9081d97b23485ef', OwnerID='Steam_76561198089828597', PlayerName='GamerZourceModz', ClientNumber='4'
2024-12-04T03:24:18 118257.631 INF [Auth] SteamFamily authorization successful: EntityID=-1, PltfmId='Steam_76561198089828597', CrossId='EOS_00028d08c3464d33a9081d97b23485ef', OwnerID='Steam_76561198089828597', PlayerName='GamerZourceModz', ClientNumber='4'
2024-12-04T03:24:18 118257.631 INF [Auth] SteamGroups authorization successful: EntityID=-1, PltfmId='Steam_76561198089828597', CrossId='EOS_00028d08c3464d33a9081d97b23485ef', OwnerID='Steam_76561198089828597', PlayerName='GamerZourceModz', ClientNumber='4'
2024-12-04T03:24:18 118257.631 INF [EOS] Verifying token for 00028d08c3464d33a9081d97b23485ef
2024-12-04T03:24:19 118257.881 INF [EOS] Device=, Platform=steam, AccType=Steam, AccId=76561198089828597, PUID=00028d08c3464d33a9081d97b23485ef
2024-12-04T03:24:19 118258.340 INF [EOS] Player may have active sanctions
2024-12-04T03:24:19 118258.340 INF [EOS] SanctionsQuery finished with: 0 sanctions
2024-12-04T03:24:19 118258.340 INF [Auth] CrossplatformAuth authorization successful: EntityID=-1, PltfmId='Steam_76561198089828597', CrossId='EOS_00028d08c3464d33a9081d97b23485ef', OwnerID='Steam_76561198089828597', PlayerName='GamerZourceModz', ClientNumber='4'
2024-12-04T03:24:19 118258.349 INF [Auth] BansAndWhitelist authorization failed: EntityID=-1, PltfmId='Steam_76561198089828597', CrossId='EOS_00028d08c3464d33a9081d97b23485ef', OwnerID='Steam_76561198089828597', PlayerName='GamerZourceModz', ClientNumber='4'
2024-12-04T03:24:19 118258.352 INF Kicking player (Not on whitelist): EntityID=-1, PltfmId='Steam_76561198089828597', CrossId='EOS_00028d08c3464d33a9081d97b23485ef', OwnerID='Steam_76561198089828597', PlayerName='GamerZourceModz', ClientNumber='4'
2024-12-04T03:24:19 118258.410 INF NET: LiteNetLib: Client disconnect from: 173.171.43.223:62421 / 3 (RemoteConnectionClose)
2024-12-04T03:24:19 118258.447 INF NET: LiteNetLib: MT: Client disconnect from: 173.171.43.223:62421 / 3 (RemoteConnectionClose)
2024-12-04T03:24:19 118258.448 INF [NET] PlayerDisconnected EntityID=-1, PltfmId='Steam_76561198089828597', CrossId='EOS_00028d08c3464d33a9081d97b23485ef', OwnerID='Steam_76561198089828597', PlayerName='GamerZourceModz', ClientNumber='4'
2024-12-04T03:24:19 118258.452 WRN DynamicMusic: -1 was not in Bloodmoon state cache on disconnect
2024-12-04T03:24:19 118258.452 INF Client disconnected from dy mesh: Id: -1 Total: 4
2024-12-04T03:24:19 118258.453 INF Player disconnected: EntityID=-1, PltfmId='Steam_76561198089828597', CrossId='EOS_00028d08c3464d33a9081d97b23485ef', OwnerID='Steam_76561198089828597', PlayerName='GamerZourceModz', ClientNumber='4'
2024-12-04T03:24:19 118258.454 INF Exited thread NCS_Writer_3_1
2024-12-04T03:24:19 118258.454 INF Exited thread NCS_Writer_3_0
2024-12-04T03:24:19 118258.454 INF Exited thread NCS_Reader_3_0
2024-12-04T03:24:19 118258.454 INF Exited thread NCS_Reader_3_1
2024-12-04T03:24:19 118258.455 INF [EOS-ACS] FreeUser: EntityID=-1, PltfmId='Steam_76561198089828597', CrossId='EOS_00028d08c3464d33a9081d97b23485ef', OwnerID='Steam_76561198089828597', PlayerName='GamerZourceModz', ClientNumber='4'
2024-12-04T03:24:19 118258.476 ERR [EOS] [LogEOSAntiCheat - Error] [AntiCheatServer] [UnregisterClient-001] ClientHandle 0x4 not found.
2024-12-04T03:24:19 118258.498 ERR [EOS-ACS] Failed unregistering user: InvalidParameters
2024-12-04T03:24:20 118258.892 WRN DisconnectClient: Player EOS_00028d08c3464d33a9081d97b23485ef not found
2024-12-04T03:24:20 118258.903 INF From: UnityEngine.StackTraceUtility:ExtractStackTrace ()
ConnectionManager:DisconnectClient (ClientInfo,bool,bool)
GameUtils/<disconnectLater>d__49:MoveNext ()
UnityEngine.SetupCoroutine:InvokeMoveNext (System.Collections.IEnumerator,intptr)

2024-12-04T03:24:23 118261.892 INF Time: 1970.88m FPS: 19.83 Heap: 2726.1MB Max: 2732.5MB Chunks: 933 CGO: 100 Ply: 3 Zom: 11 Ent: 19 (145) Items: 4 CO: 3 RSS: 3369.9MB
2024-12-04T03:24:39 118278.097 INF VehicleManager saving 0 (0 + 0)
2024-12-04T03:24:39 118278.098 INF VehicleManager saved 9 bytes
2024-12-04T03:24:46 118285.348 INF Entity zombieSoldierFeral 2462 killed by CostaDelMars 171
2024-12-04T03:24:53 118291.900 INF Time: 1971.38m FPS: 19.99 Heap: 2698.6MB Max: 2732.5MB Chunks: 933 CGO: 83 Ply: 3 Zom: 9 Ent: 16 (129) Items: 3 CO: 3 RSS: 3369.9MB
2024-12-04T03:24:57 118296.097 INF Entity zombieBusinessMan 2447 killed by CostaDelMars 171
2024-12-04T03:25:07 118306.503 INF Entity zombieMoe 2487 killed by CostaDelMars 171
2024-12-04T03:25:10 118309.452 INF 2363700 Vehicle PostInit [type=EntityBicycle, name=vehicleBicycle, id=2491], (578.80, 61.14, 59.72) (chunk 36, 3), rbPos (0.00, 0.00, 0.00)
2024-12-04T03:25:20 118319.400 INF VehicleManager saving 1 (1 + 0)
2024-12-04T03:25:20 118319.400 INF 2363900 VehicleManager write #0, id 2491, vehicleBicycle, (554.8, 58.0, 5.1), chunk 34, 0
2024-12-04T03:25:20 118319.401 INF VehicleManager saved 356 bytes
2024-12-04T03:25:23 118321.902 INF Time: 1971.88m FPS: 19.99 Heap: 2703.0MB Max: 2732.5MB Chunks: 933 CGO: 66 Ply: 3 Zom: 3 Ent: 11 (130) Items: 3 CO: 3 RSS: 3369.9MB
2024-12-04T03:25:46 118345.428 INF Entity animalRabbit 2495 killed by CostaDelMars 171
2024-12-04T03:25:50 118349.727 INF 2364505 Vehicle PostInit [type=EntityBicycle, name=vehicleBicycle, id=2497], (2.74, 61.14, -174.53) (chunk 0, -11), rbPos (0.00, 0.00, 0.00)
2024-12-04T03:25:53 118351.932 INF Time: 1972.38m FPS: 20.00 Heap: 2707.9MB Max: 2732.5MB Chunks: 933 CGO: 79 Ply: 3 Zom: 4 Ent: 13 (137) Items: 3 CO: 3 RSS: 3369.9MB
2024-12-04T03:26:00 118359.690 INF VehicleManager saving 2 (2 + 0)
2024-12-04T03:26:00 118359.690 INF 2364705 VehicleManager write #0, id 2491, vehicleBicycle, (312.4, 72.9, -166.6), chunk 19, -11
2024-12-04T03:26:00 118359.690 INF 2364705 VehicleManager write #1, id 2497, vehicleBicycle, (63.1, 63.3, -186.4), chunk 3, -12
2024-12-04T03:26:00 118359.691 INF VehicleManager saved 703 bytes
2024-12-04T03:26:09 118368.639 INF DroneManager saving 0 (0 + 0)
2024-12-04T03:26:09 118368.639 INF TurretTracker saving 0 (0 + 0)
2024-12-04T03:26:09 118368.641 INF DroneManager saved 9 bytes
2024-12-04T03:26:09 118368.642 INF TurretTracker saved 9 bytes
2024-12-04T03:26:23 118381.951 INF Time: 1972.88m FPS: 20.02 Heap: 2719.0MB Max: 2732.5MB Chunks: 933 CGO: 46 Ply: 3 Zom: 1 Ent: 9 (141) Items: 3 CO: 3 RSS: 3369.9MB
2024-12-04T03:26:35 118394.369 INF 118385.3 SleeperVolume 292, 61, 68: Restoring 294, 61, 71 (18, 4) 'animalSnake', count 6
2024-12-04T03:26:53 118411.979 INF Time: 1973.38m FPS: 20.00 Heap: 2697.3MB Max: 2732.5MB Chunks: 933 CGO: 78 Ply: 3 Zom: 5 Ent: 13 (131) Items: 3 CO: 3 RSS: 3371.3MB
2024-12-04T03:26:59 118418.593 INF RECEIVED item with meta 0 
2024-12-04T03:26:59 118418.594 INF SENDING item with meta 0 
2024-12-04T03:27:08 118427.089 WRN Occlusion: RemoveEntity [type=EntityBicycle, name=vehicleBicycle, id=2497] missing
2024-12-04T03:27:08 118427.089 INF 2366049 VehicleManager RemoveTrackedVehicle [type=EntityBicycle, name=vehicleBicycle, id=2497], Killed
2024-12-04T03:27:18 118437.043 INF VehicleManager saving 1 (1 + 0)
2024-12-04T03:27:18 118437.043 INF 2366249 VehicleManager write #0, id 2491, vehicleBicycle, (36.3, 61.0, 254.9), chunk 2, 15
2024-12-04T03:27:18 118437.045 INF VehicleManager saved 356 bytes
2024-12-04T03:27:23 118441.991 INF Time: 1973.88m FPS: 20.03 Heap: 2701.3MB Max: 2732.5MB Chunks: 933 CGO: 48 Ply: 3 Zom: 1 Ent: 9 (132) Items: 3 CO: 3 RSS: 3371.3MB
2024-12-04T03:27:53 118472.034 INF Time: 1974.38m FPS: 19.99 Heap: 2706.4MB Max: 2732.5MB Chunks: 933 CGO: 49 Ply: 3 Zom: 1 Ent: 7 (133) Items: 3 CO: 3 RSS: 3371.3MB
2024-12-04T03:28:05 118484.340 INF 2367194 Vehicle PostInit [type=EntityBicycle, name=vehicleBicycle, id=2511], (304.59, 73.10, -180.90) (chunk 19, -12), rbPos (0.00, 0.00, 0.00)
2024-12-04T03:28:09 118488.649 INF DroneManager saving 0 (0 + 0)
2024-12-04T03:28:09 118488.649 INF TurretTracker saving 0 (0 + 0)
2024-12-04T03:28:09 118488.651 INF DroneManager saved 9 bytes
2024-12-04T03:28:09 118488.651 INF TurretTracker saved 9 bytes
2024-12-04T03:28:15 118494.294 INF VehicleManager saving 2 (2 + 0)
2024-12-04T03:28:15 118494.294 INF 2367394 VehicleManager write #0, id 2491, vehicleBicycle, (-319.5, 61.0, 452.4), chunk -20, 28
2024-12-04T03:28:15 118494.294 INF 2367394 VehicleManager write #1, id 2511, vehicleBicycle, (282.7, 74.8, -140.9), chunk 17, -9
2024-12-04T03:28:15 118494.295 INF VehicleManager saved 703 bytes
2024-12-04T03:28:23 118502.057 INF Time: 1974.88m FPS: 19.99 Heap: 2721.0MB Max: 2732.5MB Chunks: 933 CGO: 33 Ply: 3 Zom: 1 Ent: 6 (134) Items: 3 CO: 3 RSS: 3371.3MB
2024-12-04T03:28:43 118522.571 WRN Received NetPackageEntityRelPosAndRot with invalid entityId 2491 from EntityID=171, PltfmId='Steam_76561199036446150', CrossId='EOS_0002f1e01ad44091a9b0bde8c30901e7', OwnerID='Steam_76561199036446150', PlayerName='CostaDelMars', ClientNumber='3'
2024-12-04T03:28:45 118524.064 WRN Occlusion: RemoveEntity [type=EntityBicycle, name=vehicleBicycle, id=2491] missing
2024-12-04T03:28:45 118524.064 INF 2367985 VehicleManager RemoveTrackedVehicle [type=EntityBicycle, name=vehicleBicycle, id=2491], Killed
2024-12-04T03:28:53 118532.063 INF Time: 1975.38m FPS: 20.02 Heap: 2702.2MB Max: 2732.5MB Chunks: 933 CGO: 44 Ply: 3 Zom: 2 Ent: 7 (127) Items: 0 CO: 3 RSS: 3371.3MB
2024-12-04T03:28:55 118534.009 INF VehicleManager saving 1 (1 + 0)
2024-12-04T03:28:55 118534.009 INF 2368185 VehicleManager write #0, id 2511, vehicleBicycle, (179.3, 71.8, 50.0), chunk 11, 3
2024-12-04T03:28:55 118534.010 INF VehicleManager saved 356 bytes
2024-12-04T03:29:23 118562.066 INF Time: 1975.88m FPS: 20.01 Heap: 2705.3MB Max: 2732.5MB Chunks: 933 CGO: 23 Ply: 3 Zom: 2 Ent: 5 (130) Items: 0 CO: 3 RSS: 3371.3MB
2024-12-04T03:29:53 118592.114 INF Time: 1976.38m FPS: 20.03 Heap: 2710.7MB Max: 2732.5MB Chunks: 933 CGO: 41 Ply: 3 Zom: 2 Ent: 8 (133) Items: 0 CO: 3 RSS: 3372.4MB
2024-12-04T03:30:09 118608.676 INF DroneManager saving 0 (0 + 0)
2024-12-04T03:30:09 118608.676 INF TurretTracker saving 0 (0 + 0)
2024-12-04T03:30:09 118608.678 INF DroneManager saved 9 bytes
2024-12-04T03:30:09 118608.678 INF TurretTracker saved 9 bytes
2024-12-04T03:30:23 118622.131 INF Time: 1976.88m FPS: 19.99 Heap: 2718.4MB Max: 2732.5MB Chunks: 933 CGO: 40 Ply: 3 Zom: 1 Ent: 6 (134) Items: 0 CO: 3 RSS: 3374.7MB
2024-12-04T03:30:53 118652.168 INF Time: 1977.39m FPS: 19.98 Heap: 2701.1MB Max: 2732.5MB Chunks: 933 CGO: 39 Ply: 3 Zom: 1 Ent: 6 (128) Items: 1 CO: 3 RSS: 3375.1MB
2024-12-04T03:30:55 118654.066 INF VehicleManager saving 1 (1 + 0)
2024-12-04T03:30:55 118654.066 INF 2370583 VehicleManager write #0, id 2511, vehicleBicycle, (-218.5, 61.0, 687.3), chunk -14, 42
2024-12-04T03:30:55 118654.068 INF VehicleManager saved 356 bytes
2024-12-04T03:31:00 118659.116 WRN Occlusion: RemoveEntity [type=EntityBicycle, name=vehicleBicycle, id=2511] missing
2024-12-04T03:31:00 118659.116 INF 2370683 VehicleManager RemoveTrackedVehicle [type=EntityBicycle, name=vehicleBicycle, id=2511], Killed
2024-12-04T03:31:04 118663.331 INF 2370767 Vehicle PostInit [type=EntityBicycle, name=vehicleBicycle, id=2519], (-503.20, 61.14, 512.50) (chunk -32, 32), rbPos (0.00, 0.00, 0.00)
2024-12-04T03:31:10 118668.980 INF 2370880 Vehicle PostInit [type=EntityBicycle, name=vehicleBicycle, id=2520], (-217.95, 61.14, 676.54) (chunk -14, 42), rbPos (0.00, 0.00, 0.00)
2024-12-04T03:31:10 118669.074 INF VehicleManager saving 2 (2 + 0)
2024-12-04T03:31:10 118669.074 INF 2370883 VehicleManager write #0, id 2519, vehicleBicycle, (-476.4, 61.0, 517.3), chunk -30, 32
2024-12-04T03:31:10 118669.074 INF 2370883 VehicleManager write #1, id 2520, vehicleBicycle, (-217.9, 61.1, 676.5), chunk -14, 42
2024-12-04T03:31:10 118669.075 INF VehicleManager saved 703 bytes
2024-12-04T03:31:23 118682.174 INF Time: 1977.89m FPS: 20.00 Heap: 2706.1MB Max: 2732.5MB Chunks: 933 CGO: 31 Ply: 3 Zom: 1 Ent: 7 (130) Items: 1 CO: 3 RSS: 3375.4MB
2024-12-04T03:31:53 118712.176 INF Time: 1978.39m FPS: 20.03 Heap: 2711.0MB Max: 2732.5MB Chunks: 933 CGO: 26 Ply: 3 Zom: 0 Ent: 6 (130) Items: 1 CO: 3 RSS: 3375.4MB
2024-12-04T03:32:09 118728.730 INF DroneManager saving 0 (0 + 0)
2024-12-04T03:32:09 118728.730 INF TurretTracker saving 0 (0 + 0)
2024-12-04T03:32:09 118728.739 INF TurretTracker saved 9 bytes
2024-12-04T03:32:09 118728.739 INF DroneManager saved 9 bytes
2024-12-04T03:32:15 118734.328 WRN Occlusion: RemoveEntity [type=EntityBicycle, name=vehicleBicycle, id=2519] missing
2024-12-04T03:32:15 118734.328 INF 2372186 VehicleManager RemoveTrackedVehicle [type=EntityBicycle, name=vehicleBicycle, id=2519], Killed
2024-12-04T03:32:23 118742.184 INF Time: 1978.89m FPS: 20.01 Heap: 2717.3MB Max: 2732.5MB Chunks: 933 CGO: 17 Ply: 3 Zom: 0 Ent: 5 (130) Items: 1 CO: 3 RSS: 3365.6MB
2024-12-04T03:32:25 118744.322 INF VehicleManager saving 1 (1 + 0)
2024-12-04T03:32:25 118744.323 INF 2372387 VehicleManager write #0, id 2520, vehicleBicycle, (-218.0, 61.0, 676.5), chunk -14, 42
2024-12-04T03:32:25 118744.323 INF VehicleManager saved 356 bytes
2024-12-04T03:32:53 118772.221 INF Time: 1979.39m FPS: 20.00 Heap: 2696.3MB Max: 2732.5MB Chunks: 933 CGO: 16 Ply: 3 Zom: 0 Ent: 5 (129) Items: 1 CO: 3 RSS: 3365.0MB
2024-12-04T03:33:23 118802.225 INF Time: 1979.89m FPS: 19.99 Heap: 2700.3MB Max: 2732.5MB Chunks: 933 CGO: 16 Ply: 3 Zom: 0 Ent: 5 (129) Items: 1 CO: 3 RSS: 3365.0MB
2024-12-04T03:33:53 118832.275 INF Time: 1980.39m FPS: 20.01 Heap: 2704.3MB Max: 2732.5MB Chunks: 933 CGO: 16 Ply: 3 Zom: 0 Ent: 5 (129) Items: 1 CO: 3 RSS: 3365.0MB
2024-12-04T03:34:10 118848.773 INF DroneManager saving 0 (0 + 0)
2024-12-04T03:34:10 118848.773 INF TurretTracker saving 0 (0 + 0)
2024-12-04T03:34:10 118848.774 INF DroneManager saved 9 bytes
2024-12-04T03:34:10 118848.775 INF TurretTracker saved 9 bytes
2024-12-04T03:34:23 118862.326 INF Time: 1980.89m FPS: 20.01 Heap: 2707.9MB Max: 2732.5MB Chunks: 933 CGO: 16 Ply: 3 Zom: 0 Ent: 5 (129) Items: 1 CO: 3 RSS: 3365.0MB
2024-12-04T03:34:25 118864.367 INF VehicleManager saving 1 (1 + 0)
2024-12-04T03:34:25 118864.367 INF 2374785 VehicleManager write #0, id 2520, vehicleBicycle, (-218.0, 61.0, 676.5), chunk -14, 42
2024-12-04T03:34:25 118864.369 INF VehicleManager saved 356 bytes
2024-12-04T03:34:53 118892.328 INF Time: 1981.39m FPS: 20.00 Heap: 2691.6MB Max: 2732.5MB Chunks: 933 CGO: 17 Ply: 3 Zom: 0 Ent: 5 (129) Items: 1 CO: 3 RSS: 3363.9MB
2024-12-04T03:35:23 118922.356 INF Time: 1981.89m FPS: 20.00 Heap: 2694.6MB Max: 2732.5MB Chunks: 933 CGO: 16 Ply: 3 Zom: 0 Ent: 5 (129) Items: 1 CO: 3 RSS: 3363.9MB
2024-12-04T03:35:53 118952.408 INF Time: 1982.39m FPS: 20.01 Heap: 2698.2MB Max: 2732.5MB Chunks: 933 CGO: 23 Ply: 3 Zom: 1 Ent: 6 (130) Items: 1 CO: 3 RSS: 3364.0MB
2024-12-04T03:36:10 118968.800 INF DroneManager saving 0 (0 + 0)
2024-12-04T03:36:10 118968.800 INF TurretTracker saving 0 (0 + 0)
2024-12-04T03:36:10 118968.800 INF DroneManager saved 9 bytes
2024-12-04T03:36:10 118968.800 INF TurretTracker saved 9 bytes
2024-12-04T03:36:23 118982.422 INF Time: 1982.89m FPS: 19.95 Heap: 2700.5MB Max: 2732.5MB Chunks: 933 CGO: 32 Ply: 3 Zom: 2 Ent: 7 (131) Items: 1 CO: 3 RSS: 3364.0MB
2024-12-04T03:36:25 118984.416 INF VehicleManager saving 1 (1 + 0)
2024-12-04T03:36:25 118984.417 INF 2377182 VehicleManager write #0, id 2520, vehicleBicycle, (-218.0, 61.0, 676.5), chunk -14, 42
2024-12-04T03:36:25 118984.418 INF VehicleManager saved 356 bytes
2024-12-04T03:36:53 119012.429 INF Time: 1983.39m FPS: 20.00 Heap: 2691.7MB Max: 2732.5MB Chunks: 933 CGO: 34 Ply: 3 Zom: 2 Ent: 7 (129) Items: 1 CO: 3 RSS: 3363.1MB
2024-12-04T03:37:23 119042.478 INF Time: 1983.89m FPS: 19.98 Heap: 2692.7MB Max: 2732.5MB Chunks: 933 CGO: 34 Ply: 3 Zom: 2 Ent: 7 (129) Items: 1 CO: 3 RSS: 3363.1MB
2024-12-04T03:37:53 119072.529 INF Time: 1984.39m FPS: 20.01 Heap: 2694.3MB Max: 2732.5MB Chunks: 933 CGO: 34 Ply: 3 Zom: 2 Ent: 7 (130) Items: 1 CO: 3 RSS: 3363.1MB
2024-12-04T03:38:02 119081.372 WRN Occlusion: RemoveEntity [type=EntityBicycle, name=vehicleBicycle, id=2520] missing
2024-12-04T03:38:02 119081.372 INF 2379117 VehicleManager RemoveTrackedVehicle [type=EntityBicycle, name=vehicleBicycle, id=2520], Killed
2024-12-04T03:38:10 119088.822 INF DroneManager saving 0 (0 + 0)
2024-12-04T03:38:10 119088.822 INF TurretTracker saving 0 (0 + 0)
2024-12-04T03:38:10 119088.824 INF DroneManager saved 9 bytes
2024-12-04T03:38:10 119088.824 INF TurretTracker saved 9 bytes
2024-12-04T03:38:12 119091.329 INF VehicleManager saving 0 (0 + 0)
2024-12-04T03:38:12 119091.330 INF VehicleManager saved 9 bytes
2024-12-04T03:38:23 119102.531 INF Time: 1984.89m FPS: 19.99 Heap: 2697.8MB Max: 2732.5MB Chunks: 933 CGO: 34 Ply: 3 Zom: 2 Ent: 6 (130) Items: 1 CO: 3 RSS: 3363.3MB
2024-12-04T03:38:30 119108.836 INF 2379666 Vehicle PostInit [type=EntityBicycle, name=vehicleBicycle, id=2524], (-215.36, 61.13, 677.95) (chunk -14, 42), rbPos (0.00, 0.00, 0.00)
2024-12-04T03:38:40 119118.812 INF VehicleManager saving 1 (1 + 0)
2024-12-04T03:38:40 119118.812 INF 2379864 VehicleManager write #0, id 2524, vehicleBicycle, (-215.4, 61.0, 677.9), chunk -14, 42
2024-12-04T03:38:40 119118.821 INF VehicleManager saved 356 bytes
2024-12-04T03:38:53 119132.576 INF Time: 1985.39m FPS: 19.98 Heap: 2691.8MB Max: 2732.5MB Chunks: 933 CGO: 35 Ply: 3 Zom: 2 Ent: 7 (128) Items: 1 CO: 3 RSS: 3362.7MB
2024-12-04T03:38:54 119132.922 WRN Occlusion: RemoveEntity [type=EntityBicycle, name=vehicleBicycle, id=2524] missing
2024-12-04T03:38:54 119132.923 INF 2380145 VehicleManager RemoveTrackedVehicle [type=EntityBicycle, name=vehicleBicycle, id=2524], Killed
2024-12-04T03:39:01 119139.975 INF Computed 415 chunk groups containing a total of 8472 chunks. Largest group contains 449 chunks.
2024-12-04T03:39:04 119142.926 INF VehicleManager saving 0 (0 + 0)
2024-12-04T03:39:04 119142.927 INF VehicleManager saved 9 bytes
2024-12-04T03:39:05 119144.379 INF 2380374 Vehicle PostInit [type=EntityBicycle, name=vehicleBicycle, id=2525], (-213.68, 61.13, 688.09) (chunk -14, 43), rbPos (0.00, 0.00, 0.00)
2024-12-04T03:39:15 119154.325 INF VehicleManager saving 1 (1 + 0)
2024-12-04T03:39:15 119154.325 INF 2380574 VehicleManager write #0, id 2525, vehicleBicycle, (-213.8, 61.0, 688.1), chunk -14, 43
2024-12-04T03:39:15 119154.327 INF VehicleManager saved 356 bytes
2024-12-04T03:39:23 119162.625 INF Time: 1985.89m FPS: 20.00 Heap: 2694.9MB Max: 2732.5MB Chunks: 933 CGO: 34 Ply: 3 Zom: 1 Ent: 6 (129) Items: 1 CO: 3 RSS: 3362.7MB
2024-12-04T03:39:53 119192.624 INF Time: 1986.39m FPS: 20.00 Heap: 2696.7MB Max: 2732.5MB Chunks: 933 CGO: 68 Ply: 3 Zom: 6 Ent: 11 (135) Items: 1 CO: 3 RSS: 3362.7MB
2024-12-04T03:40:10 119208.869 INF DroneManager saving 0 (0 + 0)
2024-12-04T03:40:10 119208.869 INF TurretTracker saving 0 (0 + 0)
2024-12-04T03:40:10 119208.869 INF DroneManager saved 9 bytes
2024-12-04T03:40:10 119208.869 INF TurretTracker saved 9 bytes
2024-12-04T03:40:23 119222.674 INF Time: 1986.89m FPS: 20.00 Heap: 2700.5MB Max: 2732.5MB Chunks: 933 CGO: 62 Ply: 3 Zom: 4 Ent: 9 (137) Items: 1 CO: 3 RSS: 3362.7MB
2024-12-04T03:40:53 119252.718 INF Time: 1987.39m FPS: 19.98 Heap: 2691.1MB Max: 2732.5MB Chunks: 933 CGO: 78 Ply: 3 Zom: 6 Ent: 12 (133) Items: 1 CO: 3 RSS: 3361.3MB
2024-12-04T03:41:15 119274.365 INF VehicleManager saving 1 (1 + 0)
2024-12-04T03:41:15 119274.366 INF 2382972 VehicleManager write #0, id 2525, vehicleBicycle, (-825.8, 56.1, 589.8), chunk -52, 36
2024-12-04T03:41:15 119274.367 INF VehicleManager saved 356 bytes
2024-12-04T03:41:23 119282.761 INF Time: 1987.89m FPS: 20.00 Heap: 2692.4MB Max: 2732.5MB Chunks: 933 CGO: 73 Ply: 3 Zom: 6 Ent: 13 (142) Items: 1 CO: 3 RSS: 3361.4MB
2024-12-04T03:41:39 119298.313 WRN Occlusion: RemoveEntity [type=EntityBicycle, name=vehicleBicycle, id=2525] missing
2024-12-04T03:41:39 119298.313 INF 2383450 VehicleManager RemoveTrackedVehicle [type=EntityBicycle, name=vehicleBicycle, id=2525], Killed
2024-12-04T03:41:49 119308.281 INF VehicleManager saving 0 (0 + 0)
2024-12-04T03:41:49 119308.283 INF VehicleManager saved 9 bytes
2024-12-04T03:41:54 119312.783 INF Time: 1988.40m FPS: 19.99 Heap: 2696.7MB Max: 2732.5MB Chunks: 933 CGO: 94 Ply: 3 Zom: 8 Ent: 14 (147) Items: 1 CO: 3 RSS: 3361.4MB
2024-12-04T03:42:10 119328.882 INF DroneManager saving 0 (0 + 0)
2024-12-04T03:42:10 119328.882 INF TurretTracker saving 0 (0 + 0)
2024-12-04T03:42:10 119328.883 INF DroneManager saved 9 bytes
2024-12-04T03:42:10 119328.884 INF TurretTracker saved 9 bytes
2024-12-04T03:42:24 119342.830 INF Time: 1988.90m FPS: 20.01 Heap: 2701.2MB Max: 2732.5MB Chunks: 933 CGO: 90 Ply: 3 Zom: 8 Ent: 14 (147) Items: 1 CO: 3 RSS: 3361.6MB
2024-12-04T03:42:27 119346.231 INF 2384408 Vehicle PostInit [type=EntityBicycle, name=vehicleBicycle, id=2554], (-937.43, 91.14, 511.75) (chunk -59, 31), rbPos (0.00, 0.00, 0.00)
2024-12-04T03:42:31 119350.231 INF AIDirector: Wandering StartSpawning Horde
2024-12-04T03:42:31 119350.240 INF AIDirector: Spawn Horde, find targets, wait 12 hours
2024-12-04T03:42:37 119356.224 INF VehicleManager saving 1 (1 + 0)
2024-12-04T03:42:37 119356.224 INF 2384606 VehicleManager write #0, id 2554, vehicleBicycle, (-907.1, 75.2, 561.8), chunk -57, 35
2024-12-04T03:42:37 119356.226 INF VehicleManager saved 356 bytes
2024-12-04T03:42:54 119372.878 INF Time: 1989.40m FPS: 20.00 Heap: 2690.5MB Max: 2732.5MB Chunks: 933 CGO: 90 Ply: 3 Zom: 10 Ent: 14 (138) Items: 1 CO: 3 RSS: 3356.2MB
2024-12-04T03:43:24 119402.881 INF Time: 1989.90m FPS: 20.02 Heap: 2691.7MB Max: 2732.5MB Chunks: 933 CGO: 79 Ply: 3 Zom: 6 Ent: 11 (144) Items: 1 CO: 3 RSS: 3356.2MB
2024-12-04T03:43:54 119432.880 INF Time: 1990.40m FPS: 19.99 Heap: 2693.3MB Max: 2732.5MB Chunks: 933 CGO: 62 Ply: 3 Zom: 4 Ent: 9 (145) Items: 1 CO: 3 RSS: 3356.2MB
2024-12-04T03:44:10 119448.925 INF DroneManager saving 0 (0 + 0)
2024-12-04T03:44:10 119448.925 INF TurretTracker saving 0 (0 + 0)
2024-12-04T03:44:10 119448.927 INF DroneManager saved 9 bytes
2024-12-04T03:44:10 119448.927 INF TurretTracker saved 9 bytes
2024-12-04T03:44:24 119462.927 INF Time: 1990.90m FPS: 20.02 Heap: 2695.4MB Max: 2732.5MB Chunks: 933 CGO: 53 Ply: 3 Zom: 3 Ent: 8 (147) Items: 1 CO: 3 RSS: 3356.2MB
2024-12-04T03:44:37 119476.267 INF VehicleManager saving 1 (1 + 0)
2024-12-04T03:44:37 119476.268 INF 2387004 VehicleManager write #0, id 2554, vehicleBicycle, (-268.1, 61.0, 508.9), chunk -17, 31
2024-12-04T03:44:37 119476.269 INF VehicleManager saved 356 bytes
2024-12-04T03:44:54 119492.969 INF Time: 1991.40m FPS: 19.98 Heap: 2689.9MB Max: 2732.5MB Chunks: 933 CGO: 76 Ply: 3 Zom: 5 Ent: 11 (137) Items: 1 CO: 3 RSS: 3351.2MB
2024-12-04T03:45:24 119522.970 INF Time: 1991.90m FPS: 20.00 Heap: 2691.0MB Max: 2732.5MB Chunks: 933 CGO: 61 Ply: 3 Zom: 3 Ent: 9 (138) Items: 1 CO: 3 RSS: 3351.2MB
2024-12-04T03:45:54 119552.972 INF Time: 1992.40m FPS: 19.98 Heap: 2692.9MB Max: 2732.5MB Chunks: 933 CGO: 70 Ply: 3 Zom: 4 Ent: 10 (139) Items: 1 CO: 3 RSS: 3351.2MB
2024-12-04T03:46:04 119563.267 WRN Occlusion: RemoveEntity [type=EntityBicycle, name=vehicleBicycle, id=2554] missing
2024-12-04T03:46:04 119563.267 INF 2388743 VehicleManager RemoveTrackedVehicle [type=EntityBicycle, name=vehicleBicycle, id=2554], Killed
2024-12-04T03:46:10 119568.828 INF 119559.7 SleeperVolume -275, 57, 905: Spawning -273, 58, 913 (-18, 57), group 'sleeperHordeStageGS22', class zombieSteve, count 4
2024-12-04T03:46:10 119568.838 INF 119559.7 SleeperVolume -275, 57, 891: Spawning -268, 60, 898 (-17, 56), group 'sleeperHordeStageGS22', class zombieMarlene, count 4
2024-12-04T03:46:10 119568.972 INF DroneManager saving 0 (0 + 0)
2024-12-04T03:46:10 119568.972 INF TurretTracker saving 0 (0 + 0)
2024-12-04T03:46:10 119568.973 INF DroneManager saved 9 bytes
2024-12-04T03:46:10 119568.974 INF TurretTracker saved 9 bytes
2024-12-04T03:46:10 119568.977 INF 119559.9 SleeperVolume -275, 57, 905: Spawning -269, 58, 905 (-17, 56), group 'sleeperHordeStageGS22', class zombieUtilityWorker, count 4
2024-12-04T03:46:10 119568.988 INF 119559.9 SleeperVolume -275, 57, 891: Spawning -262, 59, 898 (-17, 56), group 'sleeperHordeStageGS22', class zombieSteve, count 4
2024-12-04T03:46:12 119570.822 INF 119561.7 SleeperVolume -266, 57, 901: Spawning -262, 58, 902 (-17, 56), group 'sleeperHordeStageGS22', class zombieTomClark, count 8
2024-12-04T03:46:14 119573.220 INF VehicleManager saving 0 (0 + 0)
2024-12-04T03:46:14 119573.221 INF VehicleManager saved 9 bytes
2024-12-04T03:46:24 119583.023 INF Time: 1992.90m FPS: 20.00 Heap: 2699.6MB Max: 2732.5MB Chunks: 933 CGO: 77 Ply: 3 Zom: 9 Ent: 15 (146) Items: 1 CO: 3 RSS: 3351.8MB
2024-12-04T03:46:26 119585.280 INF Entity zombieUtilityWorker 2579 killed by CostaDelMars 171
2024-12-04T03:46:38 119596.954 INF [DECO] written 75748, in 30ms
2024-12-04T03:46:38 119596.963 INF [DECO] write thread 9ms
2024-12-04T03:46:45 119604.171 INF 2389556 Vehicle PostInit [type=EntityBicycle, name=vehicleBicycle, id=2585], (-207.99, 61.14, 677.97) (chunk -13, 42), rbPos (0.00, 0.00, 0.00)
2024-12-04T03:46:54 119613.075 INF Time: 1993.40m FPS: 20.01 Heap: 2694.0MB Max: 2732.5MB Chunks: 933 CGO: 95 Ply: 3 Zom: 8 Ent: 16 (137) Items: 1 CO: 3 RSS: 3345.6MB
2024-12-04T03:46:55 119614.169 INF VehicleManager saving 1 (1 + 0)
2024-12-04T03:46:55 119614.169 INF 2389757 VehicleManager write #0, id 2585, vehicleBicycle, (-208.0, 61.0, 678.0), chunk -13, 42
2024-12-04T03:46:55 119614.171 INF VehicleManager saved 356 bytes
2024-12-04T03:47:10 119628.922 INF 119619.8 SleeperVolume -275, 57, 891: Restoring -262, 59, 898 (-17, 56) 'zombieSteve', count 8
2024-12-04T03:47:10 119629.071 INF 119619.9 SleeperVolume -275, 57, 891: Restoring -268, 60, 898 (-17, 56) 'zombieMarlene', count 9
2024-12-04T03:47:24 119643.073 INF Time: 1993.90m FPS: 20.01 Heap: 2698.6MB Max: 2732.5MB Chunks: 933 CGO: 98 Ply: 3 Zom: 10 Ent: 17 (139) Items: 1 CO: 3 RSS: 3345.6MB
2024-12-04T03:47:40 119659.471 WRN Occlusion: RemoveEntity [type=EntityBicycle, name=vehicleBicycle, id=2585] missing
2024-12-04T03:47:40 119659.472 INF 2390662 VehicleManager RemoveTrackedVehicle [type=EntityBicycle, name=vehicleBicycle, id=2585], Killed
2024-12-04T03:47:45 119664.566 INF 2390764 Vehicle PostInit [type=EntityBicycle, name=vehicleBicycle, id=2588], (-256.04, 61.14, 880.11) (chunk -17, 55), rbPos (0.00, 0.00, 0.00)
2024-12-04T03:47:50 119669.429 INF VehicleManager saving 1 (1 + 0)
2024-12-04T03:47:50 119669.429 INF 2390862 VehicleManager write #0, id 2588, vehicleBicycle, (-278.6, 61.0, 882.0), chunk -18, 55
2024-12-04T03:47:50 119669.430 INF VehicleManager saved 356 bytes
2024-12-04T03:47:54 119673.079 INF Time: 1994.40m FPS: 19.99 Heap: 2704.2MB Max: 2732.5MB Chunks: 933 CGO: 86 Ply: 3 Zom: 9 Ent: 16 (140) Items: 1 CO: 3 RSS: 3346.3MB
2024-12-04T03:48:01 119680.623 INF 119671.5 SleeperVolume -266, 57, 901: Restoring -262, 58, 902 (-17, 56) 'zombieTomClark', count 9
2024-12-04T03:48:06 119684.990 WRN Occlusion: RemoveEntity [type=EntityBicycle, name=vehicleBicycle, id=2588] missing
2024-12-04T03:48:06 119684.990 INF 2391172 VehicleManager RemoveTrackedVehicle [type=EntityBicycle, name=vehicleBicycle, id=2588], Killed
2024-12-04T03:48:10 119688.988 INF DroneManager saving 0 (0 + 0)
2024-12-04T03:48:10 119688.988 INF TurretTracker saving 0 (0 + 0)
2024-12-04T03:48:10 119688.990 INF DroneManager saved 9 bytes
2024-12-04T03:48:10 119688.990 INF TurretTracker saved 9 bytes
2024-12-04T03:48:10 119688.992 INF 119679.9 SleeperVolume -267, 62, 907: Spawning -262, 63, 910 (-17, 56), group 'ZombieDogGroup', class animalZombieDog, count 8
2024-12-04T03:48:10 119689.080 INF 119680 SleeperVolume -267, 62, 907: Spawning -267, 63, 911 (-17, 56), group 'sleeperHordeStageGS22', class zombieYo, count 9
2024-12-04T03:48:10 119689.194 INF 119680.1 SleeperVolume -267, 62, 907: Spawning -266, 63, 913 (-17, 57), group 'sleeperHordeStageGS22', class zombiePartyGirl, count 9
2024-12-04T03:48:16 119694.987 INF VehicleManager saving 0 (0 + 0)
2024-12-04T03:48:16 119694.987 INF VehicleManager saved 9 bytes
2024-12-04T03:48:24 119703.125 INF Time: 1994.90m FPS: 19.96 Heap: 2715.4MB Max: 2732.5MB Chunks: 933 CGO: 85 Ply: 3 Zom: 11 Ent: 18 (145) Items: 1 CO: 3 RSS: 3351.1MB
2024-12-04T03:48:30 119709.403 INF Entity zombieSteve 2577 killed by CostaDelMars 171
2024-12-04T03:48:49 119728.315 INF Entity zombieFatHawaiianFeral 2574 killed by CostaDelMars 171
2024-12-04T03:48:54 119733.114 INF Time: 1995.40m FPS: 19.98 Heap: 2696.5MB Max: 2732.5MB Chunks: 933 CGO: 69 Ply: 3 Zom: 5 Ent: 13 (138) Items: 1 CO: 3 RSS: 3348.6MB
2024-12-04T03:49:01 119739.907 INF 119730.8 SleeperVolume -275, 57, 891: Restoring -262, 59, 898 (-17, 56) 'zombieSteve', count 5
2024-12-04T03:49:01 119740.008 INF 119730.9 SleeperVolume -275, 57, 891: Restoring -268, 60, 898 (-17, 56) 'zombieMarlene', count 5
2024-12-04T03:49:04 119743.412 INF 119734.3 SleeperVolume -266, 57, 901: Restoring -262, 58, 902 (-17, 56) 'zombieTomClark', count 7
2024-12-04T03:49:24 119763.119 INF Time: 1995.90m FPS: 19.99 Heap: 2702.9MB Max: 2732.5MB Chunks: 933 CGO: 74 Ply: 3 Zom: 8 Ent: 14 (141) Items: 1 CO: 3 RSS: 3348.6MB
2024-12-04T03:49:39 119778.367 INF Entity zombieTomClark 2596 killed by CostaDelMars 171
2024-12-04T03:49:41 119780.516 INF Entity zombieArleneFeral 2522 killed by conceptxo 675
2024-12-04T03:49:54 119793.171 INF Time: 1996.40m FPS: 20.00 Heap: 2706.8MB Max: 2732.5MB Chunks: 933 CGO: 73 Ply: 3 Zom: 6 Ent: 14 (142) Items: 2 CO: 3 RSS: 3348.7MB
2024-12-04T03:50:09 119808.507 INF Computed 415 chunk groups containing a total of 8472 chunks. Largest group contains 449 chunks.
2024-12-04T03:50:10 119809.010 INF DroneManager saving 0 (0 + 0)
2024-12-04T03:50:10 119809.010 INF TurretTracker saving 0 (0 + 0)
2024-12-04T03:50:10 119809.011 INF DroneManager saved 9 bytes
2024-12-04T03:50:10 119809.012 INF TurretTracker saved 9 bytes
2024-12-04T03:50:16 119815.017 INF VehicleManager saving 0 (0 + 0)
2024-12-04T03:50:16 119815.018 INF VehicleManager saved 9 bytes
2024-12-04T03:50:24 119823.177 INF Time: 1996.90m FPS: 20.00 Heap: 2712.6MB Max: 2732.5MB Chunks: 933 CGO: 66 Ply: 3 Zom: 6 Ent: 12 (142) Items: 2 CO: 3 RSS: 3350.1MB
2024-12-04T03:50:25 119824.473 INF Entity zombieMarlene 2595 killed by CostaDelMars 171
2024-12-04T03:50:50 119849.283 INF Entity zombieSteve 2594 killed by CostaDelMars 171
2024-12-04T03:50:54 119853.183 INF Time: 1997.40m FPS: 19.99 Heap: 2693.4MB Max: 2732.5MB Chunks: 933 CGO: 57 Ply: 3 Zom: 4 Ent: 11 (135) Items: 1 CO: 3 RSS: 3349.7MB
2024-12-04T03:51:19 119878.124 INF 119869 SleeperVolume -268, 62, 891: Spawning -267, 67, 899 (-17, 56), group 'sleeperHordeStageGS22', class zombieTomClark, count 4
2024-12-04T03:51:19 119878.128 INF 119869 SleeperVolume -267, 62, 907: Restoring -266, 63, 913 (-17, 57) 'zombiePartyGirl', count 4
2024-12-04T03:51:19 119878.237 INF 119869.1 SleeperVolume -268, 62, 903: Spawning -265, 67, 904 (-17, 56), group 'sleeperHordeStageGS22', class zombieSteve, count 4
2024-12-04T03:51:19 119878.281 INF 119869.1 SleeperVolume -268, 62, 891: Spawning -267, 67, 897 (-17, 56), group 'sleeperHordeStageGS22', class zombieUtilityWorker, count 4
2024-12-04T03:51:19 119878.289 INF 119869.1 SleeperVolume -267, 62, 907: Restoring -267, 63, 911 (-17, 56) 'zombieYo', count 4
2024-12-04T03:51:19 119878.379 INF 119869.3 SleeperVolume -267, 62, 907: Restoring -262, 63, 910 (-17, 56) 'animalZombieDog', count 4
2024-12-04T03:51:19 119878.733 INF 119869.6 SleeperVolume -274, 63, 907: Spawning -269, 63, 912 (-17, 57), group 'sleeperHordeStageGS22', class zombieBusinessMan, count 4
2024-12-04T03:51:24 119883.206 INF Time: 1997.90m FPS: 20.00 Heap: 2696.5MB Max: 2732.5MB Chunks: 933 CGO: 64 Ply: 3 Zom: 11 Ent: 16 (142) Items: 1 CO: 3 RSS: 3349.7MB
2024-12-04T03:51:54 119913.236 INF Time: 1998.40m FPS: 20.00 Heap: 2701.4MB Max: 2732.5MB Chunks: 933 CGO: 59 Ply: 3 Zom: 11 Ent: 16 (142) Items: 1 CO: 3 RSS: 3349.7MB
2024-12-04T03:52:10 119929.037 INF DroneManager saving 0 (0 + 0)
2024-12-04T03:52:10 119929.037 INF TurretTracker saving 0 (0 + 0)
2024-12-04T03:52:10 119929.038 INF DroneManager saved 9 bytes
2024-12-04T03:52:10 119929.038 INF TurretTracker saved 9 bytes
2024-12-04T03:52:16 119935.040 INF VehicleManager saving 0 (0 + 0)
2024-12-04T03:52:16 119935.040 INF VehicleManager saved 9 bytes
2024-12-04T03:52:21 119940.655 INF Entity zombieTomClark 2598 killed by CostaDelMars 171
2024-12-04T03:52:24 119943.249 INF Time: 1998.90m FPS: 20.01 Heap: 2707.7MB Max: 2732.5MB Chunks: 933 CGO: 49 Ply: 3 Zom: 10 Ent: 16 (142) Items: 1 CO: 3 RSS: 3349.7MB
2024-12-04T03:52:27 119946.696 INF Entity zombieUtilityWorker 2601 killed by CostaDelMars 171
2024-12-04T03:52:54 119973.280 INF Time: 1999.40m FPS: 19.99 Heap: 2693.6MB Max: 2732.5MB Chunks: 933 CGO: 50 Ply: 3 Zom: 10 Ent: 16 (133) Items: 0 CO: 3 RSS: 3350.3MB
2024-12-04T03:52:55 119974.726 INF Entity zombieJoe 2575 killed by CostaDelMars 171
2024-12-04T03:53:06 119985.498 INF Entity zombieSteve 2600 killed by CostaDelMars 171
2024-12-04T03:53:24 120003.304 INF Time: 1999.90m FPS: 19.99 Heap: 2698.0MB Max: 2732.5MB Chunks: 933 CGO: 48 Ply: 3 Zom: 8 Ent: 14 (133) Items: 0 CO: 3 RSS: 3350.3MB
2024-12-04T03:53:27 120005.950 INF Entity zombieBusinessMan 2604 killed by CostaDelMars 171
2024-12-04T03:53:43 120022.243 INF Entity zombieYo 2572 killed by conceptxo 675
2024-12-04T03:53:45 120024.759 INF Entity animalZombieDog 2603 killed by CostaDelMars 171
2024-12-04T03:53:54 120033.313 INF Time: 2000.40m FPS: 19.99 Heap: 2705.5MB Max: 2732.5MB Chunks: 933 CGO: 54 Ply: 3 Zom: 5 Ent: 12 (133) Items: 0 CO: 3 RSS: 3350.3MB
2024-12-04T03:54:10 120049.056 INF DroneManager saving 0 (0 + 0)
2024-12-04T03:54:10 120049.056 INF TurretTracker saving 0 (0 + 0)
2024-12-04T03:54:10 120049.057 INF DroneManager saved 9 bytes
2024-12-04T03:54:10 120049.057 INF TurretTracker saved 9 bytes
2024-12-04T03:54:16 120055.054 INF VehicleManager saving 0 (0 + 0)
2024-12-04T03:54:16 120055.055 INF VehicleManager saved 9 bytes
2024-12-04T03:54:20 120058.956 INF Entity zombieYo 2602 killed by CostaDelMars 171
2024-12-04T03:54:24 120063.366 INF Time: 2000.90m FPS: 20.03 Heap: 2710.9MB Max: 2732.5MB Chunks: 933 CGO: 57 Ply: 3 Zom: 4 Ent: 10 (133) Items: 0 CO: 3 RSS: 3350.3MB
2024-12-04T03:54:37 120075.960 INF Entity zombiePartyGirl 2599 killed by CostaDelMars 171
2024-12-04T03:54:54 120093.416 INF Time: 2001.41m FPS: 20.01 Heap: 2695.0MB Max: 2732.5MB Chunks: 933 CGO: 58 Ply: 3 Zom: 4 Ent: 10 (133) Items: 0 CO: 3 RSS: 3349.5MB
2024-12-04T03:55:18 120117.363 INF 2399805 Vehicle PostInit [type=EntityBicycle, name=vehicleBicycle, id=2606], (-214.77, 61.14, 686.95) (chunk -14, 42), rbPos (0.00, 0.00, 0.00)
2024-12-04T03:55:24 120123.425 INF Time: 2001.91m FPS: 19.99 Heap: 2697.8MB Max: 2732.5MB Chunks: 933 CGO: 60 Ply: 3 Zom: 5 Ent: 11 (135) Items: 0 CO: 3 RSS: 3349.5MB
2024-12-04T03:55:28 120127.314 INF VehicleManager saving 1 (1 + 0)
2024-12-04T03:55:28 120127.315 INF 2400005 VehicleManager write #0, id 2606, vehicleBicycle, (-247.0, 61.0, 672.4), chunk -16, 42
2024-12-04T03:55:28 120127.316 INF VehicleManager saved 356 bytes
2024-12-04T03:55:54 120153.467 INF Time: 2002.41m FPS: 19.98 Heap: 2699.9MB Max: 2732.5MB Chunks: 933 CGO: 43 Ply: 3 Zom: 4 Ent: 9 (135) Items: 0 CO: 3 RSS: 3349.5MB
2024-12-04T03:56:10 120169.070 INF DroneManager saving 0 (0 + 0)
2024-12-04T03:56:10 120169.070 INF TurretTracker saving 0 (0 + 0)
2024-12-04T03:56:10 120169.071 INF TurretTracker saved 9 bytes
2024-12-04T03:56:10 120169.072 INF DroneManager saved 9 bytes
2024-12-04T03:56:24 120183.521 INF Time: 2002.91m FPS: 19.99 Heap: 2704.8MB Max: 2732.5MB Chunks: 933 CGO: 43 Ply: 3 Zom: 4 Ent: 9 (135) Items: 0 CO: 3 RSS: 3349.5MB
2024-12-04T03:56:27 120185.924 WRN Received NetPackageEntityRelPosAndRot with invalid entityId 2606 from EntityID=172, PltfmId='Steam_76561198053631854', CrossId='EOS_000204481cce44489a328d6fcefc5fd7', OwnerID='Steam_76561198053631854', PlayerName='directorfitz', ClientNumber='1'
2024-12-04T03:56:27 120186.622 INF Entity zombieArleneFeral 2562 killed
2024-12-04T03:56:31 120189.923 INF Entity zombieJoe 2605 killed by CostaDelMars 171
2024-12-04T03:56:33 120192.511 INF 2401308 Vehicle PostInit [type=EntityBicycle, name=vehicleBicycle, id=2607], (-291.27, 61.14, 901.57) (chunk -19, 56), rbPos (0.00, 0.00, 0.00)
2024-12-04T03:56:43 120202.476 INF VehicleManager saving 2 (2 + 0)
2024-12-04T03:56:43 120202.476 INF 2401505 VehicleManager write #0, id 2606, vehicleBicycle, (-528.6, 61.0, 532.0), chunk -34, 33
2024-12-04T03:56:43 120202.476 INF 2401505 VehicleManager write #1, id 2607, vehicleBicycle, (-261.4, 61.1, 860.5), chunk -17, 53
2024-12-04T03:56:43 120202.477 INF VehicleManager saved 703 bytes
2024-12-04T03:56:43 120202.729 INF 120193.6 SleeperVolume -272, 60, 847: Spawning -271, 61, 848 (-17, 53), group 'sleeperHordeStageGS22', class zombieJanitor, count 2
2024-12-04T03:56:44 120202.864 INF 120193.7 SleeperVolume -272, 60, 847: Spawning -271, 61, 849 (-17, 53), group 'sleeperHordeStageGS22', class zombiePartyGirl, count 2
2024-12-04T03:56:54 120213.564 INF Time: 2003.41m FPS: 20.00 Heap: 2696.0MB Max: 2732.5MB Chunks: 933 CGO: 69 Ply: 3 Zom: 4 Ent: 12 (134) Items: 0 CO: 3 RSS: 3349.3MB
2024-12-04T03:57:12 120231.503 WRN Occlusion: RemoveEntity [type=EntityBicycle, name=vehicleBicycle, id=2607] missing
2024-12-04T03:57:12 120231.503 INF 2402084 VehicleManager RemoveTrackedVehicle [type=EntityBicycle, name=vehicleBicycle, id=2607], Killed
2024-12-04T03:57:22 120241.117 INF Computed 415 chunk groups containing a total of 8472 chunks. Largest group contains 449 chunks.
2024-12-04T03:57:22 120241.510 INF VehicleManager saving 1 (1 + 0)
2024-12-04T03:57:22 120241.510 INF 2402285 VehicleManager write #0, id 2606, vehicleBicycle, (-654.2, 61.0, 570.5), chunk -41, 35
2024-12-04T03:57:22 120241.511 INF VehicleManager saved 356 bytes
2024-12-04T03:57:24 120243.607 INF Time: 2003.91m FPS: 20.02 Heap: 2698.7MB Max: 2732.5MB Chunks: 933 CGO: 30 Ply: 3 Zom: 1 Ent: 4 (134) Items: 0 CO: 3 RSS: 3349.3MB
2024-12-04T03:57:54 120273.606 INF Time: 2004.41m FPS: 20.00 Heap: 2702.1MB Max: 2732.5MB Chunks: 933 CGO: 34 Ply: 3 Zom: 1 Ent: 5 (135) Items: 0 CO: 3 RSS: 3349.3MB
2024-12-04T03:58:02 120281.258 WRN Received NetPackageEntityRelPosAndRot with invalid entityId 2606 from EntityID=172, PltfmId='Steam_76561198053631854', CrossId='EOS_000204481cce44489a328d6fcefc5fd7', OwnerID='Steam_76561198053631854', PlayerName='directorfitz', ClientNumber='1'
2024-12-04T03:58:09 120288.062 WRN Occlusion: RemoveEntity [type=EntityBicycle, name=vehicleBicycle, id=2606] missing
2024-12-04T03:58:09 120288.062 INF 2403215 VehicleManager RemoveTrackedVehicle [type=EntityBicycle, name=vehicleBicycle, id=2606], Killed
2024-12-04T03:58:10 120289.115 INF DroneManager saving 0 (0 + 0)
2024-12-04T03:58:10 120289.116 INF TurretTracker saving 0 (0 + 0)
2024-12-04T03:58:10 120289.117 INF DroneManager saved 9 bytes
2024-12-04T03:58:10 120289.117 INF TurretTracker saved 9 bytes
2024-12-04T03:58:19 120298.018 INF VehicleManager saving 0 (0 + 0)
2024-12-04T03:58:19 120298.019 INF VehicleManager saved 9 bytes
2024-12-04T03:58:24 120303.623 INF Time: 2004.91m FPS: 20.03 Heap: 2711.3MB Max: 2732.5MB Chunks: 933 CGO: 41 Ply: 3 Zom: 2 Ent: 5 (136) Items: 0 CO: 3 RSS: 3350.1MB
2024-12-04T03:58:38 120317.332 INF [DECO] written 75748, in 14ms
2024-12-04T03:58:38 120317.333 INF [DECO] write thread 1ms
2024-12-04T03:58:54 120333.621 INF Time: 2005.41m FPS: 19.99 Heap: 2696.4MB Max: 2732.5MB Chunks: 933 CGO: 21 Ply: 3 Zom: 0 Ent: 3 (133) Items: 0 CO: 3 RSS: 3350.4MB
2024-12-04T03:59:00 120339.328 INF 120330.2 SleeperVolume -959, 75, 493: Spawning -954, 79, 503 (-60, 31), group 'ZombieGhostTownGroupGS1', class zombieArlene, count 0
2024-12-04T03:59:00 120339.336 INF 120330.2 SleeperVolume -951, 84, 498: Spawning -949, 87, 500 (-60, 31), group 'sleeperHordeStageGS31', class zombieTomClark, count 0
2024-12-04T03:59:00 120339.485 INF 120330.3 SleeperVolume -959, 75, 493: Spawning -959, 80, 503 (-60, 31), group 'ZombiesCrawlers', class zombieSteveCrawler, count 0
2024-12-04T03:59:12 120351.390 INF Entity zombieArlene 2612 killed by directorfitz 172
2024-12-04T03:59:20 120359.102 INF Entity zombieSteveCrawler 2614 killed by directorfitz 172
2024-12-04T03:59:23 120362.008 INF Entity zombieTomClark 2613 killed by conceptxo 675
2024-12-04T03:59:24 120363.665 INF Time: 2005.91m FPS: 19.90 Heap: 2700.7MB Max: 2732.5MB Chunks: 933 CGO: 21 Ply: 3 Zom: 0 Ent: 6 (136) Items: 0 CO: 3 RSS: 3350.6MB
2024-12-04T03:59:26 120364.967 INF 2404746 Vehicle PostInit [type=EntityBicycle, name=vehicleBicycle, id=2615], (-212.47, 61.14, 688.58) (chunk -14, 43), rbPos (0.00, 0.00, 0.00)
2024-12-04T03:59:36 120374.910 INF VehicleManager saving 1 (1 + 0)
2024-12-04T03:59:36 120374.910 INF 2404946 VehicleManager write #0, id 2615, vehicleBicycle, (-244.7, 61.0, 637.5), chunk -16, 39
2024-12-04T03:59:36 120374.911 INF VehicleManager saved 356 bytes
2024-12-04T03:59:45 120383.787 INF 120374.6 SleeperVolume -955, 69, 470: Spawning -941, 76, 477 (-59, 29), group 'ZombieGhostTownGroupGS1', class zombieYo, count 0
2024-12-04T03:59:54 120393.685 INF Time: 2006.41m FPS: 20.00 Heap: 2704.6MB Max: 2732.5MB Chunks: 933 CGO: 21 Ply: 3 Zom: 1 Ent: 5 (138) Items: 0 CO: 3 RSS: 3350.6MB
2024-12-04T03:59:56 120394.790 INF 120385.6 SleeperVolume -952, 74, 454: Spawning -944, 74, 462 (-59, 28), group 'ZombieGhostTownGroupGS1', class zombieSteve, count 1
2024-12-04T03:59:56 120394.982 INF Entity zombieYo 2616 killed by directorfitz 172
2024-12-04T03:59:59 120398.480 INF 120389.3 SleeperVolume -962, 74, 455: Spawning -958, 74, 461 (-60, 28), group 'zombieUtilityWorkerGroupGS1', class zombieJanitor, count 1
2024-12-04T03:59:59 120398.583 INF 120389.4 SleeperVolume -962, 74, 455: Spawning -957, 74, 463 (-60, 28), group 'zombieUtilityWorkerGroupGS1', class zombieUtilityWorker, count 1
2024-12-04T04:00:10 120409.046 INF Entity zombieSteve 2617 killed by directorfitz 172
2024-12-04T04:00:10 120409.143 INF DroneManager saving 0 (0 + 0)
2024-12-04T04:00:10 120409.143 INF TurretTracker saving 0 (0 + 0)
2024-12-04T04:00:10 120409.144 INF DroneManager saved 9 bytes
2024-12-04T04:00:10 120409.144 INF TurretTracker saved 9 bytes
2024-12-04T04:00:24 120423.704 INF Time: 2006.91m FPS: 19.98 Heap: 2719.7MB Max: 2732.5MB Chunks: 933 CGO: 33 Ply: 3 Zom: 3 Ent: 9 (142) Items: 0 CO: 3 RSS: 3357.7MB
2024-12-04T04:00:28 120426.798 INF Entity zombieJanitor 2618 killed by directorfitz 172
2024-12-04T04:00:31 120430.052 WRN Occlusion: RemoveEntity [type=EntityBicycle, name=vehicleBicycle, id=2615] missing
2024-12-04T04:00:31 120430.052 INF 2406047 VehicleManager RemoveTrackedVehicle [type=EntityBicycle, name=vehicleBicycle, id=2615], Killed
2024-12-04T04:00:33 120432.604 INF Entity zombieUtilityWorker 2619 killed by directorfitz 172
2024-12-04T04:00:41 120440.023 INF VehicleManager saving 0 (0 + 0)
2024-12-04T04:00:41 120440.023 INF VehicleManager saved 9 bytes
2024-12-04T04:00:46 120445.023 INF 120435.9 SleeperVolume -966, 82, 463: Spawning -962, 84, 478 (-61, 29), group 'ZombieGhostTownGroupGS1', class zombieBoe, count 1
2024-12-04T04:00:46 120445.174 INF 120436 SleeperVolume -966, 82, 463: Spawning -963, 83, 468 (-61, 29), group 'ZombieGhostTownGroupGS1', class zombieFemaleFat, count 1
2024-12-04T04:00:54 120453.727 INF Time: 2007.41m FPS: 20.01 Heap: 2698.5MB Max: 2732.5MB Chunks: 933 CGO: 24 Ply: 3 Zom: 3 Ent: 8 (133) Items: 0 CO: 3 RSS: 3364.3MB
2024-12-04T04:01:03 120461.977 INF Entity zombieBoe 2620 killed by directorfitz 172
2024-12-04T04:01:12 120470.843 INF Entity zombieFemaleFat 2621 killed by conceptxo 675
2024-12-04T04:01:24 120483.741 INF Time: 2007.91m FPS: 20.01 Heap: 2702.1MB Max: 2732.5MB Chunks: 933 CGO: 21 Ply: 3 Zom: 1 Ent: 6 (133) Items: 0 CO: 3 RSS: 3364.3MB
2024-12-04T04:01:54 120513.740 INF Time: 2008.41m FPS: 20.03 Heap: 2705.4MB Max: 2732.5MB Chunks: 933 CGO: 18 Ply: 3 Zom: 1 Ent: 4 (133) Items: 0 CO: 3 RSS: 3364.3MB
2024-12-04T04:02:10 120529.147 INF DroneManager saving 0 (0 + 0)
2024-12-04T04:02:10 120529.147 INF TurretTracker saving 0 (0 + 0)
2024-12-04T04:02:10 120529.148 INF DroneManager saved 9 bytes
2024-12-04T04:02:10 120529.148 INF TurretTracker saved 9 bytes
2024-12-04T04:02:25 120543.792 INF Time: 2008.91m FPS: 19.97 Heap: 2720.4MB Max: 2732.5MB Chunks: 933 CGO: 21 Ply: 3 Zom: 1 Ent: 4 (133) Items: 0 CO: 3 RSS: 3365.0MB
2024-12-04T04:02:41 120560.072 INF VehicleManager saving 0 (0 + 0)
2024-12-04T04:02:41 120560.073 INF VehicleManager saved 9 bytes
2024-12-04T04:02:55 120573.827 INF Time: 2009.41m FPS: 20.00 Heap: 2695.8MB Max: 2732.5MB Chunks: 933 CGO: 30 Ply: 3 Zom: 2 Ent: 5 (130) Items: 0 CO: 3 RSS: 3369.7MB
2024-12-04T04:02:56 120575.570 INF 2408952 Vehicle PostInit [type=EntityBicycle, name=vehicleBicycle, id=2623], (-933.69, 91.14, 502.77) (chunk -59, 31), rbPos (0.00, 0.00, 0.00)
2024-12-04T04:03:06 120585.534 INF VehicleManager saving 1 (1 + 0)
2024-12-04T04:03:06 120585.535 INF 2409152 VehicleManager write #0, id 2623, vehicleBicycle, (-917.0, 88.8, 507.8), chunk -58, 31
2024-12-04T04:03:06 120585.536 INF VehicleManager saved 356 bytes
2024-12-04T04:03:25 120603.837 INF Time: 2009.91m FPS: 20.02 Heap: 2697.0MB Max: 2732.5MB Chunks: 933 CGO: 45 Ply: 3 Zom: 3 Ent: 7 (132) Items: 0 CO: 3 RSS: 3369.7MB
2024-12-04T04:03:55 120633.887 INF Time: 2010.41m FPS: 20.01 Heap: 2698.9MB Max: 2732.5MB Chunks: 933 CGO: 31 Ply: 3 Zom: 1 Ent: 6 (133) Items: 0 CO: 3 RSS: 3369.7MB
2024-12-04T04:04:10 120649.186 INF DroneManager saving 0 (0 + 0)
2024-12-04T04:04:10 120649.186 INF TurretTracker saving 0 (0 + 0)
2024-12-04T04:04:10 120649.187 INF DroneManager saved 9 bytes
2024-12-04T04:04:10 120649.187 INF TurretTracker saved 9 bytes
2024-12-04T04:04:25 120663.890 INF Time: 2010.91m FPS: 20.00 Heap: 2701.5MB Max: 2732.5MB Chunks: 933 CGO: 20 Ply: 3 Zom: 1 Ent: 5 (133) Items: 0 CO: 3 RSS: 3369.9MB
2024-12-04T04:04:55 120693.923 INF Time: 2011.41m FPS: 19.99 Heap: 2693.5MB Max: 2732.5MB Chunks: 933 CGO: 19 Ply: 3 Zom: 1 Ent: 5 (130) Items: 0 CO: 3 RSS: 3369.4MB
2024-12-04T04:05:06 120705.565 INF VehicleManager saving 1 (1 + 0)
2024-12-04T04:05:06 120705.565 INF 2411550 VehicleManager write #0, id 2623, vehicleBicycle, (-223.1, 59.8, 569.9), chunk -14, 35
2024-12-04T04:05:06 120705.565 INF VehicleManager saved 356 bytes
2024-12-04T04:05:19 120717.866 INF 120708.7 SleeperVolume -129, 59, 585: Restoring -123, 65, 588 (-8, 36) 'zombieTomClark', count 1
2024-12-04T04:05:25 120723.978 INF Time: 2011.91m FPS: 20.02 Heap: 2697.8MB Max: 2732.5MB Chunks: 933 CGO: 40 Ply: 3 Zom: 2 Ent: 8 (135) Items: 2 CO: 3 RSS: 3369.6MB
2024-12-04T04:05:25 120724.369 INF 2411925 Vehicle PostInit [type=EntityBicycle, name=vehicleBicycle, id=2631], (-504.63, 61.14, 511.28) (chunk -32, 31), rbPos (0.00, 0.00, 0.00)
2024-12-04T04:05:27 120725.767 WRN Occlusion: RemoveEntity [type=EntityBicycle, name=vehicleBicycle, id=2623] missing
2024-12-04T04:05:27 120725.767 INF 2411953 VehicleManager RemoveTrackedVehicle [type=EntityBicycle, name=vehicleBicycle, id=2623], Killed
2024-12-04T04:05:35 120734.324 INF VehicleManager saving 1 (1 + 0)
2024-12-04T04:05:35 120734.324 INF 2412125 VehicleManager write #0, id 2631, vehicleBicycle, (-449.9, 61.0, 506.3), chunk -29, 31
2024-12-04T04:05:35 120734.325 INF VehicleManager saved 356 bytes
2024-12-04T04:05:40 120739.513 INF 120730.4 SleeperVolume -109, 59, 600: Spawning -107, 67, 602 (-7, 37), group 'sleeperHordeStageGS27', class zombieBusinessMan, count 1
2024-12-04T04:05:40 120739.616 INF 120730.5 SleeperVolume -109, 59, 600: Spawning -107, 67, 605 (-7, 37), group 'sleeperHordeStageGS27', class zombieUtilityWorker, count 1
2024-12-04T04:05:41 120739.867 INF 120730.7 SleeperVolume -98, 59, 602: Spawning -93, 62, 612 (-6, 38), group 'sleeperHordeStageGS27', class zombieTomClark, count 1
2024-12-04T04:05:45 120744.756 INF 120735.6 SleeperVolume -106, 59, 610: Spawning -104, 62, 611 (-7, 38), group 'sleeperHordeStageGS27', class zombieSteve, count 4
2024-12-04T04:05:46 120744.863 INF 120735.7 SleeperVolume -106, 59, 610: Spawning -105, 62, 610 (-7, 38), group 'sleeperHordeStageGS27', class zombieTomClark, count 4
2024-12-04T04:05:51 120750.548 INF 120741.4 SleeperVolume -112, 61, 615: None spawned, canSpawn True, respawnCnt 0
2024-12-04T04:05:55 120753.984 INF Time: 2012.41m FPS: 19.99 Heap: 2701.7MB Max: 2732.5MB Chunks: 933 CGO: 60 Ply: 3 Zom: 6 Ent: 12 (142) Items: 2 CO: 3 RSS: 3369.9MB
2024-12-04T04:05:59 120758.184 INF Entity zombieTomClark 2634 killed by directorfitz 172
2024-12-04T04:06:10 120769.228 INF DroneManager saving 0 (0 + 0)
2024-12-04T04:06:10 120769.228 INF TurretTracker saving 0 (0 + 0)
2024-12-04T04:06:10 120769.229 INF DroneManager saved 9 bytes
2024-12-04T04:06:10 120769.230 INF TurretTracker saved 9 bytes
2024-12-04T04:06:11 120770.631 WRN Occlusion: RemoveEntity [type=EntityBicycle, name=vehicleBicycle, id=2631] missing
2024-12-04T04:06:11 120770.631 INF 2412848 VehicleManager RemoveTrackedVehicle [type=EntityBicycle, name=vehicleBicycle, id=2631], Killed
2024-12-04T04:06:21 120780.596 INF VehicleManager saving 0 (0 + 0)
2024-12-04T04:06:21 120780.598 INF VehicleManager saved 9 bytes
2024-12-04T04:06:24 120783.153 INF 120774 SleeperVolume -110, 59, 608: Spawning -110, 62, 610 (-7, 38), group 'ZombieNightClubGroupGS1', class zombieBusinessMan, count 4
2024-12-04T04:06:25 120784.006 INF Time: 2012.91m FPS: 20.00 Heap: 2712.9MB Max: 2732.5MB Chunks: 933 CGO: 45 Ply: 3 Zom: 5 Ent: 11 (144) Items: 2 CO: 3 RSS: 3369.9MB
2024-12-04T04:06:29 120788.495 INF Entity zombieTomClark 2636 killed by directorfitz 172
2024-12-04T04:06:30 120789.695 INF Entity zombieSteve 2635 killed by directorfitz 172
2024-12-04T04:06:35 120794.146 INF 120785 SleeperVolume -117, 59, 603: Spawning -117, 62, 606 (-8, 37), group 'sleeperHordeStageGS27', class zombieDarlene, count 3
2024-12-04T04:06:35 120794.239 INF 120785.1 SleeperVolume -117, 59, 603: Spawning -113, 62, 613 (-8, 38), group 'sleeperHordeStageGS27', class zombieBusinessMan, count 3
2024-12-04T04:06:38 120797.600 INF [DECO] written 75748, in 18ms
2024-12-04T04:06:38 120797.601 INF [DECO] write thread 1ms
2024-12-04T04:06:55 120814.030 INF Time: 2013.42m FPS: 20.00 Heap: 2698.7MB Max: 2732.5MB Chunks: 933 CGO: 46 Ply: 3 Zom: 5 Ent: 12 (134) Items: 0 CO: 3 RSS: 3370.1MB
2024-12-04T04:06:56 120814.977 INF Entity zombieUtilityWorker 2633 killed by directorfitz 172
2024-12-04T04:06:59 120818.692 INF Entity zombieBusinessMan 2632 killed by directorfitz 172
2024-12-04T04:07:25 120844.036 INF Time: 2013.92m FPS: 20.00 Heap: 2704.1MB Max: 2732.5MB Chunks: 933 CGO: 39 Ply: 3 Zom: 3 Ent: 9 (134) Items: 0 CO: 3 RSS: 3370.1MB
2024-12-04T04:07:45 120864.073 INF Entity zombieDarlene 2640 killed by directorfitz 172
2024-12-04T04:07:54 120873.103 INF Entity zombieBusinessMan 2641 killed by directorfitz 172
2024-12-04T04:07:55 120874.063 INF Time: 2014.42m FPS: 19.96 Heap: 2708.4MB Max: 2732.5MB Chunks: 933 CGO: 33 Ply: 3 Zom: 1 Ent: 6 (134) Items: 0 CO: 3 RSS: 3370.4MB
2024-12-04T04:07:55 120874.707 INF MinEventLogMessage: XP gained during the last level:
2024-12-04T04:07:55 120874.707 INF CVarLogValue: $xpFromLootThisLevel == 0
2024-12-04T04:07:55 120874.707 INF CVarLogValue: $xpFromHarvestingThisLevel == 0
2024-12-04T04:07:55 120874.707 INF CVarLogValue: $xpFromKillThisLevel == 0
2024-12-04T04:07:57 120876.610 INF Entity zombieBusinessMan 2639 killed by directorfitz 172
2024-12-04T04:08:10 120889.254 INF DroneManager saving 0 (0 + 0)
2024-12-04T04:08:10 120889.254 INF TurretTracker saving 0 (0 + 0)
2024-12-04T04:08:10 120889.256 INF DroneManager saved 9 bytes
2024-12-04T04:08:10 120889.256 INF TurretTracker saved 9 bytes
2024-12-04T04:08:21 120900.607 INF VehicleManager saving 0 (0 + 0)
2024-12-04T04:08:21 120900.608 INF VehicleManager saved 9 bytes
2024-12-04T04:08:25 120904.089 INF Time: 2014.92m FPS: 19.99 Heap: 2712.8MB Max: 2732.5MB Chunks: 933 CGO: 27 Ply: 3 Zom: 0 Ent: 4 (134) Items: 0 CO: 3 RSS: 3370.4MB
2024-12-04T04:08:42 120921.646 INF 120912.5 SleeperVolume -117, 66, 603: Spawning -114, 67, 605 (-8, 37), group 'sleeperHordeStageGS27', class zombieMoe, count 0
2024-12-04T04:08:42 120921.750 INF 120912.6 SleeperVolume -117, 66, 603: Spawning -111, 67, 609 (-7, 38), group 'sleeperHordeStageGS27', class zombieSteve, count 0
2024-12-04T04:08:43 120922.204 INF 120913 SleeperVolume -110, 67, 608: Spawning -103, 67, 610 (-7, 38), group 'sleeperHordeStageGS27', class zombieSteve, count 2
2024-12-04T04:08:43 120922.310 INF 120913.1 SleeperVolume -110, 67, 608: Spawning -109, 67, 611 (-7, 38), group 'sleeperHordeStageGS27', class zombieUtilityWorker, count 2
2024-12-04T04:08:55 120934.107 INF Time: 2015.42m FPS: 19.99 Heap: 2697.5MB Max: 2732.5MB Chunks: 933 CGO: 26 Ply: 3 Zom: 4 Ent: 7 (138) Items: 0 CO: 3 RSS: 3370.2MB
2024-12-04T04:09:03 120942.703 INF Entity zombieSteve 2643 killed by directorfitz 172
2024-12-04T04:09:06 120945.461 INF Entity zombieMoe 2642 killed by directorfitz 172
2024-12-04T04:09:25 120964.121 INF Time: 2015.92m FPS: 20.02 Heap: 2701.1MB Max: 2732.5MB Chunks: 933 CGO: 45 Ply: 3 Zom: 2 Ent: 9 (140) Items: 0 CO: 3 RSS: 3370.2MB
2024-12-04T04:09:55 120994.135 INF Time: 2016.42m FPS: 20.01 Heap: 2704.8MB Max: 2732.5MB Chunks: 933 CGO: 39 Ply: 3 Zom: 2 Ent: 7 (140) Items: 0 CO: 3 RSS: 3370.2MB
2024-12-04T04:09:55 120994.336 INF Entity zombieUtilityWorker 2645 killed by directorfitz 172
2024-12-04T04:09:56 120995.487 INF Entity zombieSteve 2644 killed by directorfitz 172
2024-12-04T04:10:02 121000.888 INF 120991.7 SleeperVolume -100, 67, 603: Spawning -96, 68, 613 (-6, 38), group 'sleeperHordeStageGS27', class zombieJoe, count 0
2024-12-04T04:10:02 121000.986 INF 120991.8 SleeperVolume -100, 67, 603: Spawning -99, 67, 606 (-7, 37), group 'sleeperHordeStageGS27', class zombieNurse, count 0
2024-12-04T04:10:02 121001.095 INF 120991.9 SleeperVolume -100, 67, 603: Spawning -99, 67, 612 (-7, 38), group 'sleeperHordeStageGS27', class zombieSteve, count 2
2024-12-04T04:10:10 121009.278 INF DroneManager saving 0 (0 + 0)
2024-12-04T04:10:10 121009.278 INF TurretTracker saving 0 (0 + 0)
2024-12-04T04:10:10 121009.279 INF DroneManager saved 9 bytes
2024-12-04T04:10:10 121009.279 INF TurretTracker saved 9 bytes
2024-12-04T04:10:21 121020.639 INF VehicleManager saving 0 (0 + 0)
2024-12-04T04:10:21 121020.641 INF VehicleManager saved 9 bytes
2024-12-04T04:10:25 121024.177 INF Time: 2016.92m FPS: 20.00 Heap: 2710.8MB Max: 2732.5MB Chunks: 933 CGO: 40 Ply: 3 Zom: 3 Ent: 10 (143) Items: 0 CO: 3 RSS: 3370.2MB
2024-12-04T04:10:35 121034.488 INF Entity zombieSteve 2650 killed by directorfitz 172
2024-12-04T04:10:42 121041.367 INF Entity zombieJoe 2648 killed by directorfitz 172
2024-12-04T04:10:47 121045.828 INF Entity zombieNurse 2649 killed by directorfitz 172
2024-12-04T04:10:55 121054.223 INF Time: 2017.42m FPS: 20.00 Heap: 2697.5MB Max: 2732.5MB Chunks: 933 CGO: 28 Ply: 3 Zom: 0 Ent: 7 (134) Items: 0 CO: 3 RSS: 3369.9MB
2024-12-04T04:11:20 121079.182 INF 2419009 Vehicle PostInit [type=EntityBicycle, name=vehicleBicycle, id=2652], (-224.47, 61.14, 686.85) (chunk -15, 42), rbPos (0.00, 0.00, 0.00)
2024-12-04T04:11:25 121084.252 INF Time: 2017.92m FPS: 19.98 Heap: 2702.7MB Max: 2732.5MB Chunks: 933 CGO: 34 Ply: 3 Zom: 0 Ent: 6 (136) Items: 0 CO: 3 RSS: 3369.9MB
2024-12-04T04:11:30 121089.149 INF VehicleManager saving 1 (1 + 0)
2024-12-04T04:11:30 121089.150 INF 2419209 VehicleManager write #0, id 2652, vehicleBicycle, (-236.4, 61.0, 734.7), chunk -15, 45
2024-12-04T04:11:30 121089.150 INF VehicleManager saved 356 bytes
2024-12-04T04:11:46 121105.400 WRN Occlusion: RemoveEntity [type=EntityBicycle, name=vehicleBicycle, id=2652] missing
2024-12-04T04:11:46 121105.400 INF 2419533 VehicleManager RemoveTrackedVehicle [type=EntityBicycle, name=vehicleBicycle, id=2652], Killed
2024-12-04T04:11:49 121108.751 INF 121099.6 SleeperVolume -269, 61, 832: Spawning -264, 61, 839 (-17, 52), group 'sleeperHordeStageGS22', class zombiePartyGirl, count 0
2024-12-04T04:11:50 121108.859 INF 121099.7 SleeperVolume -269, 61, 832: Spawning -263, 61, 839 (-17, 52), group 'sleeperHordeStageGS22', class zombieMarlene, count 0
2024-12-04T04:11:50 121109.147 INF 121100 SleeperVolume -272, 60, 847: Restoring -271, 61, 849 (-17, 53) 'zombiePartyGirl', count 2
2024-12-04T04:11:50 121109.253 INF 121100.1 SleeperVolume -272, 60, 847: Restoring -271, 61, 848 (-17, 53) 'zombieJanitor', count 2
2024-12-04T04:11:55 121114.257 INF Time: 2018.42m FPS: 20.02 Heap: 2708.3MB Max: 2732.5MB Chunks: 933 CGO: 43 Ply: 3 Zom: 4 Ent: 9 (141) Items: 0 CO: 3 RSS: 3369.9MB
2024-12-04T04:11:56 121115.348 INF VehicleManager saving 0 (0 + 0)
2024-12-04T04:11:56 121115.348 INF VehicleManager saved 9 bytes
2024-12-04T04:12:05 121124.724 INF 121115.5 SleeperVolume -272, 60, 847: Spawning -271, 61, 849 (-17, 53), group 'sleeperHordeStageGS22', class zombieJanitor, count 0
2024-12-04T04:12:06 121124.850 INF 121115.7 SleeperVolume -272, 60, 847: Spawning -271, 61, 848 (-17, 53), group 'sleeperHordeStageGS22', class zombieDarlene, count 0
2024-12-04T04:12:10 121129.292 INF DroneManager saving 0 (0 + 0)
2024-12-04T04:12:10 121129.292 INF TurretTracker saving 0 (0 + 0)
2024-12-04T04:12:10 121129.293 INF DroneManager saved 9 bytes
2024-12-04T04:12:10 121129.293 INF TurretTracker saved 9 bytes
2024-12-04T04:12:25 121144.299 INF Time: 2018.92m FPS: 20.01 Heap: 2717.3MB Max: 2732.5MB Chunks: 933 CGO: 40 Ply: 3 Zom: 0 Ent: 5 (143) Items: 0 CO: 3 RSS: 3370.5MB
2024-12-04T04:12:29 121147.799 INF 121138.6 SleeperVolume -269, 61, 832: Spawning -264, 61, 839 (-17, 52), group 'sleeperHordeStageGS22', class zombieBoe, count 0
2024-12-04T04:12:29 121147.889 INF 121138.7 SleeperVolume -269, 61, 832: Spawning -263, 61, 839 (-17, 52), group 'sleeperHordeStageGS22', class zombieSteve, count 0
2024-12-04T04:12:29 121148.091 INF 121138.9 SleeperVolume -272, 60, 847: Restoring -271, 61, 848 (-17, 53) 'zombieDarlene', count 2
2024-12-04T04:12:29 121148.193 INF 121139 SleeperVolume -272, 60, 847: Restoring -271, 61, 849 (-17, 53) 'zombieJanitor', count 2
2024-12-04T04:12:39 121157.815 INF [DECO] written 75748, in 18ms
2024-12-04T04:12:39 121157.817 INF [DECO] write thread 1ms
2024-12-04T04:12:49 121168.343 INF 2420787 Vehicle PostInit [type=EntityBicycle, name=vehicleBicycle, id=2663], (-93.24, 61.14, 569.98) (chunk -6, 35), rbPos (0.00, 0.00, 0.00)
2024-12-04T04:12:52 121171.434 INF Entity zombieDarlene 2661 killed by CostaDelMars 171
2024-12-04T04:12:55 121174.340 INF Time: 2019.42m FPS: 20.00 Heap: 2699.4MB Max: 2732.5MB Chunks: 933 CGO: 44 Ply: 3 Zom: 3 Ent: 10 (137) Items: 0 CO: 3 RSS: 3370.7MB
2024-12-04T04:12:59 121178.306 INF VehicleManager saving 1 (1 + 0)
2024-12-04T04:12:59 121178.306 INF 2420987 VehicleManager write #0, id 2663, vehicleBicycle, (-93.2, 61.0, 570.0), chunk -6, 35
2024-12-04T04:12:59 121178.307 INF VehicleManager saved 356 bytes
2024-12-04T04:13:02 121181.443 INF Entity zombieJanitor 2662 killed by CostaDelMars 171
2024-12-04T04:13:23 121202.715 INF 121193.5 SleeperVolume -272, 60, 832: Spawning -270, 61, 837 (-17, 52), group 'sleeperHordeStageGS22', class zombieUtilityWorker, count 3
2024-12-04T04:13:25 121204.368 INF Time: 2019.92m FPS: 19.98 Heap: 2701.0MB Max: 2732.5MB Chunks: 933 CGO: 60 Ply: 3 Zom: 4 Ent: 11 (139) Items: 0 CO: 3 RSS: 3371.1MB
2024-12-04T04:13:26 121204.823 WRN Received NetPackageEntityRelPosAndRot with invalid entityId 2663 from EntityID=172, PltfmId='Steam_76561198053631854', CrossId='EOS_000204481cce44489a328d6fcefc5fd7', OwnerID='Steam_76561198053631854', PlayerName='directorfitz', ClientNumber='1'
2024-12-04T04:13:28 121207.571 WRN Occlusion: RemoveEntity [type=EntityBicycle, name=vehicleBicycle, id=2663] missing
2024-12-04T04:13:28 121207.571 INF 2421571 VehicleManager RemoveTrackedVehicle [type=EntityBicycle, name=vehicleBicycle, id=2663], Killed
2024-12-04T04:13:38 121217.516 INF VehicleManager saving 0 (0 + 0)
2024-12-04T04:13:38 121217.517 INF VehicleManager saved 9 bytes
2024-12-04T04:13:53 121232.122 INF Entity zombieUtilityWorker 2665 killed by CostaDelMars 171
2024-12-04T04:13:55 121234.371 INF Time: 2020.42m FPS: 20.00 Heap: 2704.3MB Max: 2732.5MB Chunks: 933 CGO: 66 Ply: 3 Zom: 5 Ent: 11 (141) Items: 0 CO: 3 RSS: 3371.1MB
2024-12-04T04:14:09 121248.120 INF Entity zombieBusinessMan 2666 killed by conceptxo 675
2024-12-04T04:14:10 121249.330 INF DroneManager saving 0 (0 + 0)
2024-12-04T04:14:10 121249.330 INF TurretTracker saving 0 (0 + 0)
2024-12-04T04:14:10 121249.330 INF DroneManager saved 9 bytes
2024-12-04T04:14:10 121249.330 INF TurretTracker saved 9 bytes
2024-12-04T04:14:22 121261.380 INF Entity zombieSteve 2660 killed by CostaDelMars 171
2024-12-04T04:14:25 121264.391 INF Time: 2020.92m FPS: 20.02 Heap: 2712.1MB Max: 2732.5MB Chunks: 933 CGO: 64 Ply: 3 Zom: 3 Ent: 11 (142) Items: 0 CO: 3 RSS: 3371.1MB
2024-12-04T04:14:27 121266.333 INF 121257.2 SleeperVolume 61, 59, 659: Spawning 63, 60, 665 (3, 41), group 'ZombieGhostTownGroupGS1', class zombieMarlene, count 4
2024-12-04T04:14:27 121266.642 INF 121257.5 SleeperVolume 61, 59, 659: Spawning 67, 63, 663 (4, 41), group 'ZombieGhostTownGroupGS1', class zombieJoe, count 4
2024-12-04T04:14:29 121267.949 INF Entity zombieBoe 2659 killed by CostaDelMars 171
2024-12-04T04:14:35 121273.844 INF 121264.7 SleeperVolume 61, 59, 653: Spawning 70, 60, 658 (4, 41), group 'sleeperHordeStageGS14', class zombiePartyGirl, count 5
2024-12-04T04:14:55 121294.354 INF AIAirDrop: Computed flight paths for 1 aircraft.
2024-12-04T04:14:55 121294.354 INF AIAirDrop: Waiting for supply crate chunk locations to load...
2024-12-04T04:14:55 121294.387 INF Time: 2021.42m FPS: 19.97 Heap: 2700.9MB Max: 2732.5MB Chunks: 933 CGO: 69 Ply: 3 Zom: 6 Ent: 12 (138) Items: 0 CO: 4 RSS: 3368.8MB
2024-12-04T04:14:57 121295.932 INF Entity zombieJoe 2671 killed by conceptxo 675
ERROR: Shader Legacy Shaders/Transparent/VertexLit shader is not supported on this GPU (none of subshaders/fallbacks are suitable)
WARNING: Shader Unsupported: 'Legacy Shaders/Transparent/Specular' - All subshaders removed
WARNING: Shader Did you use #pragma only_renderers and omit this platform?
WARNING: Shader If subshaders removal was intentional, you may have forgotten turning Fallback off?
ERROR: Shader Legacy Shaders/Transparent/Specular shader is not supported on this GPU (none of subshaders/fallbacks are suitable)
WARNING: Shader Unsupported: 'Legacy Shaders/Transparent/Specular' - All subshaders removed
WARNING: Shader Did you use #pragma only_renderers and omit this platform?
WARNING: Shader If subshaders removal was intentional, you may have forgotten turning Fallback off?
2024-12-04T04:14:57 121296.519 INF AIAirDrop: Spawned aircraft at ((-156.9, 240.1, 1681.0)), heading ((0.1, -1.0))
There is no texture data available to upload.
2024-12-04T04:15:04 121303.749 INF AIAirDrop: Spawned supply crate at (-44.4, 230.1, 822.5), plane is at (-44.62, 240.09, 823.99)
2024-12-04T04:15:06 121304.959 INF 121295.8 SleeperVolume -274, 66, 846: Spawning -274, 66, 846 (-18, 52), group 'zombieBiker', class zombieBiker, count 5
2024-12-04T04:15:06 121304.967 INF 121295.8 SleeperVolume -272, 66, 846: Spawning -271, 66, 846 (-17, 52), group 'sleeperHordeStageGS22', class zombieBoe, count 5
2024-12-04T04:15:06 121305.014 INF 121295.9 SleeperVolume -270, 66, 834: Spawning -269, 66, 841 (-17, 52), group 'sleeperHordeStageGS22', class zombieYo, count 5
2024-12-04T04:15:06 121305.017 INF 121295.9 SleeperVolume -269, 66, 843: Spawning -266, 66, 848 (-17, 53), group 'sleeperHordeStageGS22', class zombieJanitor, count 5
2024-12-04T04:15:06 121305.058 INF 121295.9 SleeperVolume -272, 66, 846: Spawning -272, 66, 846 (-17, 52), group 'sleeperHordeStageGS22', class zombieJanitor, count 9
2024-12-04T04:15:06 121305.111 INF 121295.9 SleeperVolume -270, 66, 834: Spawning -270, 66, 834 (-17, 52), group 'sleeperHordeStageGS22', class zombiePartyGirl, count 9
2024-12-04T04:15:06 121305.114 INF 121295.9 SleeperVolume -269, 66, 843: Spawning -266, 66, 847 (-17, 52), group 'sleeperHordeStageGS22', class zombieSteve, count 9
2024-12-04T04:15:25 121324.414 INF Time: 2021.92m FPS: 19.99 Heap: 2705.4MB Max: 2732.5MB Chunks: 933 CGO: 73 Ply: 3 Zom: 12 Ent: 19 (147) Items: 0 CO: 4 RSS: 3369.6MB
2024-12-04T04:15:26 121324.766 INF 2423911 Vehicle PostInit [type=EntityBicycle, name=vehicleBicycle, id=2682], (-215.20, 61.14, 688.48) (chunk -14, 43), rbPos (0.00, 0.00, 0.00)
2024-12-04T04:15:35 121334.712 INF VehicleManager saving 1 (1 + 0)
2024-12-04T04:15:35 121334.712 INF 2424111 VehicleManager write #0, id 2682, vehicleBicycle, (-238.2, 61.0, 665.7), chunk -15, 41
2024-12-04T04:15:35 121334.712 INF VehicleManager saved 356 bytes
2024-12-04T04:15:36 121335.017 INF Entity zombiePartyGirl 2680 killed by CostaDelMars 171
2024-12-04T04:15:36 121335.314 INF Entity zombieMarlene 2670 killed by conceptxo 675
2024-12-04T04:15:40 121338.818 INF Entity animalRabbit 2646 killed by directorfitz 172
2024-12-04T04:15:43 121342.366 INF Entity zombieYo 2677 killed by CostaDelMars 171
2024-12-04T04:15:43 121342.664 INF 121333.5 SleeperVolume 72, 59, 653: Spawning 72, 60, 665 (4, 41), group 'sleeperHordeStageGS14', class zombieYo, count 10
2024-12-04T04:15:44 121342.763 INF 121333.6 SleeperVolume 72, 59, 653: Spawning 74, 60, 664 (4, 41), group 'VultureGroup', class animalZombieVulture, count 10
2024-12-04T04:15:55 121354.173 INF Entity animalZombieVulture 2684 killed by conceptxo 675
2024-12-04T04:15:55 121354.465 INF Time: 2022.42m FPS: 19.99 Heap: 2710.4MB Max: 2732.5MB Chunks: 933 CGO: 70 Ply: 3 Zom: 11 Ent: 20 (150) Items: 0 CO: 4 RSS: 3369.6MB
2024-12-04T04:16:03 121362.373 INF AIDirector: Wandering StartSpawning Horde
2024-12-04T04:16:03 121362.373 INF AIDirector: Spawn Horde, find targets, wait 12 hours
2024-12-04T04:16:10 121369.378 INF DroneManager saving 0 (0 + 0)
2024-12-04T04:16:10 121369.379 INF TurretTracker saving 0 (0 + 0)
2024-12-04T04:16:10 121369.380 INF DroneManager saved 9 bytes
2024-12-04T04:16:10 121369.380 INF TurretTracker saved 9 bytes
2024-12-04T04:16:12 121371.275 INF Entity zombieYo 2683 killed by conceptxo 675
2024-12-04T04:16:25 121384.496 INF Time: 2022.92m FPS: 19.33 Heap: 2716.9MB Max: 2732.5MB Chunks: 933 CGO: 73 Ply: 3 Zom: 10 Ent: 18 (153) Items: 1 CO: 4 RSS: 3369.8MB
2024-12-04T04:16:37 121396.651 INF Entity zombieSteve 2681 killed by CostaDelMars 171
2024-12-04T04:16:55 121414.015 INF Entity zombiePartyGirl 2672 killed by conceptxo 675
2024-12-04T04:16:55 121414.510 INF Time: 2023.42m FPS: 19.99 Heap: 2699.6MB Max: 2732.5MB Chunks: 933 CGO: 62 Ply: 3 Zom: 10 Ent: 15 (143) Items: 0 CO: 3 RSS: 3363.2MB
2024-12-04T04:17:07 121426.578 INF 121417.4 SleeperVolume -273, 70, 832: Spawning -268, 71, 842 (-17, 52), group 'ZombieGhostTownGroupGS1', class zombieBoe, count 9
2024-12-04T04:17:07 121426.717 INF 121417.5 SleeperVolume -273, 70, 832: Spawning -267, 71, 832 (-17, 52), group 'ZombieGhostTownGroupGS1', class zombieYo, count 9
2024-12-04T04:17:08 121426.826 INF 121417.6 SleeperVolume -273, 70, 832: Spawning -267, 71, 842 (-17, 52), group 'ZombieGhostTownGroupGS1', class zombieTomClark, count 9
2024-12-04T04:17:25 121444.542 INF Time: 2023.92m FPS: 19.95 Heap: 2703.9MB Max: 2732.5MB Chunks: 933 CGO: 65 Ply: 3 Zom: 11 Ent: 17 (149) Items: 0 CO: 3 RSS: 3363.2MB
2024-12-04T04:17:32 121451.394 INF Entity zombieTomClark 2690 killed by CostaDelMars 171
2024-12-04T04:17:35 121454.748 INF VehicleManager saving 1 (1 + 0)
2024-12-04T04:17:35 121454.748 INF 2426504 VehicleManager write #0, id 2682, vehicleBicycle, (-482.1, 58.3, 556.9), chunk -31, 34
2024-12-04T04:17:35 121454.749 INF VehicleManager saved 356 bytes
2024-12-04T04:17:42 121461.100 INF Entity sc_General 2674 killed
2024-12-04T04:17:44 121463.299 INF Entity zombieBoe 2688 killed by CostaDelMars 171
2024-12-04T04:17:55 121474.554 INF Time: 2024.42m FPS: 20.03 Heap: 2707.6MB Max: 2732.5MB Chunks: 933 CGO: 64 Ply: 3 Zom: 10 Ent: 16 (151) Items: 0 CO: 3 RSS: 3363.5MB
2024-12-04T04:18:02 121481.105 INF Entity zombieYo 2689 killed by CostaDelMars 171
2024-12-04T04:18:06 121485.356 INF Entity zombieJanitor 2678 killed by CostaDelMars 171
2024-12-04T04:18:10 121489.395 INF DroneManager saving 0 (0 + 0)
2024-12-04T04:18:10 121489.395 INF TurretTracker saving 0 (0 + 0)
2024-12-04T04:18:10 121489.397 INF DroneManager saved 9 bytes
2024-12-04T04:18:10 121489.397 INF TurretTracker saved 9 bytes
2024-12-04T04:18:18 121496.898 WRN Occlusion: RemoveEntity [type=EntityBicycle, name=vehicleBicycle, id=2682] missing
2024-12-04T04:18:18 121496.898 INF 2427345 VehicleManager RemoveTrackedVehicle [type=EntityBicycle, name=vehicleBicycle, id=2682], Killed
2024-12-04T04:18:23 121501.898 INF 2427445 Vehicle PostInit [type=EntityBicycle, name=vehicleBicycle, id=2695], (-287.37, 61.14, 752.32) (chunk -18, 47), rbPos (0.00, 0.00, 0.00)
2024-12-04T04:18:25 121504.596 INF Time: 2024.92m FPS: 19.98 Heap: 2712.8MB Max: 2732.5MB Chunks: 933 CGO: 45 Ply: 3 Zom: 4 Ent: 11 (154) Items: 0 CO: 3 RSS: 3363.5MB
2024-12-04T04:18:28 121506.852 INF VehicleManager saving 1 (1 + 0)
2024-12-04T04:18:28 121506.852 INF 2427545 VehicleManager write #0, id 2695, vehicleBicycle, (-267.9, 58.6, 763.6), chunk -17, 47
2024-12-04T04:18:28 121506.853 INF VehicleManager saved 356 bytes
2024-12-04T04:18:38 121517.345 WRN Received NetPackageEntityRelPosAndRot with invalid entityId 2695 from EntityID=172, PltfmId='Steam_76561198053631854', CrossId='EOS_000204481cce44489a328d6fcefc5fd7', OwnerID='Steam_76561198053631854', PlayerName='directorfitz', ClientNumber='1'
2024-12-04T04:18:40 121519.445 WRN Occlusion: RemoveEntity [type=EntityBicycle, name=vehicleBicycle, id=2695] missing
2024-12-04T04:18:40 121519.445 INF 2427793 VehicleManager RemoveTrackedVehicle [type=EntityBicycle, name=vehicleBicycle, id=2695], Killed
2024-12-04T04:18:50 121529.394 INF VehicleManager saving 0 (0 + 0)
2024-12-04T04:18:50 121529.395 INF VehicleManager saved 9 bytes
2024-12-04T04:18:55 121534.636 INF Time: 2025.42m FPS: 19.99 Heap: 2699.2MB Max: 2732.5MB Chunks: 933 CGO: 26 Ply: 3 Zom: 3 Ent: 6 (144) Items: 0 CO: 3 RSS: 3363.4MB
2024-12-04T04:19:25 121564.648 INF Time: 2025.93m FPS: 19.99 Heap: 2700.7MB Max: 2732.5MB Chunks: 933 CGO: 21 Ply: 3 Zom: 3 Ent: 6 (144) Items: 0 CO: 3 RSS: 3363.4MB
2024-12-04T04:19:55 121594.690 INF Time: 2026.43m FPS: 20.02 Heap: 2706.5MB Max: 2732.5MB Chunks: 933 CGO: 24 Ply: 3 Zom: 3 Ent: 6 (144) Items: 0 CO: 3 RSS: 3363.5MB
2024-12-04T04:20:10 121609.441 INF DroneManager saving 0 (0 + 0)
2024-12-04T04:20:10 121609.441 INF TurretTracker saving 0 (0 + 0)
2024-12-04T04:20:10 121609.443 INF DroneManager saved 9 bytes
2024-12-04T04:20:10 121609.444 INF TurretTracker saved 9 bytes
2024-12-04T04:20:25 121624.695 INF Time: 2026.93m FPS: 19.98 Heap: 2712.1MB Max: 2732.5MB Chunks: 933 CGO: 25 Ply: 3 Zom: 3 Ent: 6 (144) Items: 0 CO: 3 RSS: 3363.5MB
2024-12-04T04:20:50 121649.427 INF VehicleManager saving 0 (0 + 0)
2024-12-04T04:20:50 121649.428 INF VehicleManager saved 9 bytes
2024-12-04T04:20:55 121654.721 INF Time: 2027.43m FPS: 19.99 Heap: 2699.2MB Max: 2732.5MB Chunks: 933 CGO: 24 Ply: 3 Zom: 3 Ent: 6 (144) Items: 0 CO: 3 RSS: 3362.0MB
2024-12-04T04:21:17 121675.841 INF Entity zombieJanitor 2679 killed by directorfitz 172
2024-12-04T04:21:18 121677.702 INF Entity zombieBoe 2676 killed by directorfitz 172
2024-12-04T04:21:25 121684.750 INF Time: 2027.93m FPS: 19.99 Heap: 2701.0MB Max: 2732.5MB Chunks: 933 CGO: 25 Ply: 3 Zom: 1 Ent: 6 (144) Items: 0 CO: 3 RSS: 3362.0MB
2024-12-04T04:21:40 121699.305 INF Entity zombieBiker 2675 killed by CostaDelMars 171
2024-12-04T04:21:56 121714.773 INF Time: 2028.43m FPS: 19.95 Heap: 2703.2MB Max: 2732.5MB Chunks: 933 CGO: 23 Ply: 3 Zom: 0 Ent: 4 (144) Items: 0 CO: 3 RSS: 3362.0MB
2024-12-04T04:22:10 121729.468 INF DroneManager saving 0 (0 + 0)
2024-12-04T04:22:10 121729.468 INF TurretTracker saving 0 (0 + 0)
2024-12-04T04:22:10 121729.469 INF DroneManager saved 9 bytes
2024-12-04T04:22:10 121729.469 INF TurretTracker saved 9 bytes
2024-12-04T04:22:26 121744.820 INF Time: 2028.93m FPS: 20.01 Heap: 2708.3MB Max: 2732.5MB Chunks: 933 CGO: 21 Ply: 3 Zom: 0 Ent: 4 (145) Items: 1 CO: 3 RSS: 3362.0MB
2024-12-04T04:22:42 121760.768 INF 2432613 Vehicle PostInit [type=EntityBicycle, name=vehicleBicycle, id=2697], (-261.62, 61.59, 822.36) (chunk -17, 51), rbPos (0.00, 0.00, 0.00)
2024-12-04T04:22:50 121768.781 WRN Occlusion: RemoveEntity [type=EntityBicycle, name=vehicleBicycle, id=2697] missing
2024-12-04T04:22:50 121768.781 INF 2432773 VehicleManager RemoveTrackedVehicle [type=EntityBicycle, name=vehicleBicycle, id=2697], Killed
2024-12-04T04:22:50 121769.478 INF VehicleManager saving 0 (0 + 0)
2024-12-04T04:22:50 121769.479 INF VehicleManager saved 9 bytes
2024-12-04T04:22:56 121774.829 INF Time: 2029.43m FPS: 19.98 Heap: 2699.3MB Max: 2732.5MB Chunks: 933 CGO: 18 Ply: 3 Zom: 0 Ent: 3 (144) Items: 0 CO: 3 RSS: 3362.2MB
2024-12-04T04:23:07 121786.590 INF Computed 415 chunk groups containing a total of 8472 chunks. Largest group contains 449 chunks.
2024-12-04T04:23:09 121788.157 INF 2433160 Vehicle PostInit [type=EntityBicycle, name=vehicleBicycle, id=2698], (-233.95, 61.14, 845.26) (chunk -15, 52), rbPos (0.00, 0.00, 0.00)
2024-12-04T04:23:19 121798.090 INF VehicleManager saving 1 (1 + 0)
2024-12-04T04:23:19 121798.091 INF 2433360 VehicleManager write #0, id 2698, vehicleBicycle, (-236.8, 56.0, 791.2), chunk -15, 49
2024-12-04T04:23:19 121798.092 INF VehicleManager saved 356 bytes
2024-12-04T04:23:26 121804.857 INF Time: 2029.93m FPS: 20.01 Heap: 2703.1MB Max: 2732.5MB Chunks: 933 CGO: 26 Ply: 3 Zom: 0 Ent: 4 (145) Items: 0 CO: 3 RSS: 3362.9MB
2024-12-04T04:23:27 121806.514 INF 121797.3 SleeperVolume -195, 62, 886: Spawning -195, 62, 888 (-13, 55), group 'sleeperHordeStageGS27', class zombieYo, count 0
2024-12-04T04:23:27 121806.525 INF 121797.3 SleeperVolume -195, 62, 876: Spawning -193, 62, 878 (-13, 54), group 'sleeperHordeStageGS27', class zombieDarlene, count 0
2024-12-04T04:23:27 121806.715 INF 121797.5 SleeperVolume -190, 62, 891: Spawning -189, 62, 891 (-12, 55), group 'sleeperHordeStageGS27', class zombieMoe, count 0
2024-12-04T04:23:27 121806.728 INF 121797.5 SleeperVolume -190, 62, 885: Spawning -185, 62, 886 (-12, 55), group 'zombieFatHawaiian', class zombieFatHawaiian, count 0
2024-12-04T04:23:28 121807.315 INF 121798.1 SleeperVolume -187, 62, 876: Spawning -187, 62, 877 (-12, 54), group 'sleeperHordeStageGS27', class zombieMoe, count 4
2024-12-04T04:23:39 121817.963 WRN Occlusion: RemoveEntity [type=EntityBicycle, name=vehicleBicycle, id=2698] missing
2024-12-04T04:23:39 121817.963 INF 2433756 VehicleManager RemoveTrackedVehicle [type=EntityBicycle, name=vehicleBicycle, id=2698], Killed
2024-12-04T04:23:39 121818.012 INF Entity zombieDarlene 2700 killed by directorfitz 172
2024-12-04T04:23:47 121826.124 INF Entity zombieMoe 2703 killed by directorfitz 172
2024-12-04T04:23:49 121827.918 INF VehicleManager saving 0 (0 + 0)
2024-12-04T04:23:49 121827.918 INF VehicleManager saved 9 bytes
2024-12-04T04:23:56 121834.879 INF Time: 2030.43m FPS: 19.99 Heap: 2706.4MB Max: 2732.5MB Chunks: 933 CGO: 42 Ply: 3 Zom: 4 Ent: 9 (151) Items: 0 CO: 3 RSS: 3364.0MB
2024-12-04T04:24:10 121849.510 INF DroneManager saving 0 (0 + 0)
2024-12-04T04:24:10 121849.510 INF TurretTracker saving 0 (0 + 0)
2024-12-04T04:24:10 121849.511 INF DroneManager saved 9 bytes
2024-12-04T04:24:10 121849.512 INF TurretTracker saved 9 bytes
2024-12-04T04:24:26 121864.892 INF Time: 2030.93m FPS: 19.93 Heap: 2711.6MB Max: 2732.5MB Chunks: 933 CGO: 48 Ply: 3 Zom: 5 Ent: 8 (152) Items: 0 CO: 3 RSS: 3364.8MB
2024-12-04T04:24:27 121866.394 INF Entity zombieFatHawaiian 2702 killed
2024-12-04T04:24:53 121891.994 INF Entity zombieMoe 2701 killed by directorfitz 172
2024-12-04T04:24:56 121894.907 INF Time: 2031.43m FPS: 20.00 Heap: 2699.0MB Max: 2732.5MB Chunks: 933 CGO: 39 Ply: 3 Zom: 3 Ent: 8 (142) Items: 0 CO: 3 RSS: 3365.2MB
2024-12-04T04:24:57 121896.456 INF Entity zombieYo 2699 killed
2024-12-04T04:25:15 121914.657 INF 121905.5 SleeperVolume -195, 56, 876: Spawning -195, 57, 877 (-13, 54), group 'sleeperHordeStageGS27', class zombiePartyGirl, count 2
2024-12-04T04:25:15 121914.660 INF 121905.5 SleeperVolume -191, 56, 876: Spawning -190, 57, 876 (-12, 54), group 'sleeperHordeStageGS27', class zombieNurse, count 2
2024-12-04T04:25:15 121914.714 INF 121905.5 SleeperVolume -194, 56, 893: Spawning -191, 57, 894 (-12, 55), group 'sleeperHordeStageGS27', class zombieYo, count 2
2024-12-04T04:25:15 121914.720 INF 121905.5 SleeperVolume -188, 56, 887: Spawning -184, 57, 890 (-12, 55), group 'sleeperHordeStageGS27', class zombieNurse, count 2
2024-12-04T04:25:16 121914.767 INF 121905.6 SleeperVolume -187, 56, 878: Spawning -184, 57, 882 (-12, 55), group 'sleeperHordeStageGS27', class zombieMoe, count 2
2024-12-04T04:25:16 121914.815 INF 121905.6 SleeperVolume -194, 56, 893: Spawning -192, 57, 895 (-12, 55), group 'sleeperHordeStageGS27', class zombieMoe, count 2
2024-12-04T04:25:16 121914.825 INF 121905.6 SleeperVolume -188, 56, 887: Spawning -184, 57, 888 (-12, 55), group 'sleeperHordeStageGS27', class zombieMarlene, count 2
2024-12-04T04:25:16 121914.912 INF 121905.7 SleeperVolume -188, 56, 887: Spawning -186, 57, 890 (-12, 55), group 'sleeperHordeStageGS27', class zombiePartyGirl, count 2
2024-12-04T04:25:26 121924.913 INF Time: 2031.93m FPS: 19.97 Heap: 2700.0MB Max: 2732.5MB Chunks: 933 CGO: 42 Ply: 3 Zom: 10 Ent: 14 (150) Items: 0 CO: 3 RSS: 3365.2MB
2024-12-04T04:25:34 121933.611 INF Entity zombiePartyGirl 2705 killed by directorfitz 172
2024-12-04T04:25:37 121936.155 INF Entity zombieMoe 2709 killed by directorfitz 172
2024-12-04T04:25:49 121947.953 INF VehicleManager saving 0 (0 + 0)
2024-12-04T04:25:49 121947.954 INF VehicleManager saved 9 bytes
2024-12-04T04:25:56 121954.955 INF Time: 2032.43m FPS: 19.99 Heap: 2701.6MB Max: 2732.5MB Chunks: 933 CGO: 47 Ply: 3 Zom: 8 Ent: 13 (150) Items: 0 CO: 3 RSS: 3366.8MB
2024-12-04T04:26:02 121961.496 INF Entity zombieNurse 2706 killed by directorfitz 172
2024-12-04T04:26:10 121969.556 INF DroneManager saving 0 (0 + 0)
2024-12-04T04:26:10 121969.556 INF TurretTracker saving 0 (0 + 0)
2024-12-04T04:26:10 121969.558 INF DroneManager saved 9 bytes
2024-12-04T04:26:10 121969.558 INF TurretTracker saved 9 bytes
2024-12-04T04:26:21 121980.204 INF 2436995 Vehicle PostInit [type=EntityBicycle, name=vehicleBicycle, id=2713], (-222.21, 61.14, 683.58) (chunk -14, 42), rbPos (0.00, 0.00, 0.00)
2024-12-04T04:26:26 121985.008 INF Time: 2032.93m FPS: 19.99 Heap: 2704.3MB Max: 2732.5MB Chunks: 933 CGO: 39 Ply: 3 Zom: 6 Ent: 11 (151) Items: 0 CO: 3 RSS: 3367.7MB
2024-12-04T04:26:31 121990.199 INF VehicleManager saving 1 (1 + 0)
2024-12-04T04:26:31 121990.199 INF 2437196 VehicleManager write #0, id 2713, vehicleBicycle, (-245.9, 61.0, 625.3), chunk -16, 39
2024-12-04T04:26:31 121990.200 INF VehicleManager saved 356 bytes
2024-12-04T04:26:46 122005.007 INF Entity zombieYo 2707 killed by directorfitz 172
2024-12-04T04:26:47 122006.111 INF Entity zombieMoe 2710 killed by directorfitz 172
2024-12-04T04:26:56 122015.009 INF Time: 2033.43m FPS: 19.99 Heap: 2697.4MB Max: 2732.5MB Chunks: 933 CGO: 36 Ply: 3 Zom: 4 Ent: 10 (142) Items: 0 CO: 3 RSS: 3367.0MB
2024-12-04T04:26:58 122017.113 INF Entity zombieMarlene 2711 killed by directorfitz 172
2024-12-04T04:27:00 122019.656 INF Entity zombiePartyGirl 2712 killed by directorfitz 172
2024-12-04T04:27:02 122021.165 INF Entity zombieNurse 2708 killed by directorfitz 172
2024-12-04T04:27:26 122045.024 INF Time: 2033.93m FPS: 19.99 Heap: 2699.5MB Max: 2732.5MB Chunks: 933 CGO: 42 Ply: 3 Zom: 2 Ent: 9 (143) Items: 0 CO: 3 RSS: 3367.2MB
2024-12-04T04:27:42 122060.974 WRN Occlusion: RemoveEntity [type=EntityBicycle, name=vehicleBicycle, id=2713] missing
2024-12-04T04:27:42 122060.974 INF 2438607 VehicleManager RemoveTrackedVehicle [type=EntityBicycle, name=vehicleBicycle, id=2713], Killed
2024-12-04T04:27:52 122070.936 INF VehicleManager saving 0 (0 + 0)
2024-12-04T04:27:52 122070.938 INF VehicleManager saved 9 bytes
2024-12-04T04:27:56 122075.043 INF Time: 2034.43m FPS: 19.99 Heap: 2702.6MB Max: 2732.5MB Chunks: 933 CGO: 36 Ply: 3 Zom: 2 Ent: 5 (143) Items: 0 CO: 3 RSS: 3367.2MB
2024-12-04T04:28:10 122089.597 INF DroneManager saving 0 (0 + 0)
2024-12-04T04:28:10 122089.597 INF TurretTracker saving 0 (0 + 0)
2024-12-04T04:28:10 122089.600 INF DroneManager saved 9 bytes
2024-12-04T04:28:10 122089.600 INF TurretTracker saved 9 bytes
2024-12-04T04:28:26 122105.055 INF Time: 2034.93m FPS: 19.99 Heap: 2706.5MB Max: 2732.5MB Chunks: 933 CGO: 36 Ply: 3 Zom: 2 Ent: 5 (143) Items: 0 CO: 3 RSS: 3367.2MB
2024-12-04T04:28:46 122125.141 INF 2439887 Vehicle PostInit [type=EntityBicycle, name=vehicleBicycle, id=2714], (-249.48, 61.14, 843.16) (chunk -16, 52), rbPos (0.00, 0.00, 0.00)
2024-12-04T04:28:55 122134.098 INF 2440066 Vehicle PostInit [type=EntityBicycle, name=vehicleBicycle, id=2715], (-503.43, 61.14, 509.95) (chunk -32, 31), rbPos (0.00, 0.00, 0.00)
2024-12-04T04:28:56 122135.087 INF VehicleManager saving 2 (2 + 0)
2024-12-04T04:28:56 122135.088 INF 2440087 VehicleManager write #0, id 2714, vehicleBicycle, (-238.8, 56.0, 794.8), chunk -15, 49
2024-12-04T04:28:56 122135.088 INF 2440087 VehicleManager write #1, id 2715, vehicleBicycle, (-503.4, 61.0, 509.9), chunk -32, 31
2024-12-04T04:28:56 122135.089 INF VehicleManager saved 703 bytes
2024-12-04T04:28:56 122135.090 INF Time: 2035.43m FPS: 20.00 Heap: 2697.2MB Max: 2732.5MB Chunks: 933 CGO: 43 Ply: 3 Zom: 2 Ent: 7 (144) Items: 0 CO: 3 RSS: 3366.8MB
2024-12-04T04:29:14 122153.333 WRN Occlusion: RemoveEntity [type=EntityBicycle, name=vehicleBicycle, id=2714] missing
2024-12-04T04:29:14 122153.333 INF 2440451 VehicleManager RemoveTrackedVehicle [type=EntityBicycle, name=vehicleBicycle, id=2714], Killed
2024-12-04T04:29:24 122163.290 INF VehicleManager saving 1 (1 + 0)
2024-12-04T04:29:24 122163.290 INF 2440651 VehicleManager write #0, id 2715, vehicleBicycle, (-313.3, 61.0, 454.0), chunk -20, 28
2024-12-04T04:29:24 122163.291 INF VehicleManager saved 356 bytes
2024-12-04T04:29:26 122165.089 INF Time: 2035.93m FPS: 20.01 Heap: 2699.4MB Max: 2732.5MB Chunks: 933 CGO: 18 Ply: 3 Zom: 0 Ent: 4 (144) Items: 0 CO: 3 RSS: 3367.4MB
2024-12-04T04:29:56 122195.141 INF Time: 2036.43m FPS: 19.99 Heap: 2701.3MB Max: 2732.5MB Chunks: 933 CGO: 18 Ply: 3 Zom: 0 Ent: 4 (144) Items: 0 CO: 3 RSS: 3367.4MB
2024-12-04T04:30:10 122209.638 INF DroneManager saving 0 (0 + 0)
2024-12-04T04:30:10 122209.638 INF TurretTracker saving 0 (0 + 0)
2024-12-04T04:30:10 122209.639 INF DroneManager saved 9 bytes
2024-12-04T04:30:10 122209.640 INF TurretTracker saved 9 bytes
2024-12-04T04:30:14 122212.836 WRN Received NetPackageEntityRelPosAndRot with invalid entityId 2715 from EntityID=171, PltfmId='Steam_76561199036446150', CrossId='EOS_0002f1e01ad44091a9b0bde8c30901e7', OwnerID='Steam_76561199036446150', PlayerName='CostaDelMars', ClientNumber='3'
2024-12-04T04:30:15 122214.181 WRN Occlusion: RemoveEntity [type=EntityBicycle, name=vehicleBicycle, id=2715] missing
2024-12-04T04:30:15 122214.181 INF 2441668 VehicleManager RemoveTrackedVehicle [type=EntityBicycle, name=vehicleBicycle, id=2715], Killed
2024-12-04T04:30:25 122224.140 INF VehicleManager saving 0 (0 + 0)
2024-12-04T04:30:25 122224.142 INF VehicleManager saved 9 bytes
2024-12-04T04:30:26 122225.193 INF Time: 2036.93m FPS: 19.99 Heap: 2705.6MB Max: 2732.5MB Chunks: 933 CGO: 9 Ply: 3 Zom: 0 Ent: 3 (144) Items: 0 CO: 3 RSS: 3367.4MB
2024-12-04T04:30:52 122251.489 INF 2442411 Vehicle PostInit [type=EntityBicycle, name=vehicleBicycle, id=2716], (-212.15, 61.14, 692.77) (chunk -14, 43), rbPos (0.00, 0.00, 0.00)
2024-12-04T04:30:56 122255.195 INF Time: 2037.43m FPS: 20.00 Heap: 2696.0MB Max: 2732.5MB Chunks: 933 CGO: 12 Ply: 3 Zom: 0 Ent: 4 (144) Items: 0 CO: 3 RSS: 3364.4MB
2024-12-04T04:31:02 122261.493 INF VehicleManager saving 1 (1 + 0)
2024-12-04T04:31:02 122261.493 INF 2442612 VehicleManager write #0, id 2716, vehicleBicycle, (-223.7, 61.0, 737.6), chunk -14, 46
2024-12-04T04:31:02 122261.495 INF VehicleManager saved 356 bytes
2024-12-04T04:31:18 122277.163 WRN Occlusion: RemoveEntity [type=EntityBicycle, name=vehicleBicycle, id=2716] missing
2024-12-04T04:31:18 122277.163 INF 2442924 VehicleManager RemoveTrackedVehicle [type=EntityBicycle, name=vehicleBicycle, id=2716], Killed
2024-12-04T04:31:22 122281.523 INF 122272.3 SleeperVolume -272, 60, 847: Spawning -271, 61, 848 (-17, 53), group 'sleeperHordeStageGS27', class zombiePartyGirl, count 0
2024-12-04T04:31:22 122281.627 INF 122272.4 SleeperVolume -272, 60, 847: Spawning -271, 61, 849 (-17, 53), group 'sleeperHordeStageGS27', class zombieUtilityWorker, count 0
2024-12-04T04:31:26 122285.234 INF Time: 2037.93m FPS: 19.54 Heap: 2699.7MB Max: 2732.5MB Chunks: 933 CGO: 23 Ply: 3 Zom: 2 Ent: 5 (146) Items: 0 CO: 3 RSS: 3364.4MB
2024-12-04T04:31:28 122287.132 INF VehicleManager saving 0 (0 + 0)
2024-12-04T04:31:28 122287.134 INF VehicleManager saved 9 bytes
2024-12-04T04:31:28 122287.172 INF 122278 SleeperVolume -269, 61, 832: Spawning -264, 61, 839 (-17, 52), group 'sleeperHordeStageGS27', class zombieMoe, count 2
2024-12-04T04:31:28 122287.284 INF 122278.1 SleeperVolume -269, 61, 832: Spawning -263, 61, 839 (-17, 52), group 'sleeperHordeStageGS27', class zombieMarlene, count 2
2024-12-04T04:31:38 122296.833 INF Entity zombiePartyGirl 2717 killed by directorfitz 172
2024-12-04T04:31:39 122297.983 INF Entity zombieUtilityWorker 2718 killed by directorfitz 172
2024-12-04T04:31:39 122298.502 INF [DECO] written 75748, in 14ms
2024-12-04T04:31:39 122298.512 INF [DECO] write thread 9ms
2024-12-04T04:31:54 122313.238 INF 122304 SleeperVolume -272, 60, 832: Spawning -270, 61, 837 (-17, 52), group 'sleeperHordeStageGS27', class zombieJoe, count 2
2024-12-04T04:31:56 122315.242 INF Time: 2038.43m FPS: 20.02 Heap: 2701.2MB Max: 2732.5MB Chunks: 933 CGO: 27 Ply: 3 Zom: 3 Ent: 8 (149) Items: 0 CO: 3 RSS: 3364.5MB
2024-12-04T04:32:10 122329.680 INF DroneManager saving 0 (0 + 0)
2024-12-04T04:32:10 122329.680 INF TurretTracker saving 0 (0 + 0)
2024-12-04T04:32:10 122329.681 INF DroneManager saved 9 bytes
2024-12-04T04:32:10 122329.682 INF TurretTracker saved 9 bytes
2024-12-04T04:32:17 122336.235 INF Entity zombieJoe 2721 killed by directorfitz 172
2024-12-04T04:32:26 122345.289 INF Time: 2038.94m FPS: 20.02 Heap: 2706.4MB Max: 2732.5MB Chunks: 933 CGO: 21 Ply: 3 Zom: 2 Ent: 6 (149) Items: 0 CO: 3 RSS: 3365.3MB
2024-12-04T04:32:32 122350.885 INF Entity zombieMarlene 2720 killed by directorfitz 172
2024-12-04T04:32:34 122353.287 INF Entity zombieMoe 2719 killed by directorfitz 172
2024-12-04T04:32:56 122375.333 INF Time: 2039.44m FPS: 20.01 Heap: 2694.9MB Max: 2732.5MB Chunks: 933 CGO: 21 Ply: 3 Zom: 0 Ent: 5 (143) Items: 0 CO: 3 RSS: 3363.3MB
2024-12-04T04:33:10 122389.007 INF 122379.8 SleeperVolume -274, 66, 846: Spawning -274, 66, 846 (-18, 52), group 'zombieBiker', class zombieBiker, count 0
2024-12-04T04:33:10 122389.015 INF 122379.8 SleeperVolume -272, 66, 846: Spawning -272, 66, 846 (-17, 52), group 'sleeperHordeStageGS27', class zombieBusinessMan, count 0
2024-12-04T04:33:10 122389.054 INF 122379.9 SleeperVolume -270, 66, 834: Spawning -270, 66, 834 (-17, 52), group 'sleeperHordeStageGS27', class zombieMoe, count 2
2024-12-04T04:33:10 122389.058 INF 122379.9 SleeperVolume -269, 66, 843: Spawning -266, 66, 847 (-17, 52), group 'sleeperHordeStageGS27', class zombieBusinessMan, count 2
2024-12-04T04:33:10 122389.109 INF 122379.9 SleeperVolume -272, 66, 846: Spawning -271, 66, 846 (-17, 52), group 'sleeperHordeStageGS27', class zombieDarlene, count 2
2024-12-04T04:33:10 122389.153 INF 122380 SleeperVolume -270, 66, 834: Spawning -264, 66, 836 (-17, 52), group 'sleeperHordeStageGS27', class zombieMarlene, count 2
2024-12-04T04:33:10 122389.156 INF 122380 SleeperVolume -269, 66, 843: Spawning -266, 66, 848 (-17, 53), group 'sleeperHordeStageGS27', class zombieUtilityWorker, count 2
2024-12-04T04:33:13 122391.913 INF Entity zombieMarlene 2727 killed by directorfitz 172
2024-12-04T04:33:13 122392.557 INF MinEventLogMessage: XP gained during the last level:
2024-12-04T04:33:13 122392.557 INF CVarLogValue: $xpFromLootThisLevel == 0
2024-12-04T04:33:13 122392.557 INF CVarLogValue: $xpFromHarvestingThisLevel == 0
2024-12-04T04:33:13 122392.557 INF CVarLogValue: $xpFromKillThisLevel == 0
2024-12-04T04:33:20 122399.072 INF Entity zombieMoe 2724 killed by directorfitz 172
2024-12-04T04:33:26 122405.378 INF Time: 2039.94m FPS: 19.98 Heap: 2698.6MB Max: 2732.5MB Chunks: 933 CGO: 27 Ply: 3 Zom: 5 Ent: 10 (150) Items: 0 CO: 3 RSS: 3363.3MB
2024-12-04T04:33:28 122407.174 INF VehicleManager saving 0 (0 + 0)
2024-12-04T04:33:28 122407.175 INF VehicleManager saved 9 bytes
2024-12-04T04:33:56 122435.424 INF Time: 2040.44m FPS: 19.97 Heap: 2700.9MB Max: 2732.5MB Chunks: 933 CGO: 27 Ply: 3 Zom: 5 Ent: 9 (150) Items: 0 CO: 3 RSS: 3363.3MB
2024-12-04T04:34:10 122449.688 INF DroneManager saving 0 (0 + 0)
2024-12-04T04:34:10 122449.688 INF TurretTracker saving 0 (0 + 0)
2024-12-04T04:34:10 122449.689 INF DroneManager saved 9 bytes
2024-12-04T04:34:10 122449.690 INF TurretTracker saved 9 bytes
2024-12-04T04:34:17 122456.087 INF Entity zombieUtilityWorker 2728 killed by directorfitz 172
2024-12-04T04:34:26 122464.840 INF Entity zombieBusinessMan 2725 killed by directorfitz 172
2024-12-04T04:34:26 122465.438 INF Time: 2040.94m FPS: 19.99 Heap: 2702.9MB Max: 2732.5MB Chunks: 933 CGO: 24 Ply: 3 Zom: 3 Ent: 8 (150) Items: 0 CO: 3 RSS: 3363.3MB
2024-12-04T04:34:56 122495.452 INF Time: 2041.44m FPS: 19.98 Heap: 2695.6MB Max: 2732.5MB Chunks: 933 CGO: 24 Ply: 3 Zom: 3 Ent: 6 (146) Items: 0 CO: 3 RSS: 3361.5MB
2024-12-04T04:35:09 122508.610 INF 122499.4 SleeperVolume -273, 70, 832: Spawning -267, 71, 832 (-17, 52), group 'ZombieGhostTownGroupGS1', class zombieSteve, count 3
2024-12-04T04:35:09 122508.703 INF 122499.5 SleeperVolume -273, 70, 832: Spawning -267, 71, 842 (-17, 52), group 'ZombieGhostTownGroupGS1', class zombieBoe, count 3
2024-12-04T04:35:10 122508.809 INF 122499.6 SleeperVolume -273, 70, 832: Spawning -268, 71, 842 (-17, 52), group 'ZombieGhostTownGroupGS1', class zombieFemaleFat, count 3
2024-12-04T04:35:23 122522.152 INF Entity zombieSteve 2729 killed by directorfitz 172
2024-12-04T04:35:26 122525.504 INF Time: 2041.94m FPS: 19.94 Heap: 2697.2MB Max: 2732.5MB Chunks: 933 CGO: 24 Ply: 3 Zom: 5 Ent: 9 (149) Items: 0 CO: 3 RSS: 3361.5MB
2024-12-04T04:35:28 122527.204 INF VehicleManager saving 0 (0 + 0)
2024-12-04T04:35:28 122527.205 INF VehicleManager saved 9 bytes
2024-12-04T04:35:31 122530.357 INF Entity zombieBoe 2730 killed by directorfitz 172
2024-12-04T04:35:40 122539.003 INF Entity zombieFemaleFat 2731 killed by directorfitz 172
2024-12-04T04:35:56 122555.511 INF Time: 2042.44m FPS: 20.00 Heap: 2698.7MB Max: 2732.5MB Chunks: 933 CGO: 21 Ply: 3 Zom: 3 Ent: 8 (149) Items: 0 CO: 3 RSS: 3361.5MB
2024-12-04T04:36:09 122567.762 INF Entity zombieBiker 2722 killed by directorfitz 172
2024-12-04T04:36:10 122568.788 INF Entity zombieDarlene 2726 killed by directorfitz 172
2024-12-04T04:36:10 122569.692 INF DroneManager saving 0 (0 + 0)
2024-12-04T04:36:10 122569.692 INF TurretTracker saving 0 (0 + 0)
2024-12-04T04:36:10 122569.693 INF DroneManager saved 9 bytes
2024-12-04T04:36:10 122569.694 INF TurretTracker saved 9 bytes
2024-12-04T04:36:11 122570.390 INF Entity zombieBusinessMan 2723 killed by directorfitz 172
2024-12-04T04:36:26 122585.549 INF Time: 2042.94m FPS: 20.00 Heap: 2708.9MB Max: 2732.5MB Chunks: 933 CGO: 24 Ply: 3 Zom: 0 Ent: 6 (149) Items: 0 CO: 3 RSS: 3362.6MB
2024-12-04T04:36:32 122591.496 INF MinEventLogMessage: XP gained during the last level:
2024-12-04T04:36:32 122591.496 INF CVarLogValue: $xpFromLootThisLevel == 0
2024-12-04T04:36:32 122591.497 INF CVarLogValue: $xpFromHarvestingThisLevel == 0
2024-12-04T04:36:32 122591.497 INF CVarLogValue: $xpFromKillThisLevel == 0
2024-12-04T04:36:56 122615.564 INF Time: 2043.44m FPS: 20.00 Heap: 2696.1MB Max: 2732.5MB Chunks: 933 CGO: 18 Ply: 3 Zom: 0 Ent: 3 (146) Items: 0 CO: 3 RSS: 3352.2MB
2024-12-04T04:37:26 122645.605 INF Time: 2043.94m FPS: 19.99 Heap: 2697.1MB Max: 2732.5MB Chunks: 933 CGO: 18 Ply: 3 Zom: 0 Ent: 4 (147) Items: 1 CO: 3 RSS: 3352.2MB
2024-12-04T04:37:28 122647.208 INF VehicleManager saving 0 (0 + 0)
2024-12-04T04:37:28 122647.209 INF VehicleManager saved 9 bytes
2024-12-04T04:37:34 122653.166 INF 2450429 Vehicle PostInit [type=EntityBicycle, name=vehicleBicycle, id=2733], (-245.38, 61.14, 847.88) (chunk -16, 52), rbPos (0.00, 0.00, 0.00)
2024-12-04T04:37:44 122663.162 INF VehicleManager saving 1 (1 + 0)
2024-12-04T04:37:44 122663.162 INF 2450630 VehicleManager write #0, id 2733, vehicleBicycle, (-232.0, 56.0, 798.3), chunk -15, 49
2024-12-04T04:37:44 122663.163 INF VehicleManager saved 356 bytes
2024-12-04T04:37:56 122675.616 INF Time: 2044.44m FPS: 20.01 Heap: 2698.5MB Max: 2732.5MB Chunks: 933 CGO: 18 Ply: 3 Zom: 0 Ent: 4 (148) Items: 1 CO: 3 RSS: 3352.2MB
2024-12-04T04:38:10 122689.716 INF DroneManager saving 0 (0 + 0)
2024-12-04T04:38:10 122689.716 INF TurretTracker saving 0 (0 + 0)
2024-12-04T04:38:10 122689.718 INF DroneManager saved 9 bytes
2024-12-04T04:38:10 122689.718 INF TurretTracker saved 9 bytes
2024-12-04T04:38:26 122705.667 INF Time: 2044.94m FPS: 20.00 Heap: 2700.3MB Max: 2732.5MB Chunks: 933 CGO: 18 Ply: 3 Zom: 0 Ent: 4 (148) Items: 1 CO: 3 RSS: 3352.2MB
2024-12-04T04:38:56 122735.711 INF Time: 2045.44m FPS: 20.00 Heap: 2694.9MB Max: 2732.5MB Chunks: 933 CGO: 27 Ply: 3 Zom: 1 Ent: 5 (147) Items: 0 CO: 3 RSS: 3347.6MB
2024-12-04T04:39:26 122765.720 INF Time: 2045.94m FPS: 19.99 Heap: 2696.5MB Max: 2732.5MB Chunks: 933 CGO: 34 Ply: 3 Zom: 1 Ent: 6 (148) Items: 0 CO: 3 RSS: 3352.7MB
2024-12-04T04:39:44 122783.208 INF VehicleManager saving 1 (1 + 0)
2024-12-04T04:39:44 122783.208 INF 2453027 VehicleManager write #0, id 2733, vehicleBicycle, (-505.2, 61.0, 505.7), chunk -32, 31
2024-12-04T04:39:44 122783.217 INF VehicleManager saved 356 bytes
2024-12-04T04:39:56 122795.752 INF Time: 2046.44m FPS: 19.99 Heap: 2698.3MB Max: 2732.5MB Chunks: 933 CGO: 35 Ply: 3 Zom: 1 Ent: 6 (148) Items: 0 CO: 3 RSS: 3352.7MB
2024-12-04T04:40:10 122809.757 INF DroneManager saving 0 (0 + 0)
2024-12-04T04:40:10 122809.757 INF TurretTracker saving 0 (0 + 0)
2024-12-04T04:40:10 122809.758 INF DroneManager saved 9 bytes
2024-12-04T04:40:10 122809.759 INF TurretTracker saved 9 bytes
2024-12-04T04:40:27 122825.766 INF Time: 2046.94m FPS: 20.02 Heap: 2700.6MB Max: 2732.5MB Chunks: 933 CGO: 18 Ply: 3 Zom: 0 Ent: 4 (148) Items: 0 CO: 3 RSS: 3354.6MB
2024-12-04T04:40:57 122855.780 INF Time: 2047.44m FPS: 19.98 Heap: 2694.6MB Max: 2732.5MB Chunks: 933 CGO: 17 Ply: 3 Zom: 0 Ent: 4 (147) Items: 0 CO: 3 RSS: 3354.3MB
2024-12-04T04:41:13 122872.325 WRN Occlusion: RemoveEntity [type=EntityBicycle, name=vehicleBicycle, id=2733] missing
2024-12-04T04:41:13 122872.325 INF 2454805 VehicleManager RemoveTrackedVehicle [type=EntityBicycle, name=vehicleBicycle, id=2733], Killed
2024-12-04T04:41:23 122882.271 INF VehicleManager saving 0 (0 + 0)
2024-12-04T04:41:23 122882.271 INF VehicleManager saved 9 bytes
2024-12-04T04:41:27 122885.827 INF Time: 2047.94m FPS: 20.00 Heap: 2695.7MB Max: 2732.5MB Chunks: 933 CGO: 12 Ply: 3 Zom: 0 Ent: 3 (147) Items: 0 CO: 3 RSS: 3354.3MB
2024-12-04T04:41:57 122915.881 INF Time: 2048.45m FPS: 20.01 Heap: 2696.9MB Max: 2732.5MB Chunks: 933 CGO: 12 Ply: 3 Zom: 0 Ent: 3 (147) Items: 0 CO: 3 RSS: 3354.3MB
2024-12-04T04:42:11 122929.777 INF DroneManager saving 0 (0 + 0)
2024-12-04T04:42:11 122929.777 INF TurretTracker saving 0 (0 + 0)
2024-12-04T04:42:11 122929.779 INF DroneManager saved 9 bytes
2024-12-04T04:42:11 122929.780 INF TurretTracker saved 9 bytes
2024-12-04T04:42:27 122945.932 INF Time: 2048.95m FPS: 19.99 Heap: 2700.2MB Max: 2732.5MB Chunks: 933 CGO: 12 Ply: 3 Zom: 0 Ent: 3 (147) Items: 0 CO: 3 RSS: 3354.3MB
2024-12-04T04:42:57 122975.952 INF Time: 2049.45m FPS: 19.99 Heap: 2691.9MB Max: 2732.5MB Chunks: 933 CGO: 9 Ply: 3 Zom: 0 Ent: 3 (147) Items: 0 CO: 3 RSS: 3353.9MB
2024-12-04T04:43:04 122983.505 INF Computed 415 chunk groups containing a total of 8472 chunks. Largest group contains 449 chunks.
2024-12-04T04:43:23 123002.301 INF VehicleManager saving 0 (0 + 0)
2024-12-04T04:43:23 123002.302 INF VehicleManager saved 9 bytes
2024-12-04T04:43:27 123006.002 INF Time: 2049.95m FPS: 20.02 Heap: 2693.7MB Max: 2732.5MB Chunks: 933 CGO: 21 Ply: 3 Zom: 1 Ent: 4 (149) Items: 0 CO: 3 RSS: 3353.9MB
2024-12-04T04:43:57 123036.008 INF Time: 2050.45m FPS: 19.99 Heap: 2696.0MB Max: 2732.5MB Chunks: 933 CGO: 21 Ply: 3 Zom: 1 Ent: 4 (149) Items: 0 CO: 3 RSS: 3353.9MB
2024-12-04T04:44:11 123049.818 INF DroneManager saving 0 (0 + 0)
2024-12-04T04:44:11 123049.818 INF TurretTracker saving 0 (0 + 0)
2024-12-04T04:44:11 123049.820 INF DroneManager saved 9 bytes
2024-12-04T04:44:11 123049.821 INF TurretTracker saved 9 bytes
2024-12-04T04:44:27 123066.011 INF Time: 2050.95m FPS: 19.95 Heap: 2703.7MB Max: 2732.5MB Chunks: 933 CGO: 30 Ply: 3 Zom: 2 Ent: 5 (150) Items: 0 CO: 3 RSS: 3354.1MB
2024-12-04T04:44:57 123096.050 INF Time: 2051.45m FPS: 20.02 Heap: 2693.6MB Max: 2732.5MB Chunks: 933 CGO: 24 Ply: 3 Zom: 2 Ent: 5 (148) Items: 0 CO: 3 RSS: 3353.8MB
2024-12-04T04:45:05 123104.451 INF Player conceptxo disconnected after 134.9 minutes
2024-12-04T04:45:05 123104.629 INF NET: LiteNetLib: Client disconnect from: 173.92.69.216:54311 / 1 (RemoteConnectionClose)
2024-12-04T04:45:05 123104.633 INF DynamicMusic: 675 successfully removed from Bloodmoon state cache
2024-12-04T04:45:05 123104.633 INF Client disconnected from dy mesh: Id: 675 Total: 3
2024-12-04T04:45:05 123104.633 INF Player disconnected: EntityID=675, PltfmId='Steam_76561197969472572', CrossId='EOS_00021eebf2db42e69d23b452b65f6d24', OwnerID='Steam_76561197969472572', PlayerName='conceptxo', ClientNumber='2'
2024-12-04T04:45:05 123104.633 INF Exited thread NCS_Writer_1_0
2024-12-04T04:45:05 123104.633 INF Exited thread NCS_Reader_1_1
2024-12-04T04:45:05 123104.633 INF Exited thread NCS_Reader_1_0
2024-12-04T04:45:05 123104.633 INF Exited thread NCS_Writer_1_1
2024-12-04T04:45:05 123104.633 INF [EOS-ACS] FreeUser: EntityID=675, PltfmId='Steam_76561197969472572', CrossId='EOS_00021eebf2db42e69d23b452b65f6d24', OwnerID='Steam_76561197969472572', PlayerName='conceptxo', ClientNumber='2'
2024-12-04T04:45:05 123104.634 INF GMSG: Player 'conceptxo' left the game
2024-12-04T04:45:05 123104.637 INF NET: LiteNetLib: MT: Client disconnect from: 173.92.69.216:54311 / 1 (RemoteConnectionClose)
2024-12-04T04:45:17 123116.553 INF Player CostaDelMars disconnected after 134.1 minutes
2024-12-04T04:45:18 123116.774 INF DynamicMusic: 171 successfully removed from Bloodmoon state cache
2024-12-04T04:45:18 123116.774 INF Client disconnected from dy mesh: Id: 171 Total: 2
2024-12-04T04:45:18 123116.774 INF Player disconnected: EntityID=171, PltfmId='Steam_76561199036446150', CrossId='EOS_0002f1e01ad44091a9b0bde8c30901e7', OwnerID='Steam_76561199036446150', PlayerName='CostaDelMars', ClientNumber='3'
2024-12-04T04:45:18 123116.774 INF Exited thread NCS_Reader_2_1
2024-12-04T04:45:18 123116.774 INF Exited thread NCS_Writer_2_1
2024-12-04T04:45:18 123116.774 INF Exited thread NCS_Reader_2_0
2024-12-04T04:45:18 123116.774 INF Exited thread NCS_Writer_2_0
2024-12-04T04:45:18 123116.774 INF [EOS-ACS] FreeUser: EntityID=171, PltfmId='Steam_76561199036446150', CrossId='EOS_0002f1e01ad44091a9b0bde8c30901e7', OwnerID='Steam_76561199036446150', PlayerName='CostaDelMars', ClientNumber='3'
2024-12-04T04:45:18 123116.775 INF GMSG: Player 'CostaDelMars' left the game
2024-12-04T04:45:18 123116.775 INF NET: LiteNetLib: Client disconnect from: 192.168.86.1:61111 / 2 (DisconnectPeerCalled)
2024-12-04T04:45:18 123116.775 INF NET: LiteNetLib: MT: Client disconnect from: 192.168.86.1:61111 / 2 (DisconnectPeerCalled)
2024-12-04T04:45:18 123116.779 INF NET: LiteNetLib: Received package from an unknown client: 192.168.86.1:61111
2024-12-04T04:45:23 123122.340 INF VehicleManager saving 0 (0 + 0)
2024-12-04T04:45:23 123122.341 INF VehicleManager saved 9 bytes
2024-12-04T04:45:27 123126.086 INF Time: 2051.95m FPS: 19.99 Heap: 1506.5MB Max: 2732.5MB Chunks: 358 CGO: 15 Ply: 1 Zom: 1 Ent: 2 (147) Items: 0 CO: 1 RSS: 3436.7MB
2024-12-04T04:45:28 123127.190 INF Player directorfitz disconnected after 135.2 minutes
2024-12-04T04:45:28 123127.353 INF DynamicMusic: 172 successfully removed from Bloodmoon state cache
2024-12-04T04:45:28 123127.353 INF Client disconnected from dy mesh: Id: 172 Total: 1
2024-12-04T04:45:28 123127.353 INF Player disconnected: EntityID=172, PltfmId='Steam_76561198053631854', CrossId='EOS_000204481cce44489a328d6fcefc5fd7', OwnerID='Steam_76561198053631854', PlayerName='directorfitz', ClientNumber='1'
2024-12-04T04:45:28 123127.353 INF Exited thread NCS_Reader_0_0
2024-12-04T04:45:28 123127.353 INF Exited thread NCS_Writer_0_0
2024-12-04T04:45:28 123127.353 INF Exited thread NCS_Reader_0_1
2024-12-04T04:45:28 123127.353 INF Exited thread NCS_Writer_0_1
2024-12-04T04:45:28 123127.353 INF [EOS-ACS] FreeUser: EntityID=172, PltfmId='Steam_76561198053631854', CrossId='EOS_000204481cce44489a328d6fcefc5fd7', OwnerID='Steam_76561198053631854', PlayerName='directorfitz', ClientNumber='1'
2024-12-04T04:45:28 123127.353 INF GMSG: Player 'directorfitz' left the game
2024-12-04T04:45:28 123127.353 INF NET: LiteNetLib: Client disconnect from: 173.92.204.14:49672 / 0 (DisconnectPeerCalled)
2024-12-04T04:45:28 123127.353 INF NET: LiteNetLib: MT: Client disconnect from: 173.92.204.14:49672 / 0 (DisconnectPeerCalled)
2024-12-04T04:45:28 123127.355 INF NET: LiteNetLib: Received package from an unknown client: 173.92.204.14:49672
2024-12-04T04:45:36 123135.158 INF Clearing all pools
2024-12-04T04:45:57 123156.114 INF Time: 2052.45m FPS: 20.02 Heap: 1396.2MB Max: 2732.5MB Chunks: 358 CGO: 0 Ply: 0 Zom: 1 Ent: 0 (147) Items: 0 CO: 0 RSS: 3435.1MB
2024-12-06T06:21:47 301705.881 INF NET: LiteNetLib: Connect from: 119.18.0.252:62607 / 3
2024-12-06T06:21:47 301705.890 INF Started thread NCS_Reader_3_1
2024-12-06T06:21:47 301705.891 INF Started thread NCS_Reader_3_0
2024-12-06T06:21:47 301705.891 INF Started thread NCS_Writer_3_1
2024-12-06T06:21:47 301705.892 INF [NET] PlayerConnected EntityID=-1, PltfmId='Local_<none>', CrossId='<unknown/none>', OwnerID='<unknown/none>', PlayerName='', ClientNumber='5'
2024-12-06T06:21:47 301705.892 INF Started thread NCS_Writer_3_0
2024-12-06T06:21:47 301706.251 INF NPPL.Read
2024-12-06T06:21:47 301706.293 INF PlayerLogin: MelodyPops/V 1.1
2024-12-06T06:21:47 301706.293 INF Client IP: 119.18.0.252
2024-12-06T06:21:47 301706.293 INF [Auth] PlayerName authorization successful: EntityID=-1, PltfmId='Steam_76561199592604427', CrossId='EOS_0002753503a044ba9e23a86db1dfcad5', OwnerID='<unknown/none>', PlayerName='MelodyPops', ClientNumber='5'
2024-12-06T06:21:47 301706.293 INF [Auth] ServerState authorization successful: EntityID=-1, PltfmId='Steam_76561199592604427', CrossId='EOS_0002753503a044ba9e23a86db1dfcad5', OwnerID='<unknown/none>', PlayerName='MelodyPops', ClientNumber='5'
2024-12-06T06:21:47 301706.293 INF [Auth] MpHostAllowed authorization successful: EntityID=-1, PltfmId='Steam_76561199592604427', CrossId='EOS_0002753503a044ba9e23a86db1dfcad5', OwnerID='<unknown/none>', PlayerName='MelodyPops', ClientNumber='5'
2024-12-06T06:21:47 301706.293 INF [Auth] PlayerId authorization successful: EntityID=-1, PltfmId='Steam_76561199592604427', CrossId='EOS_0002753503a044ba9e23a86db1dfcad5', OwnerID='<unknown/none>', PlayerName='MelodyPops', ClientNumber='5'
2024-12-06T06:21:47 301706.294 INF [Auth] DuplicateUserId authorization successful: EntityID=-1, PltfmId='Steam_76561199592604427', CrossId='EOS_0002753503a044ba9e23a86db1dfcad5', OwnerID='<unknown/none>', PlayerName='MelodyPops', ClientNumber='5'
2024-12-06T06:21:47 301706.294 INF [Auth] VersionCheck authorization successful: EntityID=-1, PltfmId='Steam_76561199592604427', CrossId='EOS_0002753503a044ba9e23a86db1dfcad5', OwnerID='<unknown/none>', PlayerName='MelodyPops', ClientNumber='5'
2024-12-06T06:21:47 301706.294 INF [Auth] PlayerSlots authorization successful: EntityID=-1, PltfmId='Steam_76561199592604427', CrossId='EOS_0002753503a044ba9e23a86db1dfcad5', OwnerID='<unknown/none>', PlayerName='MelodyPops', ClientNumber='5'
2024-12-06T06:21:47 301706.294 INF [Auth] LegacyModAuthorizations authorization successful: EntityID=-1, PltfmId='Steam_76561199592604427', CrossId='EOS_0002753503a044ba9e23a86db1dfcad5', OwnerID='<unknown/none>', PlayerName='MelodyPops', ClientNumber='5'
2024-12-06T06:21:47 301706.294 INF [Steamworks.NET] Auth.AuthenticateUser()
2024-12-06T06:21:47 301706.307 INF [Steamworks.NET] Authenticating player: MelodyPops SteamId: 76561199592604427 TicketLen: 1024 Result: k_EBeginAuthSessionResultOK
2024-12-06T06:21:48 301707.617 INF [Steamworks.NET] Authentication callback. ID: 76561199592604427, owner: 76561199592604427, result: k_EAuthSessionResponseOK
2024-12-06T06:21:48 301707.618 INF [Auth] PlatformAuth authorization successful: EntityID=-1, PltfmId='Steam_76561199592604427', CrossId='EOS_0002753503a044ba9e23a86db1dfcad5', OwnerID='Steam_76561199592604427', PlayerName='MelodyPops', ClientNumber='5'
2024-12-06T06:21:48 301707.618 INF [Auth] SteamFamily authorization successful: EntityID=-1, PltfmId='Steam_76561199592604427', CrossId='EOS_0002753503a044ba9e23a86db1dfcad5', OwnerID='Steam_76561199592604427', PlayerName='MelodyPops', ClientNumber='5'
2024-12-06T06:21:48 301707.618 INF [Auth] SteamGroups authorization successful: EntityID=-1, PltfmId='Steam_76561199592604427', CrossId='EOS_0002753503a044ba9e23a86db1dfcad5', OwnerID='Steam_76561199592604427', PlayerName='MelodyPops', ClientNumber='5'
2024-12-06T06:21:48 301707.618 INF [EOS] Verifying token for 0002753503a044ba9e23a86db1dfcad5
2024-12-06T06:21:49 301707.844 INF [EOS] Device=, Platform=steam, AccType=Steam, AccId=76561199592604427, PUID=0002753503a044ba9e23a86db1dfcad5
2024-12-06T06:21:49 301708.391 INF [EOS] Player may have active sanctions
2024-12-06T06:21:49 301708.392 INF [EOS] SanctionsQuery finished with: 0 sanctions
2024-12-06T06:21:49 301708.392 INF [Auth] CrossplatformAuth authorization successful: EntityID=-1, PltfmId='Steam_76561199592604427', CrossId='EOS_0002753503a044ba9e23a86db1dfcad5', OwnerID='Steam_76561199592604427', PlayerName='MelodyPops', ClientNumber='5'
2024-12-06T06:21:49 301708.393 INF [Auth] BansAndWhitelist authorization failed: EntityID=-1, PltfmId='Steam_76561199592604427', CrossId='EOS_0002753503a044ba9e23a86db1dfcad5', OwnerID='Steam_76561199592604427', PlayerName='MelodyPops', ClientNumber='5'
2024-12-06T06:21:49 301708.393 INF Kicking player (Not on whitelist): EntityID=-1, PltfmId='Steam_76561199592604427', CrossId='EOS_0002753503a044ba9e23a86db1dfcad5', OwnerID='Steam_76561199592604427', PlayerName='MelodyPops', ClientNumber='5'
2024-12-06T06:21:49 301708.600 INF NET: LiteNetLib: Client disconnect from: 119.18.0.252:62607 / 3 (RemoteConnectionClose)
2024-12-06T06:21:49 301708.643 INF NET: LiteNetLib: MT: Client disconnect from: 119.18.0.252:62607 / 3 (RemoteConnectionClose)
2024-12-06T06:21:49 301708.643 INF [NET] PlayerDisconnected EntityID=-1, PltfmId='Steam_76561199592604427', CrossId='EOS_0002753503a044ba9e23a86db1dfcad5', OwnerID='Steam_76561199592604427', PlayerName='MelodyPops', ClientNumber='5'
2024-12-06T06:21:49 301708.644 WRN DynamicMusic: -1 was not in Bloodmoon state cache on disconnect
2024-12-06T06:21:49 301708.644 INF Client disconnected from dy mesh: Id: -1 Total: 0
2024-12-06T06:21:49 301708.644 INF Player disconnected: EntityID=-1, PltfmId='Steam_76561199592604427', CrossId='EOS_0002753503a044ba9e23a86db1dfcad5', OwnerID='Steam_76561199592604427', PlayerName='MelodyPops', ClientNumber='5'
2024-12-06T06:21:49 301708.644 INF Exited thread NCS_Writer_3_0
2024-12-06T06:21:49 301708.644 INF [EOS-ACS] FreeUser: EntityID=-1, PltfmId='Steam_76561199592604427', CrossId='EOS_0002753503a044ba9e23a86db1dfcad5', OwnerID='Steam_76561199592604427', PlayerName='MelodyPops', ClientNumber='5'
2024-12-06T06:21:49 301708.644 INF Exited thread NCS_Writer_3_1
2024-12-06T06:21:49 301708.644 INF Exited thread NCS_Reader_3_1
2024-12-06T06:21:49 301708.644 INF Exited thread NCS_Reader_3_0
2024-12-06T06:21:49 301708.644 ERR [EOS] [LogEOSAntiCheat - Error] [AntiCheatServer] [UnregisterClient-001] ClientHandle 0x5 not found.
2024-12-06T06:21:49 301708.644 ERR [EOS-ACS] Failed unregistering user: InvalidParameters
2024-12-06T06:21:50 301708.867 WRN DisconnectClient: Player EOS_0002753503a044ba9e23a86db1dfcad5 not found
2024-12-06T06:21:50 301708.877 INF From: UnityEngine.StackTraceUtility:ExtractStackTrace ()
ConnectionManager:DisconnectClient (ClientInfo,bool,bool)
GameUtils/<disconnectLater>d__49:MoveNext ()
UnityEngine.SetupCoroutine:InvokeMoveNext (System.Collections.IEnumerator,intptr)

2024-12-08T13:23:26 499804.888 INF NET: LiteNetLib: Connect from: 60.147.36.104:57341 / 1
2024-12-08T13:23:26 499804.894 INF [NET] PlayerConnected EntityID=-1, PltfmId='Local_<none>', CrossId='<unknown/none>', OwnerID='<unknown/none>', PlayerName='', ClientNumber='6'
2024-12-08T13:23:26 499804.896 INF Started thread NCS_Writer_1_0
2024-12-08T13:23:26 499804.896 INF Started thread NCS_Writer_1_1
2024-12-08T13:23:26 499804.896 INF Started thread NCS_Reader_1_1
2024-12-08T13:23:26 499804.897 INF Started thread NCS_Reader_1_0
2024-12-08T13:23:26 499805.198 INF NPPL.Read
2024-12-08T13:23:26 499805.257 INF PlayerLogin: A.Noob/V 1.1
2024-12-08T13:23:26 499805.258 INF Client IP: 60.147.36.104
2024-12-08T13:23:26 499805.258 INF [Auth] PlayerName authorization successful: EntityID=-1, PltfmId='Steam_76561198100914488', CrossId='EOS_00027a9951ab4c6f92ca81531860e778', OwnerID='<unknown/none>', PlayerName='A.Noob', ClientNumber='6'
2024-12-08T13:23:26 499805.258 INF [Auth] ServerState authorization successful: EntityID=-1, PltfmId='Steam_76561198100914488', CrossId='EOS_00027a9951ab4c6f92ca81531860e778', OwnerID='<unknown/none>', PlayerName='A.Noob', ClientNumber='6'
2024-12-08T13:23:26 499805.258 INF [Auth] MpHostAllowed authorization successful: EntityID=-1, PltfmId='Steam_76561198100914488', CrossId='EOS_00027a9951ab4c6f92ca81531860e778', OwnerID='<unknown/none>', PlayerName='A.Noob', ClientNumber='6'
2024-12-08T13:23:26 499805.258 INF [Auth] PlayerId authorization successful: EntityID=-1, PltfmId='Steam_76561198100914488', CrossId='EOS_00027a9951ab4c6f92ca81531860e778', OwnerID='<unknown/none>', PlayerName='A.Noob', ClientNumber='6'
2024-12-08T13:23:26 499805.258 INF [Auth] DuplicateUserId authorization successful: EntityID=-1, PltfmId='Steam_76561198100914488', CrossId='EOS_00027a9951ab4c6f92ca81531860e778', OwnerID='<unknown/none>', PlayerName='A.Noob', ClientNumber='6'
2024-12-08T13:23:26 499805.258 INF [Auth] VersionCheck authorization successful: EntityID=-1, PltfmId='Steam_76561198100914488', CrossId='EOS_00027a9951ab4c6f92ca81531860e778', OwnerID='<unknown/none>', PlayerName='A.Noob', ClientNumber='6'
2024-12-08T13:23:26 499805.258 INF [Auth] PlayerSlots authorization successful: EntityID=-1, PltfmId='Steam_76561198100914488', CrossId='EOS_00027a9951ab4c6f92ca81531860e778', OwnerID='<unknown/none>', PlayerName='A.Noob', ClientNumber='6'
2024-12-08T13:23:26 499805.258 INF [Auth] LegacyModAuthorizations authorization successful: EntityID=-1, PltfmId='Steam_76561198100914488', CrossId='EOS_00027a9951ab4c6f92ca81531860e778', OwnerID='<unknown/none>', PlayerName='A.Noob', ClientNumber='6'
2024-12-08T13:23:26 499805.258 INF [Steamworks.NET] Auth.AuthenticateUser()
2024-12-08T13:23:26 499805.266 INF [Steamworks.NET] Authenticating player: A.Noob SteamId: 76561198100914488 TicketLen: 1024 Result: k_EBeginAuthSessionResultOK
2024-12-08T13:23:27 499806.466 INF [Steamworks.NET] Authentication callback. ID: 76561198100914488, owner: 76561198100914488, result: k_EAuthSessionResponseOK
2024-12-08T13:23:27 499806.466 INF [Auth] PlatformAuth authorization successful: EntityID=-1, PltfmId='Steam_76561198100914488', CrossId='EOS_00027a9951ab4c6f92ca81531860e778', OwnerID='Steam_76561198100914488', PlayerName='A.Noob', ClientNumber='6'
2024-12-08T13:23:27 499806.466 INF [Auth] SteamFamily authorization successful: EntityID=-1, PltfmId='Steam_76561198100914488', CrossId='EOS_00027a9951ab4c6f92ca81531860e778', OwnerID='Steam_76561198100914488', PlayerName='A.Noob', ClientNumber='6'
2024-12-08T13:23:27 499806.466 INF [Auth] SteamGroups authorization successful: EntityID=-1, PltfmId='Steam_76561198100914488', CrossId='EOS_00027a9951ab4c6f92ca81531860e778', OwnerID='Steam_76561198100914488', PlayerName='A.Noob', ClientNumber='6'
2024-12-08T13:23:27 499806.466 INF [EOS] Verifying token for 00027a9951ab4c6f92ca81531860e778
2024-12-08T13:23:27 499806.671 INF [EOS] Device=, Platform=steam, AccType=Steam, AccId=76561198100914488, PUID=00027a9951ab4c6f92ca81531860e778
2024-12-08T13:23:28 499807.164 INF [EOS] Player may have active sanctions
2024-12-08T13:23:28 499807.164 INF [EOS] SanctionsQuery finished with: 0 sanctions
2024-12-08T13:23:28 499807.164 INF [Auth] CrossplatformAuth authorization successful: EntityID=-1, PltfmId='Steam_76561198100914488', CrossId='EOS_00027a9951ab4c6f92ca81531860e778', OwnerID='Steam_76561198100914488', PlayerName='A.Noob', ClientNumber='6'
2024-12-08T13:23:28 499807.164 INF [Auth] BansAndWhitelist authorization failed: EntityID=-1, PltfmId='Steam_76561198100914488', CrossId='EOS_00027a9951ab4c6f92ca81531860e778', OwnerID='Steam_76561198100914488', PlayerName='A.Noob', ClientNumber='6'
2024-12-08T13:23:28 499807.164 INF Kicking player (Not on whitelist): EntityID=-1, PltfmId='Steam_76561198100914488', CrossId='EOS_00027a9951ab4c6f92ca81531860e778', OwnerID='Steam_76561198100914488', PlayerName='A.Noob', ClientNumber='6'
2024-12-08T13:23:28 499807.378 INF NET: LiteNetLib: Client disconnect from: 60.147.36.104:57341 / 1 (RemoteConnectionClose)
2024-12-08T13:23:28 499807.408 INF NET: LiteNetLib: MT: Client disconnect from: 60.147.36.104:57341 / 1 (RemoteConnectionClose)
2024-12-08T13:23:28 499807.408 INF [NET] PlayerDisconnected EntityID=-1, PltfmId='Steam_76561198100914488', CrossId='EOS_00027a9951ab4c6f92ca81531860e778', OwnerID='Steam_76561198100914488', PlayerName='A.Noob', ClientNumber='6'
2024-12-08T13:23:28 499807.408 WRN DynamicMusic: -1 was not in Bloodmoon state cache on disconnect
2024-12-08T13:23:28 499807.408 INF Client disconnected from dy mesh: Id: -1 Total: 0
2024-12-08T13:23:28 499807.408 INF Player disconnected: EntityID=-1, PltfmId='Steam_76561198100914488', CrossId='EOS_00027a9951ab4c6f92ca81531860e778', OwnerID='Steam_76561198100914488', PlayerName='A.Noob', ClientNumber='6'
2024-12-08T13:23:28 499807.409 INF Exited thread NCS_Reader_1_0
2024-12-08T13:23:28 499807.409 INF Exited thread NCS_Writer_1_0
2024-12-08T13:23:28 499807.409 INF Exited thread NCS_Writer_1_1
2024-12-08T13:23:28 499807.409 INF Exited thread NCS_Reader_1_1
2024-12-08T13:23:28 499807.409 INF [EOS-ACS] FreeUser: EntityID=-1, PltfmId='Steam_76561198100914488', CrossId='EOS_00027a9951ab4c6f92ca81531860e778', OwnerID='Steam_76561198100914488', PlayerName='A.Noob', ClientNumber='6'
2024-12-08T13:23:28 499807.409 ERR [EOS] [LogEOSAntiCheat - Error] [AntiCheatServer] [UnregisterClient-001] ClientHandle 0x6 not found.
2024-12-08T13:23:28 499807.409 ERR [EOS-ACS] Failed unregistering user: InvalidParameters
2024-12-08T13:23:28 499807.702 WRN DisconnectClient: Player EOS_00027a9951ab4c6f92ca81531860e778 not found
2024-12-08T13:23:28 499807.706 INF From: UnityEngine.StackTraceUtility:ExtractStackTrace ()
ConnectionManager:DisconnectClient (ClientInfo,bool,bool)
GameUtils/<disconnectLater>d__49:MoveNext ()
UnityEngine.SetupCoroutine:InvokeMoveNext (System.Collections.IEnumerator,intptr)

